solid OpenSCAD_Model
  facet normal -0.0326009 -0.999468 0
    outer loop
      vertex 0 -10.75 3
      vertex 0.147157 -10.7548 75
      vertex 0 -10.75 75
    endloop
  endfacet
  facet normal -0.0326009 -0.999468 -0
    outer loop
      vertex 0.147157 -10.7548 75
      vertex 0 -10.75 3
      vertex 0.147157 -10.7548 3
    endloop
  endfacet
  facet normal -0.995184 -0.0980239 0
    outer loop
      vertex 2.24518 -12.8528 3
      vertex 2.23075 -12.7063 75
      vertex 2.23075 -12.7063 3
    endloop
  endfacet
  facet normal -0.995184 -0.0980239 0
    outer loop
      vertex 2.23075 -12.7063 75
      vertex 2.24518 -12.8528 3
      vertex 2.24518 -12.8528 75
    endloop
  endfacet
  facet normal -0.999464 -0.032727 0
    outer loop
      vertex 2.25 -13 3
      vertex 2.24518 -12.8528 75
      vertex 2.24518 -12.8528 3
    endloop
  endfacet
  facet normal -0.999464 -0.032727 0
    outer loop
      vertex 2.24518 -12.8528 75
      vertex 2.25 -13 3
      vertex 2.25 -13 75
    endloop
  endfacet
  facet normal -0.986653 -0.162835 0
    outer loop
      vertex 2.23075 -12.7063 3
      vertex 2.20677 -12.561 75
      vertex 2.20677 -12.561 3
    endloop
  endfacet
  facet normal -0.986653 -0.162835 0
    outer loop
      vertex 2.20677 -12.561 75
      vertex 2.23075 -12.7063 3
      vertex 2.23075 -12.7063 75
    endloop
  endfacet
  facet normal 0.973836 0.227251 0
    outer loop
      vertex -2.17333 -13.5823 75
      vertex -2.20677 -13.439 3
      vertex -2.20677 -13.439 75
    endloop
  endfacet
  facet normal 0.973836 0.227251 0
    outer loop
      vertex -2.20677 -13.439 3
      vertex -2.17333 -13.5823 75
      vertex -2.17333 -13.5823 3
    endloop
  endfacet
  facet normal -0.0978049 0.995206 0
    outer loop
      vertex 0.293683 -15.2308 3
      vertex 0.147157 -15.2452 75
      vertex 0.293683 -15.2308 75
    endloop
  endfacet
  facet normal -0.0978049 0.995206 0
    outer loop
      vertex 0.147157 -15.2452 75
      vertex 0.293683 -15.2308 3
      vertex 0.147157 -15.2452 3
    endloop
  endfacet
  facet normal 0.582651 0.812723 -0
    outer loop
      vertex -1.25003 -14.8708 3
      vertex -1.36971 -14.785 75
      vertex -1.25003 -14.8708 75
    endloop
  endfacet
  facet normal 0.582651 0.812723 0
    outer loop
      vertex -1.36971 -14.785 75
      vertex -1.25003 -14.8708 3
      vertex -1.36971 -14.785 3
    endloop
  endfacet
  facet normal -0.0326009 0.999468 0
    outer loop
      vertex 0.147157 -15.2452 3
      vertex 0 -15.25 75
      vertex 0.147157 -15.2452 75
    endloop
  endfacet
  facet normal -0.0326009 0.999468 0
    outer loop
      vertex 0 -15.25 75
      vertex 0.147157 -15.2452 3
      vertex 0 -15.25 3
    endloop
  endfacet
  facet normal -0.882014 0.471222 0
    outer loop
      vertex 1.94856 -14.125 3
      vertex 2.01796 -13.9951 75
      vertex 2.01796 -13.9951 3
    endloop
  endfacet
  facet normal -0.882014 0.471222 0
    outer loop
      vertex 2.01796 -13.9951 75
      vertex 1.94856 -14.125 3
      vertex 1.94856 -14.125 75
    endloop
  endfacet
  facet normal 0.986653 -0.162835 0
    outer loop
      vertex -2.23075 -12.7063 75
      vertex -2.20677 -12.561 3
      vertex -2.20677 -12.561 75
    endloop
  endfacet
  facet normal 0.986653 -0.162835 0
    outer loop
      vertex -2.20677 -12.561 3
      vertex -2.23075 -12.7063 75
      vertex -2.23075 -12.7063 3
    endloop
  endfacet
  facet normal 0.995184 -0.0980239 0
    outer loop
      vertex -2.24518 -12.8528 75
      vertex -2.23075 -12.7063 3
      vertex -2.23075 -12.7063 75
    endloop
  endfacet
  facet normal 0.995184 -0.0980239 0
    outer loop
      vertex -2.23075 -12.7063 3
      vertex -2.24518 -12.8528 75
      vertex -2.24518 -12.8528 3
    endloop
  endfacet
  facet normal -0.882014 -0.471222 0
    outer loop
      vertex 2.01796 -12.0049 3
      vertex 1.94856 -11.875 75
      vertex 1.94856 -11.875 3
    endloop
  endfacet
  facet normal -0.882014 -0.471222 0
    outer loop
      vertex 1.94856 -11.875 75
      vertex 2.01796 -12.0049 3
      vertex 2.01796 -12.0049 75
    endloop
  endfacet
  facet normal 0.935915 -0.352225 0
    outer loop
      vertex -2.13059 -12.2768 75
      vertex -2.07873 -12.139 3
      vertex -2.07873 -12.139 75
    endloop
  endfacet
  facet normal 0.935915 -0.352225 0
    outer loop
      vertex -2.07873 -12.139 3
      vertex -2.13059 -12.2768 75
      vertex -2.13059 -12.2768 3
    endloop
  endfacet
  facet normal -0.956943 -0.290275 0
    outer loop
      vertex 2.17333 -12.4177 3
      vertex 2.13059 -12.2768 75
      vertex 2.13059 -12.2768 3
    endloop
  endfacet
  facet normal -0.956943 -0.290275 0
    outer loop
      vertex 2.13059 -12.2768 75
      vertex 2.17333 -12.4177 3
      vertex 2.17333 -12.4177 75
    endloop
  endfacet
  facet normal 0.729982 0.683467 0
    outer loop
      vertex -1.59099 -14.591 75
      vertex -1.69164 -14.4835 3
      vertex -1.69164 -14.4835 75
    endloop
  endfacet
  facet normal 0.729982 0.683467 0
    outer loop
      vertex -1.69164 -14.4835 3
      vertex -1.59099 -14.591 75
      vertex -1.59099 -14.591 3
    endloop
  endfacet
  facet normal -0.812865 -0.582452 0
    outer loop
      vertex 1.87081 -11.75 3
      vertex 1.78504 -11.6303 75
      vertex 1.78504 -11.6303 3
    endloop
  endfacet
  facet normal -0.812865 -0.582452 0
    outer loop
      vertex 1.78504 -11.6303 75
      vertex 1.87081 -11.75 3
      vertex 1.87081 -11.75 75
    endloop
  endfacet
  facet normal 0.412339 0.911031 -0
    outer loop
      vertex -0.861037 -15.0787 3
      vertex -0.995149 -15.018 75
      vertex -0.861037 -15.0787 75
    endloop
  endfacet
  facet normal 0.412339 0.911031 0
    outer loop
      vertex -0.995149 -15.018 75
      vertex -0.861037 -15.0787 3
      vertex -0.995149 -15.018 3
    endloop
  endfacet
  facet normal -0.772988 0.634421 0
    outer loop
      vertex 1.69164 -14.4835 3
      vertex 1.78504 -14.3697 75
      vertex 1.78504 -14.3697 3
    endloop
  endfacet
  facet normal -0.772988 0.634421 0
    outer loop
      vertex 1.78504 -14.3697 75
      vertex 1.69164 -14.4835 3
      vertex 1.69164 -14.4835 75
    endloop
  endfacet
  facet normal -0.910838 -0.412764 0
    outer loop
      vertex 2.07873 -12.139 3
      vertex 2.01796 -12.0049 75
      vertex 2.01796 -12.0049 3
    endloop
  endfacet
  facet normal -0.910838 -0.412764 0
    outer loop
      vertex 2.01796 -12.0049 75
      vertex 2.07873 -12.139 3
      vertex 2.07873 -12.139 75
    endloop
  endfacet
  facet normal -0.999464 0.032727 0
    outer loop
      vertex 2.24518 -13.1472 3
      vertex 2.25 -13 75
      vertex 2.25 -13 3
    endloop
  endfacet
  facet normal -0.999464 0.032727 0
    outer loop
      vertex 2.25 -13 75
      vertex 2.24518 -13.1472 3
      vertex 2.24518 -13.1472 75
    endloop
  endfacet
  facet normal 0.582651 -0.812723 0
    outer loop
      vertex -1.36971 -11.215 3
      vertex -1.25003 -11.1292 75
      vertex -1.36971 -11.215 75
    endloop
  endfacet
  facet normal 0.582651 -0.812723 0
    outer loop
      vertex -1.25003 -11.1292 75
      vertex -1.36971 -11.215 3
      vertex -1.25003 -11.1292 3
    endloop
  endfacet
  facet normal 0.849141 0.528166 0
    outer loop
      vertex -1.87081 -14.25 75
      vertex -1.94856 -14.125 3
      vertex -1.94856 -14.125 75
    endloop
  endfacet
  facet normal 0.849141 0.528166 0
    outer loop
      vertex -1.94856 -14.125 3
      vertex -1.87081 -14.25 75
      vertex -1.87081 -14.25 3
    endloop
  endfacet
  facet normal 0.935915 0.352225 0
    outer loop
      vertex -2.07873 -13.861 75
      vertex -2.13059 -13.7232 3
      vertex -2.13059 -13.7232 75
    endloop
  endfacet
  facet normal 0.935915 0.352225 0
    outer loop
      vertex -2.13059 -13.7232 3
      vertex -2.07873 -13.861 75
      vertex -2.07873 -13.861 3
    endloop
  endfacet
  facet normal -0.849141 -0.528166 0
    outer loop
      vertex 1.94856 -11.875 3
      vertex 1.87081 -11.75 75
      vertex 1.87081 -11.75 3
    endloop
  endfacet
  facet normal -0.849141 -0.528166 0
    outer loop
      vertex 1.87081 -11.75 75
      vertex 1.94856 -11.875 3
      vertex 1.94856 -11.875 75
    endloop
  endfacet
  facet normal 0.683421 -0.730024 0
    outer loop
      vertex -1.59099 -11.409 3
      vertex -1.48353 -11.3084 75
      vertex -1.59099 -11.409 75
    endloop
  endfacet
  facet normal 0.683421 -0.730024 0
    outer loop
      vertex -1.48353 -11.3084 75
      vertex -1.59099 -11.409 3
      vertex -1.48353 -11.3084 3
    endloop
  endfacet
  facet normal -0.352465 -0.935825 0
    outer loop
      vertex 0.723238 -10.8694 3
      vertex 0.861037 -10.9213 75
      vertex 0.723238 -10.8694 75
    endloop
  endfacet
  facet normal -0.352465 -0.935825 -0
    outer loop
      vertex 0.861037 -10.9213 75
      vertex 0.723238 -10.8694 3
      vertex 0.861037 -10.9213 3
    endloop
  endfacet
  facet normal -0.227502 0.973778 0
    outer loop
      vertex 0.582342 -15.1733 3
      vertex 0.438952 -15.2068 75
      vertex 0.582342 -15.1733 75
    endloop
  endfacet
  facet normal -0.227502 0.973778 0
    outer loop
      vertex 0.438952 -15.2068 75
      vertex 0.582342 -15.1733 3
      vertex 0.438952 -15.2068 3
    endloop
  endfacet
  facet normal -0.528319 0.849046 0
    outer loop
      vertex 1.25003 -14.8708 3
      vertex 1.125 -14.9486 75
      vertex 1.25003 -14.8708 75
    endloop
  endfacet
  facet normal -0.528319 0.849046 0
    outer loop
      vertex 1.125 -14.9486 75
      vertex 1.25003 -14.8708 3
      vertex 1.125 -14.9486 3
    endloop
  endfacet
  facet normal 0.412339 -0.911031 0
    outer loop
      vertex -0.995149 -10.982 3
      vertex -0.861037 -10.9213 75
      vertex -0.995149 -10.982 75
    endloop
  endfacet
  facet normal 0.412339 -0.911031 0
    outer loop
      vertex -0.861037 -10.9213 75
      vertex -0.995149 -10.982 3
      vertex -0.861037 -10.9213 3
    endloop
  endfacet
  facet normal -0.582651 -0.812723 0
    outer loop
      vertex 1.25003 -11.1292 3
      vertex 1.36971 -11.215 75
      vertex 1.25003 -11.1292 75
    endloop
  endfacet
  facet normal -0.582651 -0.812723 -0
    outer loop
      vertex 1.36971 -11.215 75
      vertex 1.25003 -11.1292 3
      vertex 1.36971 -11.215 3
    endloop
  endfacet
  facet normal 0.634354 -0.773043 0
    outer loop
      vertex -1.48353 -11.3084 3
      vertex -1.36971 -11.215 75
      vertex -1.48353 -11.3084 75
    endloop
  endfacet
  facet normal 0.634354 -0.773043 0
    outer loop
      vertex -1.36971 -11.215 75
      vertex -1.48353 -11.3084 3
      vertex -1.36971 -11.215 3
    endloop
  endfacet
  facet normal 0.290034 0.957016 -0
    outer loop
      vertex -0.582342 -15.1733 3
      vertex -0.723238 -15.1306 75
      vertex -0.582342 -15.1733 75
    endloop
  endfacet
  facet normal 0.290034 0.957016 0
    outer loop
      vertex -0.723238 -15.1306 75
      vertex -0.582342 -15.1733 3
      vertex -0.723238 -15.1306 3
    endloop
  endfacet
  facet normal -0.973836 0.227251 0
    outer loop
      vertex 2.17333 -13.5823 3
      vertex 2.20677 -13.439 75
      vertex 2.20677 -13.439 3
    endloop
  endfacet
  facet normal -0.973836 0.227251 0
    outer loop
      vertex 2.20677 -13.439 75
      vertex 2.17333 -13.5823 3
      vertex 2.17333 -13.5823 75
    endloop
  endfacet
  facet normal 0.0978049 0.995206 -0
    outer loop
      vertex -0.147157 -15.2452 3
      vertex -0.293683 -15.2308 75
      vertex -0.147157 -15.2452 75
    endloop
  endfacet
  facet normal 0.0978049 0.995206 0
    outer loop
      vertex -0.293683 -15.2308 75
      vertex -0.147157 -15.2452 3
      vertex -0.293683 -15.2308 3
    endloop
  endfacet
  facet normal -0.528319 -0.849046 0
    outer loop
      vertex 1.125 -11.0514 3
      vertex 1.25003 -11.1292 75
      vertex 1.125 -11.0514 75
    endloop
  endfacet
  facet normal -0.528319 -0.849046 -0
    outer loop
      vertex 1.25003 -11.1292 75
      vertex 1.125 -11.0514 3
      vertex 1.25003 -11.1292 3
    endloop
  endfacet
  facet normal -0.973836 -0.227251 0
    outer loop
      vertex 2.20677 -12.561 3
      vertex 2.17333 -12.4177 75
      vertex 2.17333 -12.4177 3
    endloop
  endfacet
  facet normal -0.973836 -0.227251 0
    outer loop
      vertex 2.17333 -12.4177 75
      vertex 2.20677 -12.561 3
      vertex 2.20677 -12.561 75
    endloop
  endfacet
  facet normal -0.471361 -0.88194 0
    outer loop
      vertex 0.995149 -10.982 3
      vertex 1.125 -11.0514 75
      vertex 0.995149 -10.982 75
    endloop
  endfacet
  facet normal -0.471361 -0.88194 -0
    outer loop
      vertex 1.125 -11.0514 75
      vertex 0.995149 -10.982 3
      vertex 1.125 -11.0514 3
    endloop
  endfacet
  facet normal -0.935915 0.352225 0
    outer loop
      vertex 2.07873 -13.861 3
      vertex 2.13059 -13.7232 75
      vertex 2.13059 -13.7232 3
    endloop
  endfacet
  facet normal -0.935915 0.352225 0
    outer loop
      vertex 2.13059 -13.7232 75
      vertex 2.07873 -13.861 3
      vertex 2.07873 -13.861 75
    endloop
  endfacet
  facet normal -0.812865 0.582452 0
    outer loop
      vertex 1.78504 -14.3697 3
      vertex 1.87081 -14.25 75
      vertex 1.87081 -14.25 3
    endloop
  endfacet
  facet normal -0.812865 0.582452 0
    outer loop
      vertex 1.87081 -14.25 75
      vertex 1.78504 -14.3697 3
      vertex 1.78504 -14.3697 75
    endloop
  endfacet
  facet normal -0.471361 0.88194 0
    outer loop
      vertex 1.125 -14.9486 3
      vertex 0.995149 -15.018 75
      vertex 1.125 -14.9486 75
    endloop
  endfacet
  facet normal -0.471361 0.88194 0
    outer loop
      vertex 0.995149 -15.018 75
      vertex 1.125 -14.9486 3
      vertex 0.995149 -15.018 3
    endloop
  endfacet
  facet normal -0.910838 0.412764 0
    outer loop
      vertex 2.01796 -13.9951 3
      vertex 2.07873 -13.861 75
      vertex 2.07873 -13.861 3
    endloop
  endfacet
  facet normal -0.910838 0.412764 0
    outer loop
      vertex 2.07873 -13.861 75
      vertex 2.01796 -13.9951 3
      vertex 2.01796 -13.9951 75
    endloop
  endfacet
  facet normal -0.683421 -0.730024 0
    outer loop
      vertex 1.48353 -11.3084 3
      vertex 1.59099 -11.409 75
      vertex 1.48353 -11.3084 75
    endloop
  endfacet
  facet normal -0.683421 -0.730024 -0
    outer loop
      vertex 1.59099 -11.409 75
      vertex 1.48353 -11.3084 3
      vertex 1.59099 -11.409 3
    endloop
  endfacet
  facet normal 0.352465 -0.935825 0
    outer loop
      vertex -0.861037 -10.9213 3
      vertex -0.723238 -10.8694 75
      vertex -0.861037 -10.9213 75
    endloop
  endfacet
  facet normal 0.352465 -0.935825 0
    outer loop
      vertex -0.723238 -10.8694 75
      vertex -0.861037 -10.9213 3
      vertex -0.723238 -10.8694 3
    endloop
  endfacet
  facet normal 0.528319 -0.849046 0
    outer loop
      vertex -1.25003 -11.1292 3
      vertex -1.125 -11.0514 75
      vertex -1.25003 -11.1292 75
    endloop
  endfacet
  facet normal 0.528319 -0.849046 0
    outer loop
      vertex -1.125 -11.0514 75
      vertex -1.25003 -11.1292 3
      vertex -1.125 -11.0514 3
    endloop
  endfacet
  facet normal 0.352465 0.935825 -0
    outer loop
      vertex -0.723238 -15.1306 3
      vertex -0.861037 -15.0787 75
      vertex -0.723238 -15.1306 75
    endloop
  endfacet
  facet normal 0.352465 0.935825 0
    outer loop
      vertex -0.861037 -15.0787 75
      vertex -0.723238 -15.1306 3
      vertex -0.861037 -15.0787 3
    endloop
  endfacet
  facet normal 0.849141 -0.528166 0
    outer loop
      vertex -1.94856 -11.875 75
      vertex -1.87081 -11.75 3
      vertex -1.87081 -11.75 75
    endloop
  endfacet
  facet normal 0.849141 -0.528166 0
    outer loop
      vertex -1.87081 -11.75 3
      vertex -1.94856 -11.875 75
      vertex -1.94856 -11.875 3
    endloop
  endfacet
  facet normal -0.935915 -0.352225 0
    outer loop
      vertex 2.13059 -12.2768 3
      vertex 2.07873 -12.139 75
      vertex 2.07873 -12.139 3
    endloop
  endfacet
  facet normal -0.935915 -0.352225 0
    outer loop
      vertex 2.07873 -12.139 75
      vertex 2.13059 -12.2768 3
      vertex 2.13059 -12.2768 75
    endloop
  endfacet
  facet normal 0.973836 -0.227251 0
    outer loop
      vertex -2.20677 -12.561 75
      vertex -2.17333 -12.4177 3
      vertex -2.17333 -12.4177 75
    endloop
  endfacet
  facet normal 0.973836 -0.227251 0
    outer loop
      vertex -2.17333 -12.4177 3
      vertex -2.20677 -12.561 75
      vertex -2.20677 -12.561 3
    endloop
  endfacet
  facet normal -0.956943 0.290275 0
    outer loop
      vertex 2.13059 -13.7232 3
      vertex 2.17333 -13.5823 75
      vertex 2.17333 -13.5823 3
    endloop
  endfacet
  facet normal -0.956943 0.290275 0
    outer loop
      vertex 2.17333 -13.5823 75
      vertex 2.13059 -13.7232 3
      vertex 2.13059 -13.7232 75
    endloop
  endfacet
  facet normal -0.683421 0.730024 0
    outer loop
      vertex 1.59099 -14.591 3
      vertex 1.48353 -14.6916 75
      vertex 1.59099 -14.591 75
    endloop
  endfacet
  facet normal -0.683421 0.730024 0
    outer loop
      vertex 1.48353 -14.6916 75
      vertex 1.59099 -14.591 3
      vertex 1.48353 -14.6916 3
    endloop
  endfacet
  facet normal -0.412339 -0.911031 0
    outer loop
      vertex 0.861037 -10.9213 3
      vertex 0.995149 -10.982 75
      vertex 0.861037 -10.9213 75
    endloop
  endfacet
  facet normal -0.412339 -0.911031 -0
    outer loop
      vertex 0.995149 -10.982 75
      vertex 0.861037 -10.9213 3
      vertex 0.995149 -10.982 3
    endloop
  endfacet
  facet normal -0.227502 -0.973778 0
    outer loop
      vertex 0.438952 -10.7932 3
      vertex 0.582342 -10.8267 75
      vertex 0.438952 -10.7932 75
    endloop
  endfacet
  facet normal -0.227502 -0.973778 -0
    outer loop
      vertex 0.582342 -10.8267 75
      vertex 0.438952 -10.7932 3
      vertex 0.582342 -10.8267 3
    endloop
  endfacet
  facet normal 0.812865 0.582452 0
    outer loop
      vertex -1.78504 -14.3697 75
      vertex -1.87081 -14.25 3
      vertex -1.87081 -14.25 75
    endloop
  endfacet
  facet normal 0.812865 0.582452 0
    outer loop
      vertex -1.87081 -14.25 3
      vertex -1.78504 -14.3697 75
      vertex -1.78504 -14.3697 3
    endloop
  endfacet
  facet normal -0.729982 0.683467 0
    outer loop
      vertex 1.59099 -14.591 3
      vertex 1.69164 -14.4835 75
      vertex 1.69164 -14.4835 3
    endloop
  endfacet
  facet normal -0.729982 0.683467 0
    outer loop
      vertex 1.69164 -14.4835 75
      vertex 1.59099 -14.591 3
      vertex 1.59099 -14.591 75
    endloop
  endfacet
  facet normal 0.0326009 -0.999468 0
    outer loop
      vertex -0.147157 -10.7548 3
      vertex 0 -10.75 75
      vertex -0.147157 -10.7548 75
    endloop
  endfacet
  facet normal 0.0326009 -0.999468 0
    outer loop
      vertex 0 -10.75 75
      vertex -0.147157 -10.7548 3
      vertex 0 -10.75 3
    endloop
  endfacet
  facet normal 0.999464 0.032727 0
    outer loop
      vertex -2.24518 -13.1472 75
      vertex -2.25 -13 3
      vertex -2.25 -13 75
    endloop
  endfacet
  facet normal 0.999464 0.032727 0
    outer loop
      vertex -2.25 -13 3
      vertex -2.24518 -13.1472 75
      vertex -2.24518 -13.1472 3
    endloop
  endfacet
  facet normal -0.772988 -0.634421 0
    outer loop
      vertex 1.78504 -11.6303 3
      vertex 1.69164 -11.5165 75
      vertex 1.69164 -11.5165 3
    endloop
  endfacet
  facet normal -0.772988 -0.634421 0
    outer loop
      vertex 1.69164 -11.5165 75
      vertex 1.78504 -11.6303 3
      vertex 1.78504 -11.6303 75
    endloop
  endfacet
  facet normal 0.995184 0.0980239 0
    outer loop
      vertex -2.23075 -13.2937 75
      vertex -2.24518 -13.1472 3
      vertex -2.24518 -13.1472 75
    endloop
  endfacet
  facet normal 0.995184 0.0980239 0
    outer loop
      vertex -2.24518 -13.1472 3
      vertex -2.23075 -13.2937 75
      vertex -2.23075 -13.2937 3
    endloop
  endfacet
  facet normal 0.986653 0.162835 0
    outer loop
      vertex -2.20677 -13.439 75
      vertex -2.23075 -13.2937 3
      vertex -2.23075 -13.2937 75
    endloop
  endfacet
  facet normal 0.986653 0.162835 0
    outer loop
      vertex -2.23075 -13.2937 3
      vertex -2.20677 -13.439 75
      vertex -2.20677 -13.439 3
    endloop
  endfacet
  facet normal -0.352465 0.935825 0
    outer loop
      vertex 0.861037 -15.0787 3
      vertex 0.723238 -15.1306 75
      vertex 0.861037 -15.0787 75
    endloop
  endfacet
  facet normal -0.352465 0.935825 0
    outer loop
      vertex 0.723238 -15.1306 75
      vertex 0.861037 -15.0787 3
      vertex 0.723238 -15.1306 3
    endloop
  endfacet
  facet normal 0.0978049 -0.995206 0
    outer loop
      vertex -0.293683 -10.7692 3
      vertex -0.147157 -10.7548 75
      vertex -0.293683 -10.7692 75
    endloop
  endfacet
  facet normal 0.0978049 -0.995206 0
    outer loop
      vertex -0.147157 -10.7548 75
      vertex -0.293683 -10.7692 3
      vertex -0.147157 -10.7548 3
    endloop
  endfacet
  facet normal 0.910838 0.412764 0
    outer loop
      vertex -2.01796 -13.9951 75
      vertex -2.07873 -13.861 3
      vertex -2.07873 -13.861 75
    endloop
  endfacet
  facet normal 0.910838 0.412764 0
    outer loop
      vertex -2.07873 -13.861 3
      vertex -2.01796 -13.9951 75
      vertex -2.01796 -13.9951 3
    endloop
  endfacet
  facet normal -0.290034 0.957016 0
    outer loop
      vertex 0.723238 -15.1306 3
      vertex 0.582342 -15.1733 75
      vertex 0.723238 -15.1306 75
    endloop
  endfacet
  facet normal -0.290034 0.957016 0
    outer loop
      vertex 0.582342 -15.1733 75
      vertex 0.723238 -15.1306 3
      vertex 0.582342 -15.1733 3
    endloop
  endfacet
  facet normal -0.849141 0.528166 0
    outer loop
      vertex 1.87081 -14.25 3
      vertex 1.94856 -14.125 75
      vertex 1.94856 -14.125 3
    endloop
  endfacet
  facet normal -0.849141 0.528166 0
    outer loop
      vertex 1.94856 -14.125 75
      vertex 1.87081 -14.25 3
      vertex 1.87081 -14.25 75
    endloop
  endfacet
  facet normal -0.729982 -0.683467 0
    outer loop
      vertex 1.69164 -11.5165 3
      vertex 1.59099 -11.409 75
      vertex 1.59099 -11.409 3
    endloop
  endfacet
  facet normal -0.729982 -0.683467 0
    outer loop
      vertex 1.59099 -11.409 75
      vertex 1.69164 -11.5165 3
      vertex 1.69164 -11.5165 75
    endloop
  endfacet
  facet normal -0.0978049 -0.995206 0
    outer loop
      vertex 0.147157 -10.7548 3
      vertex 0.293683 -10.7692 75
      vertex 0.147157 -10.7548 75
    endloop
  endfacet
  facet normal -0.0978049 -0.995206 -0
    outer loop
      vertex 0.293683 -10.7692 75
      vertex 0.147157 -10.7548 3
      vertex 0.293683 -10.7692 3
    endloop
  endfacet
  facet normal -0.634354 -0.773043 0
    outer loop
      vertex 1.36971 -11.215 3
      vertex 1.48353 -11.3084 75
      vertex 1.36971 -11.215 75
    endloop
  endfacet
  facet normal -0.634354 -0.773043 -0
    outer loop
      vertex 1.48353 -11.3084 75
      vertex 1.36971 -11.215 3
      vertex 1.48353 -11.3084 3
    endloop
  endfacet
  facet normal 0.290034 -0.957016 0
    outer loop
      vertex -0.723238 -10.8694 3
      vertex -0.582342 -10.8267 75
      vertex -0.723238 -10.8694 75
    endloop
  endfacet
  facet normal 0.290034 -0.957016 0
    outer loop
      vertex -0.582342 -10.8267 75
      vertex -0.723238 -10.8694 3
      vertex -0.582342 -10.8267 3
    endloop
  endfacet
  facet normal -0.634354 0.773043 0
    outer loop
      vertex 1.48353 -14.6916 3
      vertex 1.36971 -14.785 75
      vertex 1.48353 -14.6916 75
    endloop
  endfacet
  facet normal -0.634354 0.773043 0
    outer loop
      vertex 1.36971 -14.785 75
      vertex 1.48353 -14.6916 3
      vertex 1.36971 -14.785 3
    endloop
  endfacet
  facet normal 0.163001 -0.986626 0
    outer loop
      vertex -0.438952 -10.7932 3
      vertex -0.293683 -10.7692 75
      vertex -0.438952 -10.7932 75
    endloop
  endfacet
  facet normal 0.163001 -0.986626 0
    outer loop
      vertex -0.293683 -10.7692 75
      vertex -0.438952 -10.7932 3
      vertex -0.293683 -10.7692 3
    endloop
  endfacet
  facet normal 0.528319 0.849046 -0
    outer loop
      vertex -1.125 -14.9486 3
      vertex -1.25003 -14.8708 75
      vertex -1.125 -14.9486 75
    endloop
  endfacet
  facet normal 0.528319 0.849046 0
    outer loop
      vertex -1.25003 -14.8708 75
      vertex -1.125 -14.9486 3
      vertex -1.25003 -14.8708 3
    endloop
  endfacet
  facet normal 0.163001 0.986626 -0
    outer loop
      vertex -0.293683 -15.2308 3
      vertex -0.438952 -15.2068 75
      vertex -0.293683 -15.2308 75
    endloop
  endfacet
  facet normal 0.163001 0.986626 0
    outer loop
      vertex -0.438952 -15.2068 75
      vertex -0.293683 -15.2308 3
      vertex -0.438952 -15.2068 3
    endloop
  endfacet
  facet normal -0.163001 0.986626 0
    outer loop
      vertex 0.438952 -15.2068 3
      vertex 0.293683 -15.2308 75
      vertex 0.438952 -15.2068 75
    endloop
  endfacet
  facet normal -0.163001 0.986626 0
    outer loop
      vertex 0.293683 -15.2308 75
      vertex 0.438952 -15.2068 3
      vertex 0.293683 -15.2308 3
    endloop
  endfacet
  facet normal -0.995184 0.0980239 0
    outer loop
      vertex 2.23075 -13.2937 3
      vertex 2.24518 -13.1472 75
      vertex 2.24518 -13.1472 3
    endloop
  endfacet
  facet normal -0.995184 0.0980239 0
    outer loop
      vertex 2.24518 -13.1472 75
      vertex 2.23075 -13.2937 3
      vertex 2.23075 -13.2937 75
    endloop
  endfacet
  facet normal -0.986653 0.162835 0
    outer loop
      vertex 2.20677 -13.439 3
      vertex 2.23075 -13.2937 75
      vertex 2.23075 -13.2937 3
    endloop
  endfacet
  facet normal -0.986653 0.162835 0
    outer loop
      vertex 2.23075 -13.2937 75
      vertex 2.20677 -13.439 3
      vertex 2.20677 -13.439 75
    endloop
  endfacet
  facet normal 0.683421 0.730024 -0
    outer loop
      vertex -1.48353 -14.6916 3
      vertex -1.59099 -14.591 75
      vertex -1.48353 -14.6916 75
    endloop
  endfacet
  facet normal 0.683421 0.730024 0
    outer loop
      vertex -1.59099 -14.591 75
      vertex -1.48353 -14.6916 3
      vertex -1.59099 -14.591 3
    endloop
  endfacet
  facet normal 0.999464 -0.032727 0
    outer loop
      vertex -2.25 -13 75
      vertex -2.24518 -12.8528 3
      vertex -2.24518 -12.8528 75
    endloop
  endfacet
  facet normal 0.999464 -0.032727 0
    outer loop
      vertex -2.24518 -12.8528 3
      vertex -2.25 -13 75
      vertex -2.25 -13 3
    endloop
  endfacet
  facet normal 0.956943 0.290275 0
    outer loop
      vertex -2.13059 -13.7232 75
      vertex -2.17333 -13.5823 3
      vertex -2.17333 -13.5823 75
    endloop
  endfacet
  facet normal 0.956943 0.290275 0
    outer loop
      vertex -2.17333 -13.5823 3
      vertex -2.13059 -13.7232 75
      vertex -2.13059 -13.7232 3
    endloop
  endfacet
  facet normal -0.412339 0.911031 0
    outer loop
      vertex 0.995149 -15.018 3
      vertex 0.861037 -15.0787 75
      vertex 0.995149 -15.018 75
    endloop
  endfacet
  facet normal -0.412339 0.911031 0
    outer loop
      vertex 0.861037 -15.0787 75
      vertex 0.995149 -15.018 3
      vertex 0.861037 -15.0787 3
    endloop
  endfacet
  facet normal 0.772988 -0.634421 0
    outer loop
      vertex -1.78504 -11.6303 75
      vertex -1.69164 -11.5165 3
      vertex -1.69164 -11.5165 75
    endloop
  endfacet
  facet normal 0.772988 -0.634421 0
    outer loop
      vertex -1.69164 -11.5165 3
      vertex -1.78504 -11.6303 75
      vertex -1.78504 -11.6303 3
    endloop
  endfacet
  facet normal 0.772988 0.634421 0
    outer loop
      vertex -1.69164 -14.4835 75
      vertex -1.78504 -14.3697 3
      vertex -1.78504 -14.3697 75
    endloop
  endfacet
  facet normal 0.772988 0.634421 0
    outer loop
      vertex -1.78504 -14.3697 3
      vertex -1.69164 -14.4835 75
      vertex -1.69164 -14.4835 3
    endloop
  endfacet
  facet normal 0.882014 -0.471222 0
    outer loop
      vertex -2.01796 -12.0049 75
      vertex -1.94856 -11.875 3
      vertex -1.94856 -11.875 75
    endloop
  endfacet
  facet normal 0.882014 -0.471222 0
    outer loop
      vertex -1.94856 -11.875 3
      vertex -2.01796 -12.0049 75
      vertex -2.01796 -12.0049 3
    endloop
  endfacet
  facet normal 0.0326009 0.999468 -0
    outer loop
      vertex 0 -15.25 3
      vertex -0.147157 -15.2452 75
      vertex 0 -15.25 75
    endloop
  endfacet
  facet normal 0.0326009 0.999468 0
    outer loop
      vertex -0.147157 -15.2452 75
      vertex 0 -15.25 3
      vertex -0.147157 -15.2452 3
    endloop
  endfacet
  facet normal -0.582651 0.812723 0
    outer loop
      vertex 1.36971 -14.785 3
      vertex 1.25003 -14.8708 75
      vertex 1.36971 -14.785 75
    endloop
  endfacet
  facet normal -0.582651 0.812723 0
    outer loop
      vertex 1.25003 -14.8708 75
      vertex 1.36971 -14.785 3
      vertex 1.25003 -14.8708 3
    endloop
  endfacet
  facet normal -0.163001 -0.986626 0
    outer loop
      vertex 0.293683 -10.7692 3
      vertex 0.438952 -10.7932 75
      vertex 0.293683 -10.7692 75
    endloop
  endfacet
  facet normal -0.163001 -0.986626 -0
    outer loop
      vertex 0.438952 -10.7932 75
      vertex 0.293683 -10.7692 3
      vertex 0.438952 -10.7932 3
    endloop
  endfacet
  facet normal 0.956943 -0.290275 0
    outer loop
      vertex -2.17333 -12.4177 75
      vertex -2.13059 -12.2768 3
      vertex -2.13059 -12.2768 75
    endloop
  endfacet
  facet normal 0.956943 -0.290275 0
    outer loop
      vertex -2.13059 -12.2768 3
      vertex -2.17333 -12.4177 75
      vertex -2.17333 -12.4177 3
    endloop
  endfacet
  facet normal 0.227502 -0.973778 0
    outer loop
      vertex -0.582342 -10.8267 3
      vertex -0.438952 -10.7932 75
      vertex -0.582342 -10.8267 75
    endloop
  endfacet
  facet normal 0.227502 -0.973778 0
    outer loop
      vertex -0.438952 -10.7932 75
      vertex -0.582342 -10.8267 3
      vertex -0.438952 -10.7932 3
    endloop
  endfacet
  facet normal 0.812865 -0.582452 0
    outer loop
      vertex -1.87081 -11.75 75
      vertex -1.78504 -11.6303 3
      vertex -1.78504 -11.6303 75
    endloop
  endfacet
  facet normal 0.812865 -0.582452 0
    outer loop
      vertex -1.78504 -11.6303 3
      vertex -1.87081 -11.75 75
      vertex -1.87081 -11.75 3
    endloop
  endfacet
  facet normal 0.882014 0.471222 0
    outer loop
      vertex -1.94856 -14.125 75
      vertex -2.01796 -13.9951 3
      vertex -2.01796 -13.9951 75
    endloop
  endfacet
  facet normal 0.882014 0.471222 0
    outer loop
      vertex -2.01796 -13.9951 3
      vertex -1.94856 -14.125 75
      vertex -1.94856 -14.125 3
    endloop
  endfacet
  facet normal 0.729982 -0.683467 0
    outer loop
      vertex -1.69164 -11.5165 75
      vertex -1.59099 -11.409 3
      vertex -1.59099 -11.409 75
    endloop
  endfacet
  facet normal 0.729982 -0.683467 0
    outer loop
      vertex -1.59099 -11.409 3
      vertex -1.69164 -11.5165 75
      vertex -1.69164 -11.5165 3
    endloop
  endfacet
  facet normal 0.634354 0.773043 -0
    outer loop
      vertex -1.36971 -14.785 3
      vertex -1.48353 -14.6916 75
      vertex -1.36971 -14.785 75
    endloop
  endfacet
  facet normal 0.634354 0.773043 0
    outer loop
      vertex -1.48353 -14.6916 75
      vertex -1.36971 -14.785 3
      vertex -1.48353 -14.6916 3
    endloop
  endfacet
  facet normal 0.910838 -0.412764 0
    outer loop
      vertex -2.07873 -12.139 75
      vertex -2.01796 -12.0049 3
      vertex -2.01796 -12.0049 75
    endloop
  endfacet
  facet normal 0.910838 -0.412764 0
    outer loop
      vertex -2.01796 -12.0049 3
      vertex -2.07873 -12.139 75
      vertex -2.07873 -12.139 3
    endloop
  endfacet
  facet normal 0.227502 0.973778 -0
    outer loop
      vertex -0.438952 -15.2068 3
      vertex -0.582342 -15.1733 75
      vertex -0.438952 -15.2068 75
    endloop
  endfacet
  facet normal 0.227502 0.973778 0
    outer loop
      vertex -0.582342 -15.1733 75
      vertex -0.438952 -15.2068 3
      vertex -0.582342 -15.1733 3
    endloop
  endfacet
  facet normal -0.290034 -0.957016 0
    outer loop
      vertex 0.582342 -10.8267 3
      vertex 0.723238 -10.8694 75
      vertex 0.582342 -10.8267 75
    endloop
  endfacet
  facet normal -0.290034 -0.957016 -0
    outer loop
      vertex 0.723238 -10.8694 75
      vertex 0.582342 -10.8267 3
      vertex 0.723238 -10.8694 3
    endloop
  endfacet
  facet normal 0.471361 -0.88194 0
    outer loop
      vertex -1.125 -11.0514 3
      vertex -0.995149 -10.982 75
      vertex -1.125 -11.0514 75
    endloop
  endfacet
  facet normal 0.471361 -0.88194 0
    outer loop
      vertex -0.995149 -10.982 75
      vertex -1.125 -11.0514 3
      vertex -0.995149 -10.982 3
    endloop
  endfacet
  facet normal 0.471361 0.88194 -0
    outer loop
      vertex -0.995149 -15.018 3
      vertex -1.125 -14.9486 75
      vertex -0.995149 -15.018 75
    endloop
  endfacet
  facet normal 0.471361 0.88194 0
    outer loop
      vertex -1.125 -14.9486 75
      vertex -0.995149 -15.018 3
      vertex -1.125 -14.9486 3
    endloop
  endfacet
  facet normal -0.330377 0.728758 0.599802
    outer loop
      vertex 1.72207 -17.1575 3
      vertex 1.9903 -17.0359 3
      vertex 0.861037 -15.0787 0
    endloop
  endfacet
  facet normal 0.650414 -0.466048 0.5998
    outer loop
      vertex -1.87081 -11.75 0
      vertex -1.78504 -11.6303 0
      vertex -3.74161 -10.4999 3
    endloop
  endfacet
  facet normal 0.799726 0.0261684 0.599795
    outer loop
      vertex -4.49037 -13.2943 3
      vertex -2.25 -13 0
      vertex -4.5 -13 3
    endloop
  endfacet
  facet normal -0.799726 -0.0261684 0.599795
    outer loop
      vertex 4.5 -13 3
      vertex 4.49037 -12.7057 3
      vertex 2.25 -13 0
    endloop
  endfacet
  facet normal -0.799725 -0.0261866 0.599795
    outer loop
      vertex 2.25 -13 0
      vertex 4.49037 -12.7057 3
      vertex 2.24518 -12.8528 0
    endloop
  endfacet
  facet normal -0.650414 0.466048 0.5998
    outer loop
      vertex 3.74161 -15.5001 3
      vertex 1.87081 -14.25 0
      vertex 1.78504 -14.3697 0
    endloop
  endfacet
  facet normal -0.0782598 -0.796326 0.599783
    outer loop
      vertex 0.293683 -10.7692 0
      vertex 0.587367 -8.5385 3
      vertex 0.147157 -10.7548 0
    endloop
  endfacet
  facet normal -0.507607 -0.618525 0.599801
    outer loop
      vertex 2.96706 -9.61672 3
      vertex 2.73943 -9.42991 3
      vertex 1.36971 -11.215 0
    endloop
  endfacet
  facet normal 0.728807 0.330273 0.5998
    outer loop
      vertex -2.01796 -13.9951 0
      vertex -2.07873 -13.861 0
      vertex -4.03593 -14.9903 3
    endloop
  endfacet
  facet normal -0.466212 0.650305 0.599791
    outer loop
      vertex 2.50007 -16.7416 3
      vertex 1.36971 -14.785 0
      vertex 1.25003 -14.8708 0
    endloop
  endfacet
  facet normal -0.765693 -0.232289 0.599797
    outer loop
      vertex 4.34667 -11.8353 3
      vertex 4.26118 -11.5535 3
      vertex 2.13059 -12.2768 0
    endloop
  endfacet
  facet normal -0.748874 0.281833 0.599798
    outer loop
      vertex 4.15746 -14.7221 3
      vertex 4.26118 -14.4465 3
      vertex 2.07873 -13.861 0
    endloop
  endfacet
  facet normal -0.618605 0.507517 0.599795
    outer loop
      vertex 3.38328 -15.9671 3
      vertex 3.57009 -15.7394 3
      vertex 1.78504 -14.3697 0
    endloop
  endfacet
  facet normal 0.0260857 0.799728 0.599796
    outer loop
      vertex 0 -15.25 0
      vertex -0.147157 -15.2452 0
      vertex -0.294313 -17.4904 3
    endloop
  endfacet
  facet normal 0.422735 -0.679364 0.599799
    outer loop
      vertex -1.25003 -11.1292 0
      vertex -1.125 -11.0514 0
      vertex -2.50007 -9.25839 3
    endloop
  endfacet
  facet normal 0.330377 0.728758 0.599802
    outer loop
      vertex -1.72207 -17.1575 3
      vertex -0.861037 -15.0787 0
      vertex -1.9903 -17.0359 3
    endloop
  endfacet
  facet normal -0.705665 0.377206 0.599794
    outer loop
      vertex 3.89711 -15.25 3
      vertex 4.03593 -14.9903 3
      vertex 1.94856 -14.125 0
    endloop
  endfacet
  facet normal -0.765699 0.232264 0.599798
    outer loop
      vertex 4.34667 -14.1647 3
      vertex 2.17333 -13.5823 0
      vertex 2.13059 -13.7232 0
    endloop
  endfacet
  facet normal -0.779223 0.181837 0.599789
    outer loop
      vertex 2.17333 -13.5823 0
      vertex 4.41353 -13.8779 3
      vertex 2.20677 -13.439 0
    endloop
  endfacet
  facet normal -0.779257 0.181664 0.599797
    outer loop
      vertex 4.41353 -13.8779 3
      vertex 2.17333 -13.5823 0
      vertex 4.34667 -14.1647 3
    endloop
  endfacet
  facet normal -0.181518 0.779287 0.599803
    outer loop
      vertex 0.582342 -15.1733 0
      vertex 0.877906 -17.4135 3
      vertex 1.16469 -17.3467 3
    endloop
  endfacet
  facet normal -0.18204 0.779184 0.599778
    outer loop
      vertex 0.877906 -17.4135 3
      vertex 0.582342 -15.1733 0
      vertex 0.438952 -15.2068 0
    endloop
  endfacet
  facet normal 0.728807 -0.330273 0.5998
    outer loop
      vertex -2.07873 -12.139 0
      vertex -2.01796 -12.0049 0
      vertex -4.03593 -11.0097 3
    endloop
  endfacet
  facet normal 0.466027 0.650428 0.599802
    outer loop
      vertex -2.50007 -16.7416 3
      vertex -1.36971 -14.785 0
      vertex -2.73943 -16.5701 3
    endloop
  endfacet
  facet normal 0.507577 0.618549 0.599802
    outer loop
      vertex -1.36971 -14.785 0
      vertex -1.48353 -14.6916 0
      vertex -2.96706 -16.3833 3
    endloop
  endfacet
  facet normal -0.799725 0.0261866 0.599795
    outer loop
      vertex 4.49037 -13.2943 3
      vertex 2.25 -13 0
      vertex 2.24518 -13.1472 0
    endloop
  endfacet
  facet normal -0.799726 0.0261684 0.599795
    outer loop
      vertex 4.49037 -13.2943 3
      vertex 4.5 -13 3
      vertex 2.25 -13 0
    endloop
  endfacet
  facet normal -0.546986 0.583996 0.599796
    outer loop
      vertex 2.96706 -16.3833 3
      vertex 3.18198 -16.182 3
      vertex 1.59099 -14.591 0
    endloop
  endfacet
  facet normal -0.618505 0.50763 0.599803
    outer loop
      vertex 3.38328 -15.9671 3
      vertex 1.78504 -14.3697 0
      vertex 1.69164 -14.4835 0
    endloop
  endfacet
  facet normal 0.232069 0.76575 0.599809
    outer loop
      vertex -0.582342 -15.1733 0
      vertex -0.723238 -15.1306 0
      vertex -1.16469 -17.3467 3
    endloop
  endfacet
  facet normal 0.796301 -0.0784346 0.599795
    outer loop
      vertex -2.24518 -12.8528 0
      vertex -4.4615 -12.4126 3
      vertex -4.49037 -12.7057 3
    endloop
  endfacet
  facet normal 0.0260858 0.799728 0.599796
    outer loop
      vertex 0 -17.5 3
      vertex 0 -15.25 0
      vertex -0.294313 -17.4904 3
    endloop
  endfacet
  facet normal 0.618505 -0.50763 0.599803
    outer loop
      vertex -1.78504 -11.6303 0
      vertex -1.69164 -11.5165 0
      vertex -3.38328 -10.0329 3
    endloop
  endfacet
  facet normal 0.748874 -0.281833 0.599798
    outer loop
      vertex -2.13059 -12.2768 0
      vertex -2.07873 -12.139 0
      vertex -4.26118 -11.5535 3
    endloop
  endfacet
  facet normal -0.281793 0.748884 0.599804
    outer loop
      vertex 1.44648 -17.2612 3
      vertex 1.72207 -17.1575 3
      vertex 0.861037 -15.0787 0
    endloop
  endfacet
  facet normal -0.282028 -0.748808 0.59979
    outer loop
      vertex 0.861037 -10.9213 0
      vertex 1.44648 -8.73882 3
      vertex 0.723238 -10.8694 0
    endloop
  endfacet
  facet normal 0.58397 0.547013 0.599796
    outer loop
      vertex -3.18198 -16.182 3
      vertex -1.59099 -14.591 0
      vertex -3.38328 -15.9671 3
    endloop
  endfacet
  facet normal 0.232298 -0.765693 0.599793
    outer loop
      vertex -0.723238 -10.8694 0
      vertex -1.16469 -8.65333 3
      vertex -1.44648 -8.73882 3
    endloop
  endfacet
  facet normal 0.546838 -0.584128 0.599803
    outer loop
      vertex -1.59099 -11.409 0
      vertex -1.48353 -11.3084 0
      vertex -2.96706 -9.61672 3
    endloop
  endfacet
  facet normal 0.705743 0.377048 0.599802
    outer loop
      vertex -1.94856 -14.125 0
      vertex -2.01796 -13.9951 0
      vertex -4.03593 -14.9903 3
    endloop
  endfacet
  facet normal -0.58397 0.547013 0.599796
    outer loop
      vertex 3.18198 -16.182 3
      vertex 3.38328 -15.9671 3
      vertex 1.59099 -14.591 0
    endloop
  endfacet
  facet normal 0.0260858 -0.799732 0.599791
    outer loop
      vertex -0.147157 -10.7548 0
      vertex 0 -10.75 0
      vertex -0.294313 -8.50963 3
    endloop
  endfacet
  facet normal -0.0260858 0.799728 0.599796
    outer loop
      vertex 0.294313 -17.4904 3
      vertex 0 -15.25 0
      vertex 0 -17.5 3
    endloop
  endfacet
  facet normal -0.466064 -0.650402 0.599801
    outer loop
      vertex 2.73943 -9.42991 3
      vertex 2.50007 -9.25839 3
      vertex 1.36971 -11.215 0
    endloop
  endfacet
  facet normal -0.67944 0.422612 0.599801
    outer loop
      vertex 3.74161 -15.5001 3
      vertex 1.94856 -14.125 0
      vertex 1.87081 -14.25 0
    endloop
  endfacet
  facet normal -0.33022 -0.728832 0.599799
    outer loop
      vertex 1.9903 -8.96407 3
      vertex 1.72207 -8.84254 3
      vertex 0.861037 -10.9213 0
    endloop
  endfacet
  facet normal 0.618605 -0.507517 0.599795
    outer loop
      vertex -1.78504 -11.6303 0
      vertex -3.38328 -10.0329 3
      vertex -3.57009 -10.2606 3
    endloop
  endfacet
  facet normal -0.282027 0.748805 0.599793
    outer loop
      vertex 1.44648 -17.2612 3
      vertex 0.861037 -15.0787 0
      vertex 0.723238 -15.1306 0
    endloop
  endfacet
  facet normal 0.650351 0.466144 0.599795
    outer loop
      vertex -3.57009 -15.7394 3
      vertex -1.78504 -14.3697 0
      vertex -3.74161 -15.5001 3
    endloop
  endfacet
  facet normal -0.789474 0.130293 0.599795
    outer loop
      vertex 2.20677 -13.439 0
      vertex 4.4615 -13.5874 3
      vertex 2.23075 -13.2937 0
    endloop
  endfacet
  facet normal -0.789465 0.130364 0.599792
    outer loop
      vertex 4.4615 -13.5874 3
      vertex 2.20677 -13.439 0
      vertex 4.41353 -13.8779 3
    endloop
  endfacet
  facet normal -0.182039 -0.779181 0.599783
    outer loop
      vertex 0.582342 -10.8267 0
      vertex 0.877906 -8.58647 3
      vertex 0.438952 -10.7932 0
    endloop
  endfacet
  facet normal -0.181673 -0.779253 0.5998
    outer loop
      vertex 0.877906 -8.58647 3
      vertex 0.582342 -10.8267 0
      vertex 1.16469 -8.65333 3
    endloop
  endfacet
  facet normal 0.33022 -0.728832 0.599799
    outer loop
      vertex -0.861037 -10.9213 0
      vertex -1.72207 -8.84254 3
      vertex -1.9903 -8.96407 3
    endloop
  endfacet
  facet normal 0.466212 0.650305 0.599791
    outer loop
      vertex -1.25003 -14.8708 0
      vertex -1.36971 -14.785 0
      vertex -2.50007 -16.7416 3
    endloop
  endfacet
  facet normal 0.796301 0.0784346 0.599795
    outer loop
      vertex -4.4615 -13.5874 3
      vertex -2.24518 -13.1472 0
      vertex -4.49037 -13.2943 3
    endloop
  endfacet
  facet normal 0.748874 0.281833 0.599798
    outer loop
      vertex -2.07873 -13.861 0
      vertex -2.13059 -13.7232 0
      vertex -4.26118 -14.4465 3
    endloop
  endfacet
  facet normal -0.748874 -0.281833 0.599798
    outer loop
      vertex 4.26118 -11.5535 3
      vertex 4.15746 -11.2779 3
      vertex 2.07873 -12.139 0
    endloop
  endfacet
  facet normal 0.650351 -0.466144 0.599795
    outer loop
      vertex -1.78504 -11.6303 0
      vertex -3.57009 -10.2606 3
      vertex -3.74161 -10.4999 3
    endloop
  endfacet
  facet normal -0.078447 -0.796301 0.599792
    outer loop
      vertex 0.587367 -8.5385 3
      vertex 0.294313 -8.50963 3
      vertex 0.147157 -10.7548 0
    endloop
  endfacet
  facet normal -0.765693 0.232289 0.599797
    outer loop
      vertex 4.26118 -14.4465 3
      vertex 4.34667 -14.1647 3
      vertex 2.13059 -13.7232 0
    endloop
  endfacet
  facet normal 0.18204 0.779184 0.599778
    outer loop
      vertex -0.582342 -15.1733 0
      vertex -0.877906 -17.4135 3
      vertex -0.438952 -15.2068 0
    endloop
  endfacet
  facet normal 0.181518 0.779287 0.599803
    outer loop
      vertex -0.877906 -17.4135 3
      vertex -0.582342 -15.1733 0
      vertex -1.16469 -17.3467 3
    endloop
  endfacet
  facet normal -0.232322 0.765683 0.599796
    outer loop
      vertex 1.16469 -17.3467 3
      vertex 1.44648 -17.2612 3
      vertex 0.723238 -15.1306 0
    endloop
  endfacet
  facet normal 0.329939 0.728975 0.599779
    outer loop
      vertex -0.861037 -15.0787 0
      vertex -0.995149 -15.018 0
      vertex -1.9903 -17.0359 3
    endloop
  endfacet
  facet normal -0.748874 0.281833 0.599798
    outer loop
      vertex 4.26118 -14.4465 3
      vertex 2.13059 -13.7232 0
      vertex 2.07873 -13.861 0
    endloop
  endfacet
  facet normal -0.650351 -0.466144 0.599795
    outer loop
      vertex 3.74161 -10.4999 3
      vertex 3.57009 -10.2606 3
      vertex 1.78504 -11.6303 0
    endloop
  endfacet
  facet normal 0.181673 -0.779253 0.5998
    outer loop
      vertex -0.582342 -10.8267 0
      vertex -0.877906 -8.58647 3
      vertex -1.16469 -8.65333 3
    endloop
  endfacet
  facet normal 0.182039 -0.779181 0.599783
    outer loop
      vertex -0.877906 -8.58647 3
      vertex -0.582342 -10.8267 0
      vertex -0.438952 -10.7932 0
    endloop
  endfacet
  facet normal -0.546838 -0.584128 0.599803
    outer loop
      vertex 1.59099 -11.409 0
      vertex 2.96706 -9.61672 3
      vertex 1.48353 -11.3084 0
    endloop
  endfacet
  facet normal -0.618605 -0.507517 0.599795
    outer loop
      vertex 3.57009 -10.2606 3
      vertex 3.38328 -10.0329 3
      vertex 1.78504 -11.6303 0
    endloop
  endfacet
  facet normal 0.779257 -0.181664 0.599797
    outer loop
      vertex -4.41353 -12.1221 3
      vertex -2.17333 -12.4177 0
      vertex -4.34667 -11.8353 3
    endloop
  endfacet
  facet normal 0.779223 -0.181837 0.599789
    outer loop
      vertex -2.17333 -12.4177 0
      vertex -4.41353 -12.1221 3
      vertex -2.20677 -12.561 0
    endloop
  endfacet
  facet normal 0.507579 -0.61855 0.599799
    outer loop
      vertex -1.48353 -11.3084 0
      vertex -1.36971 -11.215 0
      vertex -2.96706 -9.61672 3
    endloop
  endfacet
  facet normal 0.705665 0.377206 0.599794
    outer loop
      vertex -3.89711 -15.25 3
      vertex -1.94856 -14.125 0
      vertex -4.03593 -14.9903 3
    endloop
  endfacet
  facet normal -0.0782598 0.796326 0.599783
    outer loop
      vertex 0.587367 -17.4615 3
      vertex 0.293683 -15.2308 0
      vertex 0.147157 -15.2452 0
    endloop
  endfacet
  facet normal 0.377208 -0.705669 0.599788
    outer loop
      vertex -1.125 -11.0514 0
      vertex -1.9903 -8.96407 3
      vertex -2.25 -9.10289 3
    endloop
  endfacet
  facet normal -0.422532 0.679502 0.599786
    outer loop
      vertex 2.25 -16.8971 3
      vertex 2.50007 -16.7416 3
      vertex 1.125 -14.9486 0
    endloop
  endfacet
  facet normal -0.67952 0.422492 0.599794
    outer loop
      vertex 3.74161 -15.5001 3
      vertex 3.89711 -15.25 3
      vertex 1.94856 -14.125 0
    endloop
  endfacet
  facet normal -0.796301 0.0784346 0.599795
    outer loop
      vertex 4.4615 -13.5874 3
      vertex 4.49037 -13.2943 3
      vertex 2.24518 -13.1472 0
    endloop
  endfacet
  facet normal 0.705665 -0.377206 0.599794
    outer loop
      vertex -1.94856 -11.875 0
      vertex -3.89711 -10.75 3
      vertex -4.03593 -11.0097 3
    endloop
  endfacet
  facet normal -0.507579 -0.61855 0.599799
    outer loop
      vertex 1.48353 -11.3084 0
      vertex 2.96706 -9.61672 3
      vertex 1.36971 -11.215 0
    endloop
  endfacet
  facet normal -0.584092 -0.546873 0.599805
    outer loop
      vertex 1.69164 -11.5165 0
      vertex 3.38328 -10.0329 3
      vertex 1.59099 -11.409 0
    endloop
  endfacet
  facet normal -0.0260857 0.799728 0.599796
    outer loop
      vertex 0.294313 -17.4904 3
      vertex 0.147157 -15.2452 0
      vertex 0 -15.25 0
    endloop
  endfacet
  facet normal 0.799725 0.0261866 0.599795
    outer loop
      vertex -2.24518 -13.1472 0
      vertex -2.25 -13 0
      vertex -4.49037 -13.2943 3
    endloop
  endfacet
  facet normal -0.0261673 -0.799726 0.599795
    outer loop
      vertex 0.294313 -8.50963 3
      vertex 0 -8.5 3
      vertex 0 -10.75 0
    endloop
  endfacet
  facet normal 0.765699 -0.232264 0.599798
    outer loop
      vertex -2.17333 -12.4177 0
      vertex -2.13059 -12.2768 0
      vertex -4.34667 -11.8353 3
    endloop
  endfacet
  facet normal 0.377164 0.705694 0.599785
    outer loop
      vertex -0.995149 -15.018 0
      vertex -1.125 -14.9486 0
      vertex -1.9903 -17.0359 3
    endloop
  endfacet
  facet normal 0.584092 -0.546873 0.599805
    outer loop
      vertex -1.69164 -11.5165 0
      vertex -1.59099 -11.409 0
      vertex -3.38328 -10.0329 3
    endloop
  endfacet
  facet normal 0.50759 0.618538 0.599803
    outer loop
      vertex -2.73943 -16.5701 3
      vertex -1.36971 -14.785 0
      vertex -2.96706 -16.3833 3
    endloop
  endfacet
  facet normal -0.0260858 -0.799732 0.599791
    outer loop
      vertex 0.147157 -10.7548 0
      vertex 0.294313 -8.50963 3
      vertex 0 -10.75 0
    endloop
  endfacet
  facet normal 0.799725 -0.0261866 0.599795
    outer loop
      vertex -2.25 -13 0
      vertex -2.24518 -12.8528 0
      vertex -4.49037 -12.7057 3
    endloop
  endfacet
  facet normal 0.799726 -0.0261684 0.599795
    outer loop
      vertex -2.25 -13 0
      vertex -4.49037 -12.7057 3
      vertex -4.5 -13 3
    endloop
  endfacet
  facet normal -0.583946 -0.547041 0.599794
    outer loop
      vertex 3.38328 -10.0329 3
      vertex 3.18198 -9.81802 3
      vertex 1.59099 -11.409 0
    endloop
  endfacet
  facet normal -0.728818 0.330251 0.599798
    outer loop
      vertex 4.03593 -14.9903 3
      vertex 4.15746 -14.7221 3
      vertex 2.07873 -13.861 0
    endloop
  endfacet
  facet normal -0.232298 -0.765693 0.599793
    outer loop
      vertex 1.44648 -8.73882 3
      vertex 1.16469 -8.65333 3
      vertex 0.723238 -10.8694 0
    endloop
  endfacet
  facet normal 0.130347 -0.789471 0.599788
    outer loop
      vertex -0.438952 -10.7932 0
      vertex -0.587367 -8.5385 3
      vertex -0.877906 -8.58647 3
    endloop
  endfacet
  facet normal 0.130427 -0.78946 0.599784
    outer loop
      vertex -0.587367 -8.5385 3
      vertex -0.438952 -10.7932 0
      vertex -0.293683 -10.7692 0
    endloop
  endfacet
  facet normal -0.377208 -0.705669 0.599788
    outer loop
      vertex 2.25 -9.10289 3
      vertex 1.9903 -8.96407 3
      vertex 1.125 -11.0514 0
    endloop
  endfacet
  facet normal -0.705743 0.377048 0.599802
    outer loop
      vertex 4.03593 -14.9903 3
      vertex 2.01796 -13.9951 0
      vertex 1.94856 -14.125 0
    endloop
  endfacet
  facet normal -0.422736 0.679365 0.599798
    outer loop
      vertex 2.50007 -16.7416 3
      vertex 1.25003 -14.8708 0
      vertex 1.125 -14.9486 0
    endloop
  endfacet
  facet normal -0.377167 0.705693 0.599785
    outer loop
      vertex 1.9903 -17.0359 3
      vertex 2.25 -16.8971 3
      vertex 1.125 -14.9486 0
    endloop
  endfacet
  facet normal -0.728818 -0.330251 0.599798
    outer loop
      vertex 4.15746 -11.2779 3
      vertex 4.03593 -11.0097 3
      vertex 2.07873 -12.139 0
    endloop
  endfacet
  facet normal -0.0785275 0.79629 0.599796
    outer loop
      vertex 0.294313 -17.4904 3
      vertex 0.587367 -17.4615 3
      vertex 0.147157 -15.2452 0
    endloop
  endfacet
  facet normal 0.765693 0.232289 0.599797
    outer loop
      vertex -4.26118 -14.4465 3
      vertex -2.13059 -13.7232 0
      vertex -4.34667 -14.1647 3
    endloop
  endfacet
  facet normal -0.765699 -0.232264 0.599798
    outer loop
      vertex 2.17333 -12.4177 0
      vertex 4.34667 -11.8353 3
      vertex 2.13059 -12.2768 0
    endloop
  endfacet
  facet normal 0.281793 0.748884 0.599804
    outer loop
      vertex -1.44648 -17.2612 3
      vertex -0.861037 -15.0787 0
      vertex -1.72207 -17.1575 3
    endloop
  endfacet
  facet normal -0.23207 -0.765754 0.599804
    outer loop
      vertex 0.723238 -10.8694 0
      vertex 1.16469 -8.65333 3
      vertex 0.582342 -10.8267 0
    endloop
  endfacet
  facet normal -0.422531 -0.679501 0.599788
    outer loop
      vertex 2.50007 -9.25839 3
      vertex 2.25 -9.10289 3
      vertex 1.125 -11.0514 0
    endloop
  endfacet
  facet normal 0.0785275 0.79629 0.599796
    outer loop
      vertex -0.294313 -17.4904 3
      vertex -0.147157 -15.2452 0
      vertex -0.587367 -17.4615 3
    endloop
  endfacet
  facet normal 0.765693 -0.232289 0.599797
    outer loop
      vertex -2.13059 -12.2768 0
      vertex -4.26118 -11.5535 3
      vertex -4.34667 -11.8353 3
    endloop
  endfacet
  facet normal -0.796301 0.0784342 0.599795
    outer loop
      vertex 4.4615 -13.5874 3
      vertex 2.24518 -13.1472 0
      vertex 2.23075 -13.2937 0
    endloop
  endfacet
  facet normal -0.50759 0.618538 0.599803
    outer loop
      vertex 2.73943 -16.5701 3
      vertex 2.96706 -16.3833 3
      vertex 1.36971 -14.785 0
    endloop
  endfacet
  facet normal -0.650351 0.466144 0.599795
    outer loop
      vertex 3.57009 -15.7394 3
      vertex 3.74161 -15.5001 3
      vertex 1.78504 -14.3697 0
    endloop
  endfacet
  facet normal 0.078447 -0.796301 0.599792
    outer loop
      vertex -0.147157 -10.7548 0
      vertex -0.294313 -8.50963 3
      vertex -0.587367 -8.5385 3
    endloop
  endfacet
  facet normal 0.705743 -0.377048 0.599802
    outer loop
      vertex -2.01796 -12.0049 0
      vertex -1.94856 -11.875 0
      vertex -4.03593 -11.0097 3
    endloop
  endfacet
  facet normal -0.466027 0.650428 0.599802
    outer loop
      vertex 2.50007 -16.7416 3
      vertex 2.73943 -16.5701 3
      vertex 1.36971 -14.785 0
    endloop
  endfacet
  facet normal 0.0261673 -0.799726 0.599795
    outer loop
      vertex 0 -10.75 0
      vertex 0 -8.5 3
      vertex -0.294313 -8.50963 3
    endloop
  endfacet
  facet normal -0.377164 0.705694 0.599785
    outer loop
      vertex 1.9903 -17.0359 3
      vertex 1.125 -14.9486 0
      vertex 0.995149 -15.018 0
    endloop
  endfacet
  facet normal 0.67944 0.422612 0.599801
    outer loop
      vertex -1.87081 -14.25 0
      vertex -1.94856 -14.125 0
      vertex -3.74161 -15.5001 3
    endloop
  endfacet
  facet normal -0.281842 -0.74887 0.599799
    outer loop
      vertex 1.72207 -8.84254 3
      vertex 1.44648 -8.73882 3
      vertex 0.861037 -10.9213 0
    endloop
  endfacet
  facet normal 0.67944 -0.422612 0.599801
    outer loop
      vertex -1.94856 -11.875 0
      vertex -1.87081 -11.75 0
      vertex -3.74161 -10.4999 3
    endloop
  endfacet
  facet normal 0.282028 -0.748808 0.59979
    outer loop
      vertex -0.861037 -10.9213 0
      vertex -0.723238 -10.8694 0
      vertex -1.44648 -8.73882 3
    endloop
  endfacet
  facet normal -0.232069 0.76575 0.599809
    outer loop
      vertex 1.16469 -17.3467 3
      vertex 0.723238 -15.1306 0
      vertex 0.582342 -15.1733 0
    endloop
  endfacet
  facet normal 0.67952 0.422492 0.599794
    outer loop
      vertex -3.74161 -15.5001 3
      vertex -1.94856 -14.125 0
      vertex -3.89711 -15.25 3
    endloop
  endfacet
  facet normal -0.67944 -0.422612 0.599801
    outer loop
      vertex 1.94856 -11.875 0
      vertex 3.74161 -10.4999 3
      vertex 1.87081 -11.75 0
    endloop
  endfacet
  facet normal 0.466064 -0.650402 0.599801
    outer loop
      vertex -1.36971 -11.215 0
      vertex -2.50007 -9.25839 3
      vertex -2.73943 -9.42991 3
    endloop
  endfacet
  facet normal 0.728818 0.330251 0.599798
    outer loop
      vertex -4.03593 -14.9903 3
      vertex -2.07873 -13.861 0
      vertex -4.15746 -14.7221 3
    endloop
  endfacet
  facet normal 0.422532 0.679502 0.599786
    outer loop
      vertex -2.25 -16.8971 3
      vertex -1.125 -14.9486 0
      vertex -2.50007 -16.7416 3
    endloop
  endfacet
  facet normal -0.507577 0.618549 0.599802
    outer loop
      vertex 2.96706 -16.3833 3
      vertex 1.48353 -14.6916 0
      vertex 1.36971 -14.785 0
    endloop
  endfacet
  facet normal -0.329939 0.728975 0.599779
    outer loop
      vertex 1.9903 -17.0359 3
      vertex 0.995149 -15.018 0
      vertex 0.861037 -15.0787 0
    endloop
  endfacet
  facet normal 0.67952 -0.422492 0.599794
    outer loop
      vertex -1.94856 -11.875 0
      vertex -3.74161 -10.4999 3
      vertex -3.89711 -10.75 3
    endloop
  endfacet
  facet normal 0.377167 0.705693 0.599785
    outer loop
      vertex -1.9903 -17.0359 3
      vertex -1.125 -14.9486 0
      vertex -2.25 -16.8971 3
    endloop
  endfacet
  facet normal 0.507607 -0.618525 0.599801
    outer loop
      vertex -1.36971 -11.215 0
      vertex -2.73943 -9.42991 3
      vertex -2.96706 -9.61672 3
    endloop
  endfacet
  facet normal 0.466211 -0.650304 0.599793
    outer loop
      vertex -1.36971 -11.215 0
      vertex -1.25003 -11.1292 0
      vertex -2.50007 -9.25839 3
    endloop
  endfacet
  facet normal -0.705665 -0.377206 0.599794
    outer loop
      vertex 4.03593 -11.0097 3
      vertex 3.89711 -10.75 3
      vertex 1.94856 -11.875 0
    endloop
  endfacet
  facet normal 0.546988 -0.583997 0.599793
    outer loop
      vertex -1.59099 -11.409 0
      vertex -2.96706 -9.61672 3
      vertex -3.18198 -9.81802 3
    endloop
  endfacet
  facet normal 0.618605 0.507517 0.599795
    outer loop
      vertex -3.38328 -15.9671 3
      vertex -1.78504 -14.3697 0
      vertex -3.57009 -15.7394 3
    endloop
  endfacet
  facet normal -0.466211 -0.650304 0.599793
    outer loop
      vertex 1.36971 -11.215 0
      vertex 2.50007 -9.25839 3
      vertex 1.25003 -11.1292 0
    endloop
  endfacet
  facet normal -0.546988 -0.583997 0.599793
    outer loop
      vertex 3.18198 -9.81802 3
      vertex 2.96706 -9.61672 3
      vertex 1.59099 -11.409 0
    endloop
  endfacet
  facet normal 0.130427 0.78946 0.599784
    outer loop
      vertex -0.438952 -15.2068 0
      vertex -0.587367 -17.4615 3
      vertex -0.293683 -15.2308 0
    endloop
  endfacet
  facet normal 0.130427 0.78946 0.599784
    outer loop
      vertex -0.587367 -17.4615 3
      vertex -0.438952 -15.2068 0
      vertex -0.877906 -17.4135 3
    endloop
  endfacet
  facet normal 0.728818 -0.330251 0.599798
    outer loop
      vertex -2.07873 -12.139 0
      vertex -4.03593 -11.0097 3
      vertex -4.15746 -11.2779 3
    endloop
  endfacet
  facet normal -0.329938 -0.728972 0.599784
    outer loop
      vertex 0.995149 -10.982 0
      vertex 1.9903 -8.96407 3
      vertex 0.861037 -10.9213 0
    endloop
  endfacet
  facet normal 0.789474 0.130293 0.599795
    outer loop
      vertex -4.4615 -13.5874 3
      vertex -2.20677 -13.439 0
      vertex -2.23075 -13.2937 0
    endloop
  endfacet
  facet normal 0.789465 0.130364 0.599792
    outer loop
      vertex -2.20677 -13.439 0
      vertex -4.4615 -13.5874 3
      vertex -4.41353 -13.8779 3
    endloop
  endfacet
  facet normal -0.130427 -0.78946 0.599784
    outer loop
      vertex 0.438952 -10.7932 0
      vertex 0.587367 -8.5385 3
      vertex 0.293683 -10.7692 0
    endloop
  endfacet
  facet normal -0.130347 -0.789471 0.599788
    outer loop
      vertex 0.587367 -8.5385 3
      vertex 0.438952 -10.7932 0
      vertex 0.877906 -8.58647 3
    endloop
  endfacet
  facet normal 0.583946 -0.547041 0.599794
    outer loop
      vertex -1.59099 -11.409 0
      vertex -3.18198 -9.81802 3
      vertex -3.38328 -10.0329 3
    endloop
  endfacet
  facet normal 0.422531 -0.679501 0.599788
    outer loop
      vertex -1.125 -11.0514 0
      vertex -2.25 -9.10289 3
      vertex -2.50007 -9.25839 3
    endloop
  endfacet
  facet normal 0.650414 0.466048 0.5998
    outer loop
      vertex -1.78504 -14.3697 0
      vertex -1.87081 -14.25 0
      vertex -3.74161 -15.5001 3
    endloop
  endfacet
  facet normal 0.23207 -0.765754 0.599804
    outer loop
      vertex -0.723238 -10.8694 0
      vertex -0.582342 -10.8267 0
      vertex -1.16469 -8.65333 3
    endloop
  endfacet
  facet normal -0.728807 0.330273 0.5998
    outer loop
      vertex 4.03593 -14.9903 3
      vertex 2.07873 -13.861 0
      vertex 2.01796 -13.9951 0
    endloop
  endfacet
  facet normal 0.329938 -0.728972 0.599784
    outer loop
      vertex -0.995149 -10.982 0
      vertex -0.861037 -10.9213 0
      vertex -1.9903 -8.96407 3
    endloop
  endfacet
  facet normal 0.748874 -0.281833 0.599798
    outer loop
      vertex -2.07873 -12.139 0
      vertex -4.15746 -11.2779 3
      vertex -4.26118 -11.5535 3
    endloop
  endfacet
  facet normal -0.130427 0.78946 0.599784
    outer loop
      vertex 0.438952 -15.2068 0
      vertex 0.587367 -17.4615 3
      vertex 0.877906 -17.4135 3
    endloop
  endfacet
  facet normal -0.130427 0.78946 0.599784
    outer loop
      vertex 0.587367 -17.4615 3
      vertex 0.438952 -15.2068 0
      vertex 0.293683 -15.2308 0
    endloop
  endfacet
  facet normal -0.705743 -0.377048 0.599802
    outer loop
      vertex 2.01796 -12.0049 0
      vertex 4.03593 -11.0097 3
      vertex 1.94856 -11.875 0
    endloop
  endfacet
  facet normal 0.422736 0.679365 0.599798
    outer loop
      vertex -1.125 -14.9486 0
      vertex -1.25003 -14.8708 0
      vertex -2.50007 -16.7416 3
    endloop
  endfacet
  facet normal -0.584092 0.546873 0.599805
    outer loop
      vertex 3.38328 -15.9671 3
      vertex 1.69164 -14.4835 0
      vertex 1.59099 -14.591 0
    endloop
  endfacet
  facet normal -0.546837 0.584126 0.599805
    outer loop
      vertex 2.96706 -16.3833 3
      vertex 1.59099 -14.591 0
      vertex 1.48353 -14.6916 0
    endloop
  endfacet
  facet normal 0.765699 0.232264 0.599798
    outer loop
      vertex -2.13059 -13.7232 0
      vertex -2.17333 -13.5823 0
      vertex -4.34667 -14.1647 3
    endloop
  endfacet
  facet normal 0.281842 -0.74887 0.599799
    outer loop
      vertex -0.861037 -10.9213 0
      vertex -1.44648 -8.73882 3
      vertex -1.72207 -8.84254 3
    endloop
  endfacet
  facet normal -0.789465 -0.130364 0.599792
    outer loop
      vertex 2.20677 -12.561 0
      vertex 4.4615 -12.4126 3
      vertex 4.41353 -12.1221 3
    endloop
  endfacet
  facet normal -0.789474 -0.130293 0.599795
    outer loop
      vertex 4.4615 -12.4126 3
      vertex 2.20677 -12.561 0
      vertex 2.23075 -12.7063 0
    endloop
  endfacet
  facet normal 0.779223 0.181837 0.599789
    outer loop
      vertex -4.41353 -13.8779 3
      vertex -2.17333 -13.5823 0
      vertex -2.20677 -13.439 0
    endloop
  endfacet
  facet normal 0.779257 0.181664 0.599797
    outer loop
      vertex -2.17333 -13.5823 0
      vertex -4.41353 -13.8779 3
      vertex -4.34667 -14.1647 3
    endloop
  endfacet
  facet normal 0.546837 0.584126 0.599805
    outer loop
      vertex -1.48353 -14.6916 0
      vertex -1.59099 -14.591 0
      vertex -2.96706 -16.3833 3
    endloop
  endfacet
  facet normal 0.546986 0.583996 0.599796
    outer loop
      vertex -2.96706 -16.3833 3
      vertex -1.59099 -14.591 0
      vertex -3.18198 -16.182 3
    endloop
  endfacet
  facet normal 0.618505 0.50763 0.599803
    outer loop
      vertex -1.69164 -14.4835 0
      vertex -1.78504 -14.3697 0
      vertex -3.38328 -15.9671 3
    endloop
  endfacet
  facet normal 0.282027 0.748805 0.599793
    outer loop
      vertex -0.723238 -15.1306 0
      vertex -0.861037 -15.0787 0
      vertex -1.44648 -17.2612 3
    endloop
  endfacet
  facet normal 0.789465 -0.130364 0.599792
    outer loop
      vertex -4.4615 -12.4126 3
      vertex -2.20677 -12.561 0
      vertex -4.41353 -12.1221 3
    endloop
  endfacet
  facet normal 0.789474 -0.130293 0.599795
    outer loop
      vertex -2.20677 -12.561 0
      vertex -4.4615 -12.4126 3
      vertex -2.23075 -12.7063 0
    endloop
  endfacet
  facet normal 0.796301 0.0784342 0.599795
    outer loop
      vertex -2.23075 -13.2937 0
      vertex -2.24518 -13.1472 0
      vertex -4.4615 -13.5874 3
    endloop
  endfacet
  facet normal -0.748874 -0.281833 0.599798
    outer loop
      vertex 2.13059 -12.2768 0
      vertex 4.26118 -11.5535 3
      vertex 2.07873 -12.139 0
    endloop
  endfacet
  facet normal 0.0782598 -0.796326 0.599783
    outer loop
      vertex -0.293683 -10.7692 0
      vertex -0.147157 -10.7548 0
      vertex -0.587367 -8.5385 3
    endloop
  endfacet
  facet normal -0.377163 -0.705691 0.59979
    outer loop
      vertex 1.125 -11.0514 0
      vertex 1.9903 -8.96407 3
      vertex 0.995149 -10.982 0
    endloop
  endfacet
  facet normal -0.422735 -0.679364 0.599799
    outer loop
      vertex 1.25003 -11.1292 0
      vertex 2.50007 -9.25839 3
      vertex 1.125 -11.0514 0
    endloop
  endfacet
  facet normal -0.728807 -0.330273 0.5998
    outer loop
      vertex 2.07873 -12.139 0
      vertex 4.03593 -11.0097 3
      vertex 2.01796 -12.0049 0
    endloop
  endfacet
  facet normal 0.748874 0.281833 0.599798
    outer loop
      vertex -4.15746 -14.7221 3
      vertex -2.07873 -13.861 0
      vertex -4.26118 -14.4465 3
    endloop
  endfacet
  facet normal 0 0 -1
    outer loop
      vertex 4.49037 -13.2943 3
      vertex 2.24518 -13.1472 3
      vertex 2.25 -13 3
    endloop
  endfacet
  facet normal 0 0 -1
    outer loop
      vertex 2.50007 -16.7416 3
      vertex 2.23075 -13.2937 3
      vertex 2.24518 -13.1472 3
    endloop
  endfacet
  facet normal 0 0 -1
    outer loop
      vertex 2.50007 -16.7416 3
      vertex 2.20677 -13.439 3
      vertex 2.23075 -13.2937 3
    endloop
  endfacet
  facet normal 0 0 -1
    outer loop
      vertex 2.50007 -16.7416 3
      vertex 2.17333 -13.5823 3
      vertex 2.20677 -13.439 3
    endloop
  endfacet
  facet normal 0 0 -1
    outer loop
      vertex 2.50007 -16.7416 3
      vertex 2.13059 -13.7232 3
      vertex 2.17333 -13.5823 3
    endloop
  endfacet
  facet normal 0 0 -1
    outer loop
      vertex 2.50007 -16.7416 3
      vertex 2.07873 -13.861 3
      vertex 2.13059 -13.7232 3
    endloop
  endfacet
  facet normal 0 0 -1
    outer loop
      vertex 2.50007 -16.7416 3
      vertex 2.01796 -13.9951 3
      vertex 2.07873 -13.861 3
    endloop
  endfacet
  facet normal 0 0 -1
    outer loop
      vertex 1.125 -14.9486 3
      vertex 2.25 -16.8971 3
      vertex 1.9903 -17.0359 3
    endloop
  endfacet
  facet normal 0 0 -1
    outer loop
      vertex 2.50007 -16.7416 3
      vertex 1.94856 -14.125 3
      vertex 2.01796 -13.9951 3
    endloop
  endfacet
  facet normal 0 0 -1
    outer loop
      vertex 2.50007 -16.7416 3
      vertex 1.87081 -14.25 3
      vertex 1.94856 -14.125 3
    endloop
  endfacet
  facet normal 0 0 -1
    outer loop
      vertex 2.50007 -16.7416 3
      vertex 1.78504 -14.3697 3
      vertex 1.87081 -14.25 3
    endloop
  endfacet
  facet normal 0 0 -1
    outer loop
      vertex 0.995149 -15.018 3
      vertex 1.9903 -17.0359 3
      vertex 1.72207 -17.1575 3
    endloop
  endfacet
  facet normal 0 0 -1
    outer loop
      vertex 2.50007 -16.7416 3
      vertex 1.69164 -14.4835 3
      vertex 1.78504 -14.3697 3
    endloop
  endfacet
  facet normal 0 0 -1
    outer loop
      vertex 2.50007 -16.7416 3
      vertex 1.59099 -14.591 3
      vertex 1.69164 -14.4835 3
    endloop
  endfacet
  facet normal 0 0 -1
    outer loop
      vertex 2.50007 -16.7416 3
      vertex 1.48353 -14.6916 3
      vertex 1.59099 -14.591 3
    endloop
  endfacet
  facet normal 0 0 -1
    outer loop
      vertex 0.861037 -15.0787 3
      vertex 1.72207 -17.1575 3
      vertex 1.44648 -17.2612 3
    endloop
  endfacet
  facet normal 0 0 -1
    outer loop
      vertex 2.50007 -16.7416 3
      vertex 1.36971 -14.785 3
      vertex 1.48353 -14.6916 3
    endloop
  endfacet
  facet normal 0 0 -1
    outer loop
      vertex 2.50007 -16.7416 3
      vertex 1.25003 -14.8708 3
      vertex 1.36971 -14.785 3
    endloop
  endfacet
  facet normal 0 0 -1
    outer loop
      vertex 0.723238 -15.1306 3
      vertex 1.44648 -17.2612 3
      vertex 1.16469 -17.3467 3
    endloop
  endfacet
  facet normal 0 0 -1
    outer loop
      vertex 2.25 -16.8971 3
      vertex 1.125 -14.9486 3
      vertex 1.25003 -14.8708 3
    endloop
  endfacet
  facet normal 0 0 -1
    outer loop
      vertex 1.9903 -17.0359 3
      vertex 0.995149 -15.018 3
      vertex 1.125 -14.9486 3
    endloop
  endfacet
  facet normal 0 0 -1
    outer loop
      vertex 0.582342 -15.1733 3
      vertex 1.16469 -17.3467 3
      vertex 0.877906 -17.4135 3
    endloop
  endfacet
  facet normal 0 0 -1
    outer loop
      vertex 1.72207 -17.1575 3
      vertex 0.861037 -15.0787 3
      vertex 0.995149 -15.018 3
    endloop
  endfacet
  facet normal 0 0 -1
    outer loop
      vertex 1.44648 -17.2612 3
      vertex 0.723238 -15.1306 3
      vertex 0.861037 -15.0787 3
    endloop
  endfacet
  facet normal 0 0 -1
    outer loop
      vertex 0.438952 -15.2068 3
      vertex 0.877906 -17.4135 3
      vertex 0.587367 -17.4615 3
    endloop
  endfacet
  facet normal 0 0 -1
    outer loop
      vertex 1.16469 -17.3467 3
      vertex 0.582342 -15.1733 3
      vertex 0.723238 -15.1306 3
    endloop
  endfacet
  facet normal 0 0 -1
    outer loop
      vertex 0.877906 -17.4135 3
      vertex 0.438952 -15.2068 3
      vertex 0.582342 -15.1733 3
    endloop
  endfacet
  facet normal 0 0 -1
    outer loop
      vertex 0.293683 -15.2308 3
      vertex 0.587367 -17.4615 3
      vertex 0.294313 -17.4904 3
    endloop
  endfacet
  facet normal 0 0 -1
    outer loop
      vertex 0.587367 -17.4615 3
      vertex 0.293683 -15.2308 3
      vertex 0.438952 -15.2068 3
    endloop
  endfacet
  facet normal 0 0 -1
    outer loop
      vertex 0.294313 -17.4904 3
      vertex 0.147157 -15.2452 3
      vertex 0.293683 -15.2308 3
    endloop
  endfacet
  facet normal 0 0 -1
    outer loop
      vertex 0 -17.5 3
      vertex 0.147157 -15.2452 3
      vertex 0.294313 -17.4904 3
    endloop
  endfacet
  facet normal 0 0 -1
    outer loop
      vertex 0 -17.5 3
      vertex 0 -15.25 3
      vertex 0.147157 -15.2452 3
    endloop
  endfacet
  facet normal 0 0 -1
    outer loop
      vertex 0 -17.5 3
      vertex -0.147157 -15.2452 3
      vertex 0 -15.25 3
    endloop
  endfacet
  facet normal 0 0 -1
    outer loop
      vertex -0.294313 -17.4904 3
      vertex -0.147157 -15.2452 3
      vertex 0 -17.5 3
    endloop
  endfacet
  facet normal -0 0 -1
    outer loop
      vertex -0.147157 -15.2452 3
      vertex -0.294313 -17.4904 3
      vertex -0.293683 -15.2308 3
    endloop
  endfacet
  facet normal 0 0 -1
    outer loop
      vertex -0.587367 -17.4615 3
      vertex -0.293683 -15.2308 3
      vertex -0.294313 -17.4904 3
    endloop
  endfacet
  facet normal -0 0 -1
    outer loop
      vertex -0.293683 -15.2308 3
      vertex -0.587367 -17.4615 3
      vertex -0.438952 -15.2068 3
    endloop
  endfacet
  facet normal 0 0 -1
    outer loop
      vertex -0.877906 -17.4135 3
      vertex -0.438952 -15.2068 3
      vertex -0.587367 -17.4615 3
    endloop
  endfacet
  facet normal -0 0 -1
    outer loop
      vertex -0.438952 -15.2068 3
      vertex -0.877906 -17.4135 3
      vertex -0.582342 -15.1733 3
    endloop
  endfacet
  facet normal 0 0 -1
    outer loop
      vertex -1.16469 -17.3467 3
      vertex -0.582342 -15.1733 3
      vertex -0.877906 -17.4135 3
    endloop
  endfacet
  facet normal -0 0 -1
    outer loop
      vertex -0.582342 -15.1733 3
      vertex -1.16469 -17.3467 3
      vertex -0.723238 -15.1306 3
    endloop
  endfacet
  facet normal 0 0 -1
    outer loop
      vertex -1.44648 -17.2612 3
      vertex -0.723238 -15.1306 3
      vertex -1.16469 -17.3467 3
    endloop
  endfacet
  facet normal -0 0 -1
    outer loop
      vertex -0.723238 -15.1306 3
      vertex -1.44648 -17.2612 3
      vertex -0.861037 -15.0787 3
    endloop
  endfacet
  facet normal 0 0 -1
    outer loop
      vertex -1.72207 -17.1575 3
      vertex -0.861037 -15.0787 3
      vertex -1.44648 -17.2612 3
    endloop
  endfacet
  facet normal -0 0 -1
    outer loop
      vertex -0.861037 -15.0787 3
      vertex -1.72207 -17.1575 3
      vertex -0.995149 -15.018 3
    endloop
  endfacet
  facet normal 0 0 -1
    outer loop
      vertex -1.9903 -17.0359 3
      vertex -0.995149 -15.018 3
      vertex -1.72207 -17.1575 3
    endloop
  endfacet
  facet normal -0 0 -1
    outer loop
      vertex -0.995149 -15.018 3
      vertex -1.9903 -17.0359 3
      vertex -1.125 -14.9486 3
    endloop
  endfacet
  facet normal 0 0 -1
    outer loop
      vertex -2.25 -16.8971 3
      vertex -1.125 -14.9486 3
      vertex -1.9903 -17.0359 3
    endloop
  endfacet
  facet normal -0 0 -1
    outer loop
      vertex -1.125 -14.9486 3
      vertex -2.25 -16.8971 3
      vertex -1.25003 -14.8708 3
    endloop
  endfacet
  facet normal 0 0 -1
    outer loop
      vertex -2.50007 -16.7416 3
      vertex -1.25003 -14.8708 3
      vertex -2.25 -16.8971 3
    endloop
  endfacet
  facet normal -0 0 -1
    outer loop
      vertex -1.25003 -14.8708 3
      vertex -2.50007 -16.7416 3
      vertex -1.36971 -14.785 3
    endloop
  endfacet
  facet normal 0 0 -1
    outer loop
      vertex -2.73943 -16.5701 3
      vertex -1.36971 -14.785 3
      vertex -2.50007 -16.7416 3
    endloop
  endfacet
  facet normal -0 0 -1
    outer loop
      vertex -1.36971 -14.785 3
      vertex -2.73943 -16.5701 3
      vertex -1.48353 -14.6916 3
    endloop
  endfacet
  facet normal 0 0 -1
    outer loop
      vertex -2.96706 -16.3833 3
      vertex -1.48353 -14.6916 3
      vertex -2.73943 -16.5701 3
    endloop
  endfacet
  facet normal -0 0 -1
    outer loop
      vertex -1.48353 -14.6916 3
      vertex -2.96706 -16.3833 3
      vertex -1.59099 -14.591 3
    endloop
  endfacet
  facet normal 0 0 -1
    outer loop
      vertex -3.18198 -16.182 3
      vertex -1.59099 -14.591 3
      vertex -2.96706 -16.3833 3
    endloop
  endfacet
  facet normal -0 0 -1
    outer loop
      vertex -1.59099 -14.591 3
      vertex -3.18198 -16.182 3
      vertex -1.69164 -14.4835 3
    endloop
  endfacet
  facet normal 0 0 -1
    outer loop
      vertex -3.38328 -15.9671 3
      vertex -1.69164 -14.4835 3
      vertex -3.18198 -16.182 3
    endloop
  endfacet
  facet normal -0 0 -1
    outer loop
      vertex -1.69164 -14.4835 3
      vertex -3.38328 -15.9671 3
      vertex -1.78504 -14.3697 3
    endloop
  endfacet
  facet normal 0 0 -1
    outer loop
      vertex -3.57009 -15.7394 3
      vertex -1.78504 -14.3697 3
      vertex -3.38328 -15.9671 3
    endloop
  endfacet
  facet normal -0 0 -1
    outer loop
      vertex -1.78504 -14.3697 3
      vertex -3.57009 -15.7394 3
      vertex -1.87081 -14.25 3
    endloop
  endfacet
  facet normal 0 0 -1
    outer loop
      vertex -3.74161 -15.5001 3
      vertex -1.87081 -14.25 3
      vertex -3.57009 -15.7394 3
    endloop
  endfacet
  facet normal -0 0 -1
    outer loop
      vertex -1.87081 -14.25 3
      vertex -3.74161 -15.5001 3
      vertex -1.94856 -14.125 3
    endloop
  endfacet
  facet normal 0 0 -1
    outer loop
      vertex -3.89711 -15.25 3
      vertex -1.94856 -14.125 3
      vertex -3.74161 -15.5001 3
    endloop
  endfacet
  facet normal -0 0 -1
    outer loop
      vertex -1.94856 -14.125 3
      vertex -3.89711 -15.25 3
      vertex -2.01796 -13.9951 3
    endloop
  endfacet
  facet normal 0 0 -1
    outer loop
      vertex -4.03593 -14.9903 3
      vertex -2.01796 -13.9951 3
      vertex -3.89711 -15.25 3
    endloop
  endfacet
  facet normal 0 0 -1
    outer loop
      vertex -2.25 -13 3
      vertex -2.50007 -9.25839 3
      vertex -2.25 -9.10289 3
    endloop
  endfacet
  facet normal -0 0 -1
    outer loop
      vertex -2.01796 -13.9951 3
      vertex -4.03593 -14.9903 3
      vertex -2.07873 -13.861 3
    endloop
  endfacet
  facet normal 0 0 -1
    outer loop
      vertex -2.25 -13 3
      vertex -2.73943 -9.42991 3
      vertex -2.50007 -9.25839 3
    endloop
  endfacet
  facet normal 0 0 -1
    outer loop
      vertex -4.15746 -14.7221 3
      vertex -2.07873 -13.861 3
      vertex -4.03593 -14.9903 3
    endloop
  endfacet
  facet normal 0 0 -1
    outer loop
      vertex -2.25 -13 3
      vertex -2.96706 -9.61672 3
      vertex -2.73943 -9.42991 3
    endloop
  endfacet
  facet normal -0 0 -1
    outer loop
      vertex -2.07873 -13.861 3
      vertex -4.15746 -14.7221 3
      vertex -2.13059 -13.7232 3
    endloop
  endfacet
  facet normal 0 0 -1
    outer loop
      vertex -2.25 -13 3
      vertex -3.18198 -9.81802 3
      vertex -2.96706 -9.61672 3
    endloop
  endfacet
  facet normal 0 0 -1
    outer loop
      vertex -4.26118 -14.4465 3
      vertex -2.13059 -13.7232 3
      vertex -4.15746 -14.7221 3
    endloop
  endfacet
  facet normal 0 0 -1
    outer loop
      vertex -2.25 -13 3
      vertex -3.38328 -10.0329 3
      vertex -3.18198 -9.81802 3
    endloop
  endfacet
  facet normal -0 0 -1
    outer loop
      vertex -2.13059 -13.7232 3
      vertex -4.26118 -14.4465 3
      vertex -2.17333 -13.5823 3
    endloop
  endfacet
  facet normal 0 0 -1
    outer loop
      vertex -2.25 -13 3
      vertex -3.57009 -10.2606 3
      vertex -3.38328 -10.0329 3
    endloop
  endfacet
  facet normal 0 0 -1
    outer loop
      vertex -4.34667 -14.1647 3
      vertex -2.17333 -13.5823 3
      vertex -4.26118 -14.4465 3
    endloop
  endfacet
  facet normal 0 0 -1
    outer loop
      vertex -2.25 -13 3
      vertex -3.74161 -10.4999 3
      vertex -3.57009 -10.2606 3
    endloop
  endfacet
  facet normal -0 0 -1
    outer loop
      vertex -2.17333 -13.5823 3
      vertex -4.34667 -14.1647 3
      vertex -2.20677 -13.439 3
    endloop
  endfacet
  facet normal 0 0 -1
    outer loop
      vertex -2.25 -13 3
      vertex -3.89711 -10.75 3
      vertex -3.74161 -10.4999 3
    endloop
  endfacet
  facet normal 0 0 -1
    outer loop
      vertex -4.41353 -13.8779 3
      vertex -2.20677 -13.439 3
      vertex -4.34667 -14.1647 3
    endloop
  endfacet
  facet normal 0 0 -1
    outer loop
      vertex -2.25 -13 3
      vertex -4.03593 -11.0097 3
      vertex -3.89711 -10.75 3
    endloop
  endfacet
  facet normal -0 0 -1
    outer loop
      vertex -2.20677 -13.439 3
      vertex -4.41353 -13.8779 3
      vertex -2.23075 -13.2937 3
    endloop
  endfacet
  facet normal 0 0 -1
    outer loop
      vertex -2.25 -13 3
      vertex -4.15746 -11.2779 3
      vertex -4.03593 -11.0097 3
    endloop
  endfacet
  facet normal 0 0 -1
    outer loop
      vertex -4.4615 -13.5874 3
      vertex -2.23075 -13.2937 3
      vertex -4.41353 -13.8779 3
    endloop
  endfacet
  facet normal 0 0 -1
    outer loop
      vertex -2.25 -13 3
      vertex -4.26118 -11.5535 3
      vertex -4.15746 -11.2779 3
    endloop
  endfacet
  facet normal -0 0 -1
    outer loop
      vertex -2.23075 -13.2937 3
      vertex -4.4615 -13.5874 3
      vertex -2.24518 -13.1472 3
    endloop
  endfacet
  facet normal 0 0 -1
    outer loop
      vertex -2.25 -13 3
      vertex -4.34667 -11.8353 3
      vertex -4.26118 -11.5535 3
    endloop
  endfacet
  facet normal 0 0 -1
    outer loop
      vertex -4.49037 -13.2943 3
      vertex -2.24518 -13.1472 3
      vertex -4.4615 -13.5874 3
    endloop
  endfacet
  facet normal 0 0 -1
    outer loop
      vertex -2.25 -13 3
      vertex -4.41353 -12.1221 3
      vertex -4.34667 -11.8353 3
    endloop
  endfacet
  facet normal -0 0 -1
    outer loop
      vertex -2.24518 -13.1472 3
      vertex -4.49037 -13.2943 3
      vertex -2.25 -13 3
    endloop
  endfacet
  facet normal 0 0 -1
    outer loop
      vertex -2.25 -13 3
      vertex -4.4615 -12.4126 3
      vertex -4.41353 -12.1221 3
    endloop
  endfacet
  facet normal 0 0 -1
    outer loop
      vertex -4.5 -13 3
      vertex -2.25 -13 3
      vertex -4.49037 -13.2943 3
    endloop
  endfacet
  facet normal 0 0 -1
    outer loop
      vertex -2.25 -13 3
      vertex -4.49037 -12.7057 3
      vertex -4.4615 -12.4126 3
    endloop
  endfacet
  facet normal 0 0 -1
    outer loop
      vertex -2.25 -13 3
      vertex -4.5 -13 3
      vertex -4.49037 -12.7057 3
    endloop
  endfacet
  facet normal 0 0 -1
    outer loop
      vertex 2.25 -13 3
      vertex 4.5 -13 3
      vertex 4.49037 -13.2943 3
    endloop
  endfacet
  facet normal 0 0 -1
    outer loop
      vertex 2.24518 -13.1472 3
      vertex 4.49037 -13.2943 3
      vertex 4.4615 -13.5874 3
    endloop
  endfacet
  facet normal 0 0 -1
    outer loop
      vertex 4.5 -13 3
      vertex 2.25 -13 3
      vertex 4.49037 -12.7057 3
    endloop
  endfacet
  facet normal 0 0 -1
    outer loop
      vertex 2.24518 -13.1472 3
      vertex 4.4615 -13.5874 3
      vertex 4.41353 -13.8779 3
    endloop
  endfacet
  facet normal 0 0 -1
    outer loop
      vertex 2.24518 -12.8528 3
      vertex 4.49037 -12.7057 3
      vertex 2.25 -13 3
    endloop
  endfacet
  facet normal 0 0 -1
    outer loop
      vertex 2.24518 -13.1472 3
      vertex 4.41353 -13.8779 3
      vertex 4.34667 -14.1647 3
    endloop
  endfacet
  facet normal -0 0 -1
    outer loop
      vertex 4.49037 -12.7057 3
      vertex 2.24518 -12.8528 3
      vertex 4.4615 -12.4126 3
    endloop
  endfacet
  facet normal 0 0 -1
    outer loop
      vertex 2.24518 -13.1472 3
      vertex 4.34667 -14.1647 3
      vertex 4.26118 -14.4465 3
    endloop
  endfacet
  facet normal 0 0 -1
    outer loop
      vertex 2.23075 -12.7063 3
      vertex 4.4615 -12.4126 3
      vertex 2.24518 -12.8528 3
    endloop
  endfacet
  facet normal 0 0 -1
    outer loop
      vertex 2.24518 -13.1472 3
      vertex 4.26118 -14.4465 3
      vertex 4.15746 -14.7221 3
    endloop
  endfacet
  facet normal -0 0 -1
    outer loop
      vertex 4.4615 -12.4126 3
      vertex 2.23075 -12.7063 3
      vertex 4.41353 -12.1221 3
    endloop
  endfacet
  facet normal 0 0 -1
    outer loop
      vertex 2.24518 -13.1472 3
      vertex 4.15746 -14.7221 3
      vertex 4.03593 -14.9903 3
    endloop
  endfacet
  facet normal 0 0 -1
    outer loop
      vertex 2.20677 -12.561 3
      vertex 4.41353 -12.1221 3
      vertex 2.23075 -12.7063 3
    endloop
  endfacet
  facet normal 0 0 -1
    outer loop
      vertex 2.24518 -13.1472 3
      vertex 4.03593 -14.9903 3
      vertex 3.89711 -15.25 3
    endloop
  endfacet
  facet normal -0 0 -1
    outer loop
      vertex 4.41353 -12.1221 3
      vertex 2.20677 -12.561 3
      vertex 4.34667 -11.8353 3
    endloop
  endfacet
  facet normal 0 0 -1
    outer loop
      vertex 2.24518 -13.1472 3
      vertex 3.89711 -15.25 3
      vertex 3.74161 -15.5001 3
    endloop
  endfacet
  facet normal 0 0 -1
    outer loop
      vertex 2.17333 -12.4177 3
      vertex 4.34667 -11.8353 3
      vertex 2.20677 -12.561 3
    endloop
  endfacet
  facet normal 0 0 -1
    outer loop
      vertex 2.24518 -13.1472 3
      vertex 3.74161 -15.5001 3
      vertex 3.57009 -15.7394 3
    endloop
  endfacet
  facet normal -0 0 -1
    outer loop
      vertex 4.34667 -11.8353 3
      vertex 2.17333 -12.4177 3
      vertex 4.26118 -11.5535 3
    endloop
  endfacet
  facet normal 0 0 -1
    outer loop
      vertex 2.24518 -13.1472 3
      vertex 3.57009 -15.7394 3
      vertex 3.38328 -15.9671 3
    endloop
  endfacet
  facet normal 0 0 -1
    outer loop
      vertex 2.13059 -12.2768 3
      vertex 4.26118 -11.5535 3
      vertex 2.17333 -12.4177 3
    endloop
  endfacet
  facet normal 0 0 -1
    outer loop
      vertex 2.24518 -13.1472 3
      vertex 3.38328 -15.9671 3
      vertex 3.18198 -16.182 3
    endloop
  endfacet
  facet normal -0 0 -1
    outer loop
      vertex 4.26118 -11.5535 3
      vertex 2.13059 -12.2768 3
      vertex 4.15746 -11.2779 3
    endloop
  endfacet
  facet normal 0 0 -1
    outer loop
      vertex 2.24518 -13.1472 3
      vertex 3.18198 -16.182 3
      vertex 2.96706 -16.3833 3
    endloop
  endfacet
  facet normal 0 0 -1
    outer loop
      vertex 2.07873 -12.139 3
      vertex 4.15746 -11.2779 3
      vertex 2.13059 -12.2768 3
    endloop
  endfacet
  facet normal 0 0 -1
    outer loop
      vertex 2.24518 -13.1472 3
      vertex 2.96706 -16.3833 3
      vertex 2.73943 -16.5701 3
    endloop
  endfacet
  facet normal -0 0 -1
    outer loop
      vertex 4.15746 -11.2779 3
      vertex 2.07873 -12.139 3
      vertex 4.03593 -11.0097 3
    endloop
  endfacet
  facet normal 0 0 -1
    outer loop
      vertex 2.24518 -13.1472 3
      vertex 2.73943 -16.5701 3
      vertex 2.50007 -16.7416 3
    endloop
  endfacet
  facet normal 0 0 -1
    outer loop
      vertex 2.01796 -12.0049 3
      vertex 4.03593 -11.0097 3
      vertex 2.07873 -12.139 3
    endloop
  endfacet
  facet normal 0 0 -1
    outer loop
      vertex 1.25003 -14.8708 3
      vertex 2.50007 -16.7416 3
      vertex 2.25 -16.8971 3
    endloop
  endfacet
  facet normal -0 0 -1
    outer loop
      vertex 4.03593 -11.0097 3
      vertex 2.01796 -12.0049 3
      vertex 3.89711 -10.75 3
    endloop
  endfacet
  facet normal 0 0 -1
    outer loop
      vertex 1.94856 -11.875 3
      vertex 3.89711 -10.75 3
      vertex 2.01796 -12.0049 3
    endloop
  endfacet
  facet normal -0 0 -1
    outer loop
      vertex 3.89711 -10.75 3
      vertex 1.94856 -11.875 3
      vertex 3.74161 -10.4999 3
    endloop
  endfacet
  facet normal 0 0 -1
    outer loop
      vertex 1.87081 -11.75 3
      vertex 3.74161 -10.4999 3
      vertex 1.94856 -11.875 3
    endloop
  endfacet
  facet normal -0 0 -1
    outer loop
      vertex 3.74161 -10.4999 3
      vertex 1.87081 -11.75 3
      vertex 3.57009 -10.2606 3
    endloop
  endfacet
  facet normal 0 0 -1
    outer loop
      vertex 1.78504 -11.6303 3
      vertex 3.57009 -10.2606 3
      vertex 1.87081 -11.75 3
    endloop
  endfacet
  facet normal -0 0 -1
    outer loop
      vertex 3.57009 -10.2606 3
      vertex 1.78504 -11.6303 3
      vertex 3.38328 -10.0329 3
    endloop
  endfacet
  facet normal 0 0 -1
    outer loop
      vertex 1.69164 -11.5165 3
      vertex 3.38328 -10.0329 3
      vertex 1.78504 -11.6303 3
    endloop
  endfacet
  facet normal -0 0 -1
    outer loop
      vertex 3.38328 -10.0329 3
      vertex 1.69164 -11.5165 3
      vertex 3.18198 -9.81802 3
    endloop
  endfacet
  facet normal 0 0 -1
    outer loop
      vertex 1.59099 -11.409 3
      vertex 3.18198 -9.81802 3
      vertex 1.69164 -11.5165 3
    endloop
  endfacet
  facet normal -0 0 -1
    outer loop
      vertex 3.18198 -9.81802 3
      vertex 1.59099 -11.409 3
      vertex 2.96706 -9.61672 3
    endloop
  endfacet
  facet normal 0 0 -1
    outer loop
      vertex 1.48353 -11.3084 3
      vertex 2.96706 -9.61672 3
      vertex 1.59099 -11.409 3
    endloop
  endfacet
  facet normal -0 0 -1
    outer loop
      vertex 2.96706 -9.61672 3
      vertex 1.48353 -11.3084 3
      vertex 2.73943 -9.42991 3
    endloop
  endfacet
  facet normal 0 0 -1
    outer loop
      vertex 1.36971 -11.215 3
      vertex 2.73943 -9.42991 3
      vertex 1.48353 -11.3084 3
    endloop
  endfacet
  facet normal -0 0 -1
    outer loop
      vertex 2.73943 -9.42991 3
      vertex 1.36971 -11.215 3
      vertex 2.50007 -9.25839 3
    endloop
  endfacet
  facet normal 0 0 -1
    outer loop
      vertex 1.25003 -11.1292 3
      vertex 2.50007 -9.25839 3
      vertex 1.36971 -11.215 3
    endloop
  endfacet
  facet normal -0 0 -1
    outer loop
      vertex 2.50007 -9.25839 3
      vertex 1.25003 -11.1292 3
      vertex 2.25 -9.10289 3
    endloop
  endfacet
  facet normal 0 0 -1
    outer loop
      vertex 1.125 -11.0514 3
      vertex 2.25 -9.10289 3
      vertex 1.25003 -11.1292 3
    endloop
  endfacet
  facet normal -0 0 -1
    outer loop
      vertex 2.25 -9.10289 3
      vertex 1.125 -11.0514 3
      vertex 1.9903 -8.96407 3
    endloop
  endfacet
  facet normal 0 0 -1
    outer loop
      vertex 0.995149 -10.982 3
      vertex 1.9903 -8.96407 3
      vertex 1.125 -11.0514 3
    endloop
  endfacet
  facet normal -0 0 -1
    outer loop
      vertex 1.9903 -8.96407 3
      vertex 0.995149 -10.982 3
      vertex 1.72207 -8.84254 3
    endloop
  endfacet
  facet normal 0 0 -1
    outer loop
      vertex 0.861037 -10.9213 3
      vertex 1.72207 -8.84254 3
      vertex 0.995149 -10.982 3
    endloop
  endfacet
  facet normal -0 0 -1
    outer loop
      vertex 1.72207 -8.84254 3
      vertex 0.861037 -10.9213 3
      vertex 1.44648 -8.73882 3
    endloop
  endfacet
  facet normal 0 0 -1
    outer loop
      vertex 0.723238 -10.8694 3
      vertex 1.44648 -8.73882 3
      vertex 0.861037 -10.9213 3
    endloop
  endfacet
  facet normal -0 0 -1
    outer loop
      vertex 1.44648 -8.73882 3
      vertex 0.723238 -10.8694 3
      vertex 1.16469 -8.65333 3
    endloop
  endfacet
  facet normal 0 0 -1
    outer loop
      vertex 0.582342 -10.8267 3
      vertex 1.16469 -8.65333 3
      vertex 0.723238 -10.8694 3
    endloop
  endfacet
  facet normal -0 0 -1
    outer loop
      vertex 1.16469 -8.65333 3
      vertex 0.582342 -10.8267 3
      vertex 0.877906 -8.58647 3
    endloop
  endfacet
  facet normal 0 0 -1
    outer loop
      vertex 0.438952 -10.7932 3
      vertex 0.877906 -8.58647 3
      vertex 0.582342 -10.8267 3
    endloop
  endfacet
  facet normal -0 0 -1
    outer loop
      vertex 0.877906 -8.58647 3
      vertex 0.438952 -10.7932 3
      vertex 0.587367 -8.5385 3
    endloop
  endfacet
  facet normal 0 0 -1
    outer loop
      vertex 0.293683 -10.7692 3
      vertex 0.587367 -8.5385 3
      vertex 0.438952 -10.7932 3
    endloop
  endfacet
  facet normal -0 0 -1
    outer loop
      vertex 0.587367 -8.5385 3
      vertex 0.293683 -10.7692 3
      vertex 0.294313 -8.50963 3
    endloop
  endfacet
  facet normal 0 0 -1
    outer loop
      vertex 0.147157 -10.7548 3
      vertex 0.294313 -8.50963 3
      vertex 0.293683 -10.7692 3
    endloop
  endfacet
  facet normal 0 0 -1
    outer loop
      vertex 0 -10.75 3
      vertex 0.294313 -8.50963 3
      vertex 0.147157 -10.7548 3
    endloop
  endfacet
  facet normal 0 0 -1
    outer loop
      vertex 0 -10.75 3
      vertex 0 -8.5 3
      vertex 0.294313 -8.50963 3
    endloop
  endfacet
  facet normal 0 0 -1
    outer loop
      vertex -0.147157 -10.7548 3
      vertex 0 -8.5 3
      vertex 0 -10.75 3
    endloop
  endfacet
  facet normal 0 0 -1
    outer loop
      vertex -0.294313 -8.50963 3
      vertex -0.147157 -10.7548 3
      vertex -0.293683 -10.7692 3
    endloop
  endfacet
  facet normal 0 0 -1
    outer loop
      vertex -0.147157 -10.7548 3
      vertex -0.294313 -8.50963 3
      vertex 0 -8.5 3
    endloop
  endfacet
  facet normal 0 0 -1
    outer loop
      vertex -0.587367 -8.5385 3
      vertex -0.293683 -10.7692 3
      vertex -0.438952 -10.7932 3
    endloop
  endfacet
  facet normal 0 0 -1
    outer loop
      vertex -0.877906 -8.58647 3
      vertex -0.438952 -10.7932 3
      vertex -0.582342 -10.8267 3
    endloop
  endfacet
  facet normal 0 0 -1
    outer loop
      vertex -0.293683 -10.7692 3
      vertex -0.587367 -8.5385 3
      vertex -0.294313 -8.50963 3
    endloop
  endfacet
  facet normal 0 0 -1
    outer loop
      vertex -1.16469 -8.65333 3
      vertex -0.582342 -10.8267 3
      vertex -0.723238 -10.8694 3
    endloop
  endfacet
  facet normal 0 0 -1
    outer loop
      vertex -1.44648 -8.73882 3
      vertex -0.723238 -10.8694 3
      vertex -0.861037 -10.9213 3
    endloop
  endfacet
  facet normal 0 0 -1
    outer loop
      vertex -0.438952 -10.7932 3
      vertex -0.877906 -8.58647 3
      vertex -0.587367 -8.5385 3
    endloop
  endfacet
  facet normal 0 0 -1
    outer loop
      vertex -1.72207 -8.84254 3
      vertex -0.861037 -10.9213 3
      vertex -0.995149 -10.982 3
    endloop
  endfacet
  facet normal 0 0 -1
    outer loop
      vertex -1.9903 -8.96407 3
      vertex -0.995149 -10.982 3
      vertex -1.125 -11.0514 3
    endloop
  endfacet
  facet normal 0 0 -1
    outer loop
      vertex -0.582342 -10.8267 3
      vertex -1.16469 -8.65333 3
      vertex -0.877906 -8.58647 3
    endloop
  endfacet
  facet normal 0 0 -1
    outer loop
      vertex -2.25 -9.10289 3
      vertex -1.125 -11.0514 3
      vertex -1.25003 -11.1292 3
    endloop
  endfacet
  facet normal 0 0 -1
    outer loop
      vertex -2.25 -9.10289 3
      vertex -1.25003 -11.1292 3
      vertex -1.36971 -11.215 3
    endloop
  endfacet
  facet normal 0 0 -1
    outer loop
      vertex -0.723238 -10.8694 3
      vertex -1.44648 -8.73882 3
      vertex -1.16469 -8.65333 3
    endloop
  endfacet
  facet normal 0 0 -1
    outer loop
      vertex -2.25 -9.10289 3
      vertex -1.36971 -11.215 3
      vertex -1.48353 -11.3084 3
    endloop
  endfacet
  facet normal 0 0 -1
    outer loop
      vertex -2.25 -9.10289 3
      vertex -1.48353 -11.3084 3
      vertex -1.59099 -11.409 3
    endloop
  endfacet
  facet normal 0 0 -1
    outer loop
      vertex -2.25 -9.10289 3
      vertex -1.59099 -11.409 3
      vertex -1.69164 -11.5165 3
    endloop
  endfacet
  facet normal 0 0 -1
    outer loop
      vertex -0.861037 -10.9213 3
      vertex -1.72207 -8.84254 3
      vertex -1.44648 -8.73882 3
    endloop
  endfacet
  facet normal 0 0 -1
    outer loop
      vertex -2.25 -9.10289 3
      vertex -1.69164 -11.5165 3
      vertex -1.78504 -11.6303 3
    endloop
  endfacet
  facet normal 0 0 -1
    outer loop
      vertex -2.25 -9.10289 3
      vertex -1.78504 -11.6303 3
      vertex -1.87081 -11.75 3
    endloop
  endfacet
  facet normal 0 0 -1
    outer loop
      vertex -2.25 -9.10289 3
      vertex -1.87081 -11.75 3
      vertex -1.94856 -11.875 3
    endloop
  endfacet
  facet normal 0 0 -1
    outer loop
      vertex -0.995149 -10.982 3
      vertex -1.9903 -8.96407 3
      vertex -1.72207 -8.84254 3
    endloop
  endfacet
  facet normal 0 0 -1
    outer loop
      vertex -2.25 -9.10289 3
      vertex -1.94856 -11.875 3
      vertex -2.01796 -12.0049 3
    endloop
  endfacet
  facet normal 0 0 -1
    outer loop
      vertex -2.25 -9.10289 3
      vertex -2.01796 -12.0049 3
      vertex -2.07873 -12.139 3
    endloop
  endfacet
  facet normal 0 0 -1
    outer loop
      vertex -2.25 -9.10289 3
      vertex -2.07873 -12.139 3
      vertex -2.13059 -12.2768 3
    endloop
  endfacet
  facet normal 0 0 -1
    outer loop
      vertex -2.25 -9.10289 3
      vertex -2.13059 -12.2768 3
      vertex -2.17333 -12.4177 3
    endloop
  endfacet
  facet normal 0 0 -1
    outer loop
      vertex -2.25 -9.10289 3
      vertex -2.17333 -12.4177 3
      vertex -2.20677 -12.561 3
    endloop
  endfacet
  facet normal 0 0 -1
    outer loop
      vertex -2.25 -9.10289 3
      vertex -2.20677 -12.561 3
      vertex -2.23075 -12.7063 3
    endloop
  endfacet
  facet normal 0 0 -1
    outer loop
      vertex -2.25 -9.10289 3
      vertex -2.23075 -12.7063 3
      vertex -2.24518 -12.8528 3
    endloop
  endfacet
  facet normal 0 0 -1
    outer loop
      vertex -1.125 -11.0514 3
      vertex -2.25 -9.10289 3
      vertex -1.9903 -8.96407 3
    endloop
  endfacet
  facet normal 0 0 -1
    outer loop
      vertex -2.25 -9.10289 3
      vertex -2.24518 -12.8528 3
      vertex -2.25 -13 3
    endloop
  endfacet
  facet normal 0.796301 -0.0784342 0.599795
    outer loop
      vertex -2.24518 -12.8528 0
      vertex -2.23075 -12.7063 0
      vertex -4.4615 -12.4126 3
    endloop
  endfacet
  facet normal 0.232322 0.765683 0.599796
    outer loop
      vertex -1.16469 -17.3467 3
      vertex -0.723238 -15.1306 0
      vertex -1.44648 -17.2612 3
    endloop
  endfacet
  facet normal 0.584092 0.546873 0.599805
    outer loop
      vertex -1.59099 -14.591 0
      vertex -1.69164 -14.4835 0
      vertex -3.38328 -15.9671 3
    endloop
  endfacet
  facet normal -0.650414 -0.466048 0.5998
    outer loop
      vertex 1.87081 -11.75 0
      vertex 3.74161 -10.4999 3
      vertex 1.78504 -11.6303 0
    endloop
  endfacet
  facet normal 0.377163 -0.705691 0.59979
    outer loop
      vertex -1.125 -11.0514 0
      vertex -0.995149 -10.982 0
      vertex -1.9903 -8.96407 3
    endloop
  endfacet
  facet normal -0.618505 -0.50763 0.599803
    outer loop
      vertex 1.78504 -11.6303 0
      vertex 3.38328 -10.0329 3
      vertex 1.69164 -11.5165 0
    endloop
  endfacet
  facet normal -0.67952 -0.422492 0.599794
    outer loop
      vertex 3.89711 -10.75 3
      vertex 3.74161 -10.4999 3
      vertex 1.94856 -11.875 0
    endloop
  endfacet
  facet normal 0.0782598 0.796326 0.599783
    outer loop
      vertex -0.147157 -15.2452 0
      vertex -0.293683 -15.2308 0
      vertex -0.587367 -17.4615 3
    endloop
  endfacet
  facet normal -0.779257 -0.181664 0.599797
    outer loop
      vertex 2.17333 -12.4177 0
      vertex 4.41353 -12.1221 3
      vertex 4.34667 -11.8353 3
    endloop
  endfacet
  facet normal -0.779223 -0.181837 0.599789
    outer loop
      vertex 4.41353 -12.1221 3
      vertex 2.17333 -12.4177 0
      vertex 2.20677 -12.561 0
    endloop
  endfacet
  facet normal -0.796301 -0.0784346 0.599795
    outer loop
      vertex 4.49037 -12.7057 3
      vertex 4.4615 -12.4126 3
      vertex 2.24518 -12.8528 0
    endloop
  endfacet
  facet normal -0.796301 -0.0784342 0.599795
    outer loop
      vertex 2.24518 -12.8528 0
      vertex 4.4615 -12.4126 3
      vertex 2.23075 -12.7063 0
    endloop
  endfacet
  facet normal -0.0326009 -0.999468 0
    outer loop
      vertex 0 15.25 3
      vertex 0.147157 15.2452 75
      vertex 0 15.25 75
    endloop
  endfacet
  facet normal -0.0326009 -0.999468 -0
    outer loop
      vertex 0.147157 15.2452 75
      vertex 0 15.25 3
      vertex 0.147157 15.2452 3
    endloop
  endfacet
  facet normal -0.995184 -0.0980239 0
    outer loop
      vertex 2.24518 13.1472 3
      vertex 2.23075 13.2937 75
      vertex 2.23075 13.2937 3
    endloop
  endfacet
  facet normal -0.995184 -0.0980239 0
    outer loop
      vertex 2.23075 13.2937 75
      vertex 2.24518 13.1472 3
      vertex 2.24518 13.1472 75
    endloop
  endfacet
  facet normal -0.999464 -0.032727 0
    outer loop
      vertex 2.25 13 3
      vertex 2.24518 13.1472 75
      vertex 2.24518 13.1472 3
    endloop
  endfacet
  facet normal -0.999464 -0.032727 0
    outer loop
      vertex 2.24518 13.1472 75
      vertex 2.25 13 3
      vertex 2.25 13 75
    endloop
  endfacet
  facet normal -0.986653 -0.162835 0
    outer loop
      vertex 2.23075 13.2937 3
      vertex 2.20677 13.439 75
      vertex 2.20677 13.439 3
    endloop
  endfacet
  facet normal -0.986653 -0.162835 0
    outer loop
      vertex 2.20677 13.439 75
      vertex 2.23075 13.2937 3
      vertex 2.23075 13.2937 75
    endloop
  endfacet
  facet normal 0.973836 0.227251 0
    outer loop
      vertex -2.17333 12.4177 75
      vertex -2.20677 12.561 3
      vertex -2.20677 12.561 75
    endloop
  endfacet
  facet normal 0.973836 0.227251 0
    outer loop
      vertex -2.20677 12.561 3
      vertex -2.17333 12.4177 75
      vertex -2.17333 12.4177 3
    endloop
  endfacet
  facet normal -0.0978049 0.995206 0
    outer loop
      vertex 0.293683 10.7692 3
      vertex 0.147157 10.7548 75
      vertex 0.293683 10.7692 75
    endloop
  endfacet
  facet normal -0.0978049 0.995206 0
    outer loop
      vertex 0.147157 10.7548 75
      vertex 0.293683 10.7692 3
      vertex 0.147157 10.7548 3
    endloop
  endfacet
  facet normal 0.582651 0.812723 -0
    outer loop
      vertex -1.25003 11.1292 3
      vertex -1.36971 11.215 75
      vertex -1.25003 11.1292 75
    endloop
  endfacet
  facet normal 0.582651 0.812723 0
    outer loop
      vertex -1.36971 11.215 75
      vertex -1.25003 11.1292 3
      vertex -1.36971 11.215 3
    endloop
  endfacet
  facet normal -0.0326009 0.999468 0
    outer loop
      vertex 0.147157 10.7548 3
      vertex 0 10.75 75
      vertex 0.147157 10.7548 75
    endloop
  endfacet
  facet normal -0.0326009 0.999468 0
    outer loop
      vertex 0 10.75 75
      vertex 0.147157 10.7548 3
      vertex 0 10.75 3
    endloop
  endfacet
  facet normal 0.986653 -0.162835 0
    outer loop
      vertex -2.23075 13.2937 75
      vertex -2.20677 13.439 3
      vertex -2.20677 13.439 75
    endloop
  endfacet
  facet normal 0.986653 -0.162835 0
    outer loop
      vertex -2.20677 13.439 3
      vertex -2.23075 13.2937 75
      vertex -2.23075 13.2937 3
    endloop
  endfacet
  facet normal -0.882014 -0.471222 0
    outer loop
      vertex 2.01796 13.9951 3
      vertex 1.94856 14.125 75
      vertex 1.94856 14.125 3
    endloop
  endfacet
  facet normal -0.882014 -0.471222 0
    outer loop
      vertex 1.94856 14.125 75
      vertex 2.01796 13.9951 3
      vertex 2.01796 13.9951 75
    endloop
  endfacet
  facet normal 0.935915 -0.352225 0
    outer loop
      vertex -2.13059 13.7232 75
      vertex -2.07873 13.861 3
      vertex -2.07873 13.861 75
    endloop
  endfacet
  facet normal 0.935915 -0.352225 0
    outer loop
      vertex -2.07873 13.861 3
      vertex -2.13059 13.7232 75
      vertex -2.13059 13.7232 3
    endloop
  endfacet
  facet normal -0.956943 -0.290275 0
    outer loop
      vertex 2.17333 13.5823 3
      vertex 2.13059 13.7232 75
      vertex 2.13059 13.7232 3
    endloop
  endfacet
  facet normal -0.956943 -0.290275 0
    outer loop
      vertex 2.13059 13.7232 75
      vertex 2.17333 13.5823 3
      vertex 2.17333 13.5823 75
    endloop
  endfacet
  facet normal 0.729982 0.683467 0
    outer loop
      vertex -1.59099 11.409 75
      vertex -1.69164 11.5165 3
      vertex -1.69164 11.5165 75
    endloop
  endfacet
  facet normal 0.729982 0.683467 0
    outer loop
      vertex -1.69164 11.5165 3
      vertex -1.59099 11.409 75
      vertex -1.59099 11.409 3
    endloop
  endfacet
  facet normal -0.812865 -0.582452 0
    outer loop
      vertex 1.87081 14.25 3
      vertex 1.78504 14.3697 75
      vertex 1.78504 14.3697 3
    endloop
  endfacet
  facet normal -0.812865 -0.582452 0
    outer loop
      vertex 1.78504 14.3697 75
      vertex 1.87081 14.25 3
      vertex 1.87081 14.25 75
    endloop
  endfacet
  facet normal 0.412339 0.911031 -0
    outer loop
      vertex -0.861037 10.9213 3
      vertex -0.995149 10.982 75
      vertex -0.861037 10.9213 75
    endloop
  endfacet
  facet normal 0.412339 0.911031 0
    outer loop
      vertex -0.995149 10.982 75
      vertex -0.861037 10.9213 3
      vertex -0.995149 10.982 3
    endloop
  endfacet
  facet normal -0.772988 0.634421 0
    outer loop
      vertex 1.69164 11.5165 3
      vertex 1.78504 11.6303 75
      vertex 1.78504 11.6303 3
    endloop
  endfacet
  facet normal -0.772988 0.634421 0
    outer loop
      vertex 1.78504 11.6303 75
      vertex 1.69164 11.5165 3
      vertex 1.69164 11.5165 75
    endloop
  endfacet
  facet normal -0.910838 -0.412764 0
    outer loop
      vertex 2.07873 13.861 3
      vertex 2.01796 13.9951 75
      vertex 2.01796 13.9951 3
    endloop
  endfacet
  facet normal -0.910838 -0.412764 0
    outer loop
      vertex 2.01796 13.9951 75
      vertex 2.07873 13.861 3
      vertex 2.07873 13.861 75
    endloop
  endfacet
  facet normal -0.999464 0.032727 0
    outer loop
      vertex 2.24518 12.8528 3
      vertex 2.25 13 75
      vertex 2.25 13 3
    endloop
  endfacet
  facet normal -0.999464 0.032727 0
    outer loop
      vertex 2.25 13 75
      vertex 2.24518 12.8528 3
      vertex 2.24518 12.8528 75
    endloop
  endfacet
  facet normal 0.582651 -0.812723 0
    outer loop
      vertex -1.36971 14.785 3
      vertex -1.25003 14.8708 75
      vertex -1.36971 14.785 75
    endloop
  endfacet
  facet normal 0.582651 -0.812723 0
    outer loop
      vertex -1.25003 14.8708 75
      vertex -1.36971 14.785 3
      vertex -1.25003 14.8708 3
    endloop
  endfacet
  facet normal 0.849141 0.528166 0
    outer loop
      vertex -1.87081 11.75 75
      vertex -1.94856 11.875 3
      vertex -1.94856 11.875 75
    endloop
  endfacet
  facet normal 0.849141 0.528166 0
    outer loop
      vertex -1.94856 11.875 3
      vertex -1.87081 11.75 75
      vertex -1.87081 11.75 3
    endloop
  endfacet
  facet normal 0.935915 0.352225 0
    outer loop
      vertex -2.07873 12.139 75
      vertex -2.13059 12.2768 3
      vertex -2.13059 12.2768 75
    endloop
  endfacet
  facet normal 0.935915 0.352225 0
    outer loop
      vertex -2.13059 12.2768 3
      vertex -2.07873 12.139 75
      vertex -2.07873 12.139 3
    endloop
  endfacet
  facet normal -0.849141 -0.528166 0
    outer loop
      vertex 1.94856 14.125 3
      vertex 1.87081 14.25 75
      vertex 1.87081 14.25 3
    endloop
  endfacet
  facet normal -0.849141 -0.528166 0
    outer loop
      vertex 1.87081 14.25 75
      vertex 1.94856 14.125 3
      vertex 1.94856 14.125 75
    endloop
  endfacet
  facet normal 0.683421 -0.730024 0
    outer loop
      vertex -1.59099 14.591 3
      vertex -1.48353 14.6916 75
      vertex -1.59099 14.591 75
    endloop
  endfacet
  facet normal 0.683421 -0.730024 0
    outer loop
      vertex -1.48353 14.6916 75
      vertex -1.59099 14.591 3
      vertex -1.48353 14.6916 3
    endloop
  endfacet
  facet normal -0.352465 -0.935825 0
    outer loop
      vertex 0.723238 15.1306 3
      vertex 0.861037 15.0787 75
      vertex 0.723238 15.1306 75
    endloop
  endfacet
  facet normal -0.352465 -0.935825 -0
    outer loop
      vertex 0.861037 15.0787 75
      vertex 0.723238 15.1306 3
      vertex 0.861037 15.0787 3
    endloop
  endfacet
  facet normal -0.227502 0.973778 0
    outer loop
      vertex 0.582342 10.8267 3
      vertex 0.438952 10.7932 75
      vertex 0.582342 10.8267 75
    endloop
  endfacet
  facet normal -0.227502 0.973778 0
    outer loop
      vertex 0.438952 10.7932 75
      vertex 0.582342 10.8267 3
      vertex 0.438952 10.7932 3
    endloop
  endfacet
  facet normal -0.528319 0.849046 0
    outer loop
      vertex 1.25003 11.1292 3
      vertex 1.125 11.0514 75
      vertex 1.25003 11.1292 75
    endloop
  endfacet
  facet normal -0.528319 0.849046 0
    outer loop
      vertex 1.125 11.0514 75
      vertex 1.25003 11.1292 3
      vertex 1.125 11.0514 3
    endloop
  endfacet
  facet normal 0.412339 -0.911031 0
    outer loop
      vertex -0.995149 15.018 3
      vertex -0.861037 15.0787 75
      vertex -0.995149 15.018 75
    endloop
  endfacet
  facet normal 0.412339 -0.911031 0
    outer loop
      vertex -0.861037 15.0787 75
      vertex -0.995149 15.018 3
      vertex -0.861037 15.0787 3
    endloop
  endfacet
  facet normal -0.582651 -0.812723 0
    outer loop
      vertex 1.25003 14.8708 3
      vertex 1.36971 14.785 75
      vertex 1.25003 14.8708 75
    endloop
  endfacet
  facet normal -0.582651 -0.812723 -0
    outer loop
      vertex 1.36971 14.785 75
      vertex 1.25003 14.8708 3
      vertex 1.36971 14.785 3
    endloop
  endfacet
  facet normal 0.634354 -0.773043 0
    outer loop
      vertex -1.48353 14.6916 3
      vertex -1.36971 14.785 75
      vertex -1.48353 14.6916 75
    endloop
  endfacet
  facet normal 0.634354 -0.773043 0
    outer loop
      vertex -1.36971 14.785 75
      vertex -1.48353 14.6916 3
      vertex -1.36971 14.785 3
    endloop
  endfacet
  facet normal 0.290034 0.957016 -0
    outer loop
      vertex -0.582342 10.8267 3
      vertex -0.723238 10.8694 75
      vertex -0.582342 10.8267 75
    endloop
  endfacet
  facet normal 0.290034 0.957016 0
    outer loop
      vertex -0.723238 10.8694 75
      vertex -0.582342 10.8267 3
      vertex -0.723238 10.8694 3
    endloop
  endfacet
  facet normal -0.973836 0.227251 0
    outer loop
      vertex 2.17333 12.4177 3
      vertex 2.20677 12.561 75
      vertex 2.20677 12.561 3
    endloop
  endfacet
  facet normal -0.973836 0.227251 0
    outer loop
      vertex 2.20677 12.561 75
      vertex 2.17333 12.4177 3
      vertex 2.17333 12.4177 75
    endloop
  endfacet
  facet normal 0.0978049 0.995206 -0
    outer loop
      vertex -0.147157 10.7548 3
      vertex -0.293683 10.7692 75
      vertex -0.147157 10.7548 75
    endloop
  endfacet
  facet normal 0.0978049 0.995206 0
    outer loop
      vertex -0.293683 10.7692 75
      vertex -0.147157 10.7548 3
      vertex -0.293683 10.7692 3
    endloop
  endfacet
  facet normal -0.528319 -0.849046 0
    outer loop
      vertex 1.125 14.9486 3
      vertex 1.25003 14.8708 75
      vertex 1.125 14.9486 75
    endloop
  endfacet
  facet normal -0.528319 -0.849046 -0
    outer loop
      vertex 1.25003 14.8708 75
      vertex 1.125 14.9486 3
      vertex 1.25003 14.8708 3
    endloop
  endfacet
  facet normal -0.973836 -0.227251 0
    outer loop
      vertex 2.20677 13.439 3
      vertex 2.17333 13.5823 75
      vertex 2.17333 13.5823 3
    endloop
  endfacet
  facet normal -0.973836 -0.227251 0
    outer loop
      vertex 2.17333 13.5823 75
      vertex 2.20677 13.439 3
      vertex 2.20677 13.439 75
    endloop
  endfacet
  facet normal -0.471361 -0.88194 0
    outer loop
      vertex 0.995149 15.018 3
      vertex 1.125 14.9486 75
      vertex 0.995149 15.018 75
    endloop
  endfacet
  facet normal -0.471361 -0.88194 -0
    outer loop
      vertex 1.125 14.9486 75
      vertex 0.995149 15.018 3
      vertex 1.125 14.9486 3
    endloop
  endfacet
  facet normal -0.935915 0.352225 0
    outer loop
      vertex 2.07873 12.139 3
      vertex 2.13059 12.2768 75
      vertex 2.13059 12.2768 3
    endloop
  endfacet
  facet normal -0.935915 0.352225 0
    outer loop
      vertex 2.13059 12.2768 75
      vertex 2.07873 12.139 3
      vertex 2.07873 12.139 75
    endloop
  endfacet
  facet normal -0.812865 0.582452 0
    outer loop
      vertex 1.78504 11.6303 3
      vertex 1.87081 11.75 75
      vertex 1.87081 11.75 3
    endloop
  endfacet
  facet normal -0.812865 0.582452 0
    outer loop
      vertex 1.87081 11.75 75
      vertex 1.78504 11.6303 3
      vertex 1.78504 11.6303 75
    endloop
  endfacet
  facet normal -0.471361 0.88194 0
    outer loop
      vertex 1.125 11.0514 3
      vertex 0.995149 10.982 75
      vertex 1.125 11.0514 75
    endloop
  endfacet
  facet normal -0.471361 0.88194 0
    outer loop
      vertex 0.995149 10.982 75
      vertex 1.125 11.0514 3
      vertex 0.995149 10.982 3
    endloop
  endfacet
  facet normal -0.910838 0.412764 0
    outer loop
      vertex 2.01796 12.0049 3
      vertex 2.07873 12.139 75
      vertex 2.07873 12.139 3
    endloop
  endfacet
  facet normal -0.910838 0.412764 0
    outer loop
      vertex 2.07873 12.139 75
      vertex 2.01796 12.0049 3
      vertex 2.01796 12.0049 75
    endloop
  endfacet
  facet normal -0.683421 -0.730024 0
    outer loop
      vertex 1.48353 14.6916 3
      vertex 1.59099 14.591 75
      vertex 1.48353 14.6916 75
    endloop
  endfacet
  facet normal -0.683421 -0.730024 -0
    outer loop
      vertex 1.59099 14.591 75
      vertex 1.48353 14.6916 3
      vertex 1.59099 14.591 3
    endloop
  endfacet
  facet normal 0.352465 -0.935825 0
    outer loop
      vertex -0.861037 15.0787 3
      vertex -0.723238 15.1306 75
      vertex -0.861037 15.0787 75
    endloop
  endfacet
  facet normal 0.352465 -0.935825 0
    outer loop
      vertex -0.723238 15.1306 75
      vertex -0.861037 15.0787 3
      vertex -0.723238 15.1306 3
    endloop
  endfacet
  facet normal 0.528319 -0.849046 0
    outer loop
      vertex -1.25003 14.8708 3
      vertex -1.125 14.9486 75
      vertex -1.25003 14.8708 75
    endloop
  endfacet
  facet normal 0.528319 -0.849046 0
    outer loop
      vertex -1.125 14.9486 75
      vertex -1.25003 14.8708 3
      vertex -1.125 14.9486 3
    endloop
  endfacet
  facet normal 0.352465 0.935825 -0
    outer loop
      vertex -0.723238 10.8694 3
      vertex -0.861037 10.9213 75
      vertex -0.723238 10.8694 75
    endloop
  endfacet
  facet normal 0.352465 0.935825 0
    outer loop
      vertex -0.861037 10.9213 75
      vertex -0.723238 10.8694 3
      vertex -0.861037 10.9213 3
    endloop
  endfacet
  facet normal 0.849141 -0.528166 0
    outer loop
      vertex -1.94856 14.125 75
      vertex -1.87081 14.25 3
      vertex -1.87081 14.25 75
    endloop
  endfacet
  facet normal 0.849141 -0.528166 0
    outer loop
      vertex -1.87081 14.25 3
      vertex -1.94856 14.125 75
      vertex -1.94856 14.125 3
    endloop
  endfacet
  facet normal -0.935915 -0.352225 0
    outer loop
      vertex 2.13059 13.7232 3
      vertex 2.07873 13.861 75
      vertex 2.07873 13.861 3
    endloop
  endfacet
  facet normal -0.935915 -0.352225 0
    outer loop
      vertex 2.07873 13.861 75
      vertex 2.13059 13.7232 3
      vertex 2.13059 13.7232 75
    endloop
  endfacet
  facet normal 0.973836 -0.227251 0
    outer loop
      vertex -2.20677 13.439 75
      vertex -2.17333 13.5823 3
      vertex -2.17333 13.5823 75
    endloop
  endfacet
  facet normal 0.973836 -0.227251 0
    outer loop
      vertex -2.17333 13.5823 3
      vertex -2.20677 13.439 75
      vertex -2.20677 13.439 3
    endloop
  endfacet
  facet normal -0.956943 0.290275 0
    outer loop
      vertex 2.13059 12.2768 3
      vertex 2.17333 12.4177 75
      vertex 2.17333 12.4177 3
    endloop
  endfacet
  facet normal -0.956943 0.290275 0
    outer loop
      vertex 2.17333 12.4177 75
      vertex 2.13059 12.2768 3
      vertex 2.13059 12.2768 75
    endloop
  endfacet
  facet normal -0.683421 0.730024 0
    outer loop
      vertex 1.59099 11.409 3
      vertex 1.48353 11.3084 75
      vertex 1.59099 11.409 75
    endloop
  endfacet
  facet normal -0.683421 0.730024 0
    outer loop
      vertex 1.48353 11.3084 75
      vertex 1.59099 11.409 3
      vertex 1.48353 11.3084 3
    endloop
  endfacet
  facet normal -0.412339 -0.911031 0
    outer loop
      vertex 0.861037 15.0787 3
      vertex 0.995149 15.018 75
      vertex 0.861037 15.0787 75
    endloop
  endfacet
  facet normal -0.412339 -0.911031 -0
    outer loop
      vertex 0.995149 15.018 75
      vertex 0.861037 15.0787 3
      vertex 0.995149 15.018 3
    endloop
  endfacet
  facet normal -0.227502 -0.973778 0
    outer loop
      vertex 0.438952 15.2068 3
      vertex 0.582342 15.1733 75
      vertex 0.438952 15.2068 75
    endloop
  endfacet
  facet normal -0.227502 -0.973778 -0
    outer loop
      vertex 0.582342 15.1733 75
      vertex 0.438952 15.2068 3
      vertex 0.582342 15.1733 3
    endloop
  endfacet
  facet normal 0.812865 0.582452 0
    outer loop
      vertex -1.78504 11.6303 75
      vertex -1.87081 11.75 3
      vertex -1.87081 11.75 75
    endloop
  endfacet
  facet normal 0.812865 0.582452 0
    outer loop
      vertex -1.87081 11.75 3
      vertex -1.78504 11.6303 75
      vertex -1.78504 11.6303 3
    endloop
  endfacet
  facet normal -0.729982 0.683467 0
    outer loop
      vertex 1.59099 11.409 3
      vertex 1.69164 11.5165 75
      vertex 1.69164 11.5165 3
    endloop
  endfacet
  facet normal -0.729982 0.683467 0
    outer loop
      vertex 1.69164 11.5165 75
      vertex 1.59099 11.409 3
      vertex 1.59099 11.409 75
    endloop
  endfacet
  facet normal 0.0326009 -0.999468 0
    outer loop
      vertex -0.147157 15.2452 3
      vertex 0 15.25 75
      vertex -0.147157 15.2452 75
    endloop
  endfacet
  facet normal 0.0326009 -0.999468 0
    outer loop
      vertex 0 15.25 75
      vertex -0.147157 15.2452 3
      vertex 0 15.25 3
    endloop
  endfacet
  facet normal 0.999464 0.032727 0
    outer loop
      vertex -2.24518 12.8528 75
      vertex -2.25 13 3
      vertex -2.25 13 75
    endloop
  endfacet
  facet normal 0.999464 0.032727 0
    outer loop
      vertex -2.25 13 3
      vertex -2.24518 12.8528 75
      vertex -2.24518 12.8528 3
    endloop
  endfacet
  facet normal -0.772988 -0.634421 0
    outer loop
      vertex 1.78504 14.3697 3
      vertex 1.69164 14.4835 75
      vertex 1.69164 14.4835 3
    endloop
  endfacet
  facet normal -0.772988 -0.634421 0
    outer loop
      vertex 1.69164 14.4835 75
      vertex 1.78504 14.3697 3
      vertex 1.78504 14.3697 75
    endloop
  endfacet
  facet normal 0.995184 0.0980239 0
    outer loop
      vertex -2.23075 12.7063 75
      vertex -2.24518 12.8528 3
      vertex -2.24518 12.8528 75
    endloop
  endfacet
  facet normal 0.995184 0.0980239 0
    outer loop
      vertex -2.24518 12.8528 3
      vertex -2.23075 12.7063 75
      vertex -2.23075 12.7063 3
    endloop
  endfacet
  facet normal 0.986653 0.162835 0
    outer loop
      vertex -2.20677 12.561 75
      vertex -2.23075 12.7063 3
      vertex -2.23075 12.7063 75
    endloop
  endfacet
  facet normal 0.986653 0.162835 0
    outer loop
      vertex -2.23075 12.7063 3
      vertex -2.20677 12.561 75
      vertex -2.20677 12.561 3
    endloop
  endfacet
  facet normal -0.352465 0.935825 0
    outer loop
      vertex 0.861037 10.9213 3
      vertex 0.723238 10.8694 75
      vertex 0.861037 10.9213 75
    endloop
  endfacet
  facet normal -0.352465 0.935825 0
    outer loop
      vertex 0.723238 10.8694 75
      vertex 0.861037 10.9213 3
      vertex 0.723238 10.8694 3
    endloop
  endfacet
  facet normal 0.0978049 -0.995206 0
    outer loop
      vertex -0.293683 15.2308 3
      vertex -0.147157 15.2452 75
      vertex -0.293683 15.2308 75
    endloop
  endfacet
  facet normal 0.0978049 -0.995206 0
    outer loop
      vertex -0.147157 15.2452 75
      vertex -0.293683 15.2308 3
      vertex -0.147157 15.2452 3
    endloop
  endfacet
  facet normal 0.910838 0.412764 0
    outer loop
      vertex -2.01796 12.0049 75
      vertex -2.07873 12.139 3
      vertex -2.07873 12.139 75
    endloop
  endfacet
  facet normal 0.910838 0.412764 0
    outer loop
      vertex -2.07873 12.139 3
      vertex -2.01796 12.0049 75
      vertex -2.01796 12.0049 3
    endloop
  endfacet
  facet normal -0.290034 0.957016 0
    outer loop
      vertex 0.723238 10.8694 3
      vertex 0.582342 10.8267 75
      vertex 0.723238 10.8694 75
    endloop
  endfacet
  facet normal -0.290034 0.957016 0
    outer loop
      vertex 0.582342 10.8267 75
      vertex 0.723238 10.8694 3
      vertex 0.582342 10.8267 3
    endloop
  endfacet
  facet normal -0.849141 0.528166 0
    outer loop
      vertex 1.87081 11.75 3
      vertex 1.94856 11.875 75
      vertex 1.94856 11.875 3
    endloop
  endfacet
  facet normal -0.849141 0.528166 0
    outer loop
      vertex 1.94856 11.875 75
      vertex 1.87081 11.75 3
      vertex 1.87081 11.75 75
    endloop
  endfacet
  facet normal -0.729982 -0.683467 0
    outer loop
      vertex 1.69164 14.4835 3
      vertex 1.59099 14.591 75
      vertex 1.59099 14.591 3
    endloop
  endfacet
  facet normal -0.729982 -0.683467 0
    outer loop
      vertex 1.59099 14.591 75
      vertex 1.69164 14.4835 3
      vertex 1.69164 14.4835 75
    endloop
  endfacet
  facet normal -0.0978049 -0.995206 0
    outer loop
      vertex 0.147157 15.2452 3
      vertex 0.293683 15.2308 75
      vertex 0.147157 15.2452 75
    endloop
  endfacet
  facet normal -0.0978049 -0.995206 -0
    outer loop
      vertex 0.293683 15.2308 75
      vertex 0.147157 15.2452 3
      vertex 0.293683 15.2308 3
    endloop
  endfacet
  facet normal -0.634354 -0.773043 0
    outer loop
      vertex 1.36971 14.785 3
      vertex 1.48353 14.6916 75
      vertex 1.36971 14.785 75
    endloop
  endfacet
  facet normal -0.634354 -0.773043 -0
    outer loop
      vertex 1.48353 14.6916 75
      vertex 1.36971 14.785 3
      vertex 1.48353 14.6916 3
    endloop
  endfacet
  facet normal 0.290034 -0.957016 0
    outer loop
      vertex -0.723238 15.1306 3
      vertex -0.582342 15.1733 75
      vertex -0.723238 15.1306 75
    endloop
  endfacet
  facet normal 0.290034 -0.957016 0
    outer loop
      vertex -0.582342 15.1733 75
      vertex -0.723238 15.1306 3
      vertex -0.582342 15.1733 3
    endloop
  endfacet
  facet normal -0.634354 0.773043 0
    outer loop
      vertex 1.48353 11.3084 3
      vertex 1.36971 11.215 75
      vertex 1.48353 11.3084 75
    endloop
  endfacet
  facet normal -0.634354 0.773043 0
    outer loop
      vertex 1.36971 11.215 75
      vertex 1.48353 11.3084 3
      vertex 1.36971 11.215 3
    endloop
  endfacet
  facet normal 0.163001 -0.986626 0
    outer loop
      vertex -0.438952 15.2068 3
      vertex -0.293683 15.2308 75
      vertex -0.438952 15.2068 75
    endloop
  endfacet
  facet normal 0.163001 -0.986626 0
    outer loop
      vertex -0.293683 15.2308 75
      vertex -0.438952 15.2068 3
      vertex -0.293683 15.2308 3
    endloop
  endfacet
  facet normal 0.528319 0.849046 -0
    outer loop
      vertex -1.125 11.0514 3
      vertex -1.25003 11.1292 75
      vertex -1.125 11.0514 75
    endloop
  endfacet
  facet normal 0.528319 0.849046 0
    outer loop
      vertex -1.25003 11.1292 75
      vertex -1.125 11.0514 3
      vertex -1.25003 11.1292 3
    endloop
  endfacet
  facet normal 0.163001 0.986626 -0
    outer loop
      vertex -0.293683 10.7692 3
      vertex -0.438952 10.7932 75
      vertex -0.293683 10.7692 75
    endloop
  endfacet
  facet normal 0.163001 0.986626 0
    outer loop
      vertex -0.438952 10.7932 75
      vertex -0.293683 10.7692 3
      vertex -0.438952 10.7932 3
    endloop
  endfacet
  facet normal -0.163001 0.986626 0
    outer loop
      vertex 0.438952 10.7932 3
      vertex 0.293683 10.7692 75
      vertex 0.438952 10.7932 75
    endloop
  endfacet
  facet normal -0.163001 0.986626 0
    outer loop
      vertex 0.293683 10.7692 75
      vertex 0.438952 10.7932 3
      vertex 0.293683 10.7692 3
    endloop
  endfacet
  facet normal -0.995184 0.0980239 0
    outer loop
      vertex 2.23075 12.7063 3
      vertex 2.24518 12.8528 75
      vertex 2.24518 12.8528 3
    endloop
  endfacet
  facet normal -0.995184 0.0980239 0
    outer loop
      vertex 2.24518 12.8528 75
      vertex 2.23075 12.7063 3
      vertex 2.23075 12.7063 75
    endloop
  endfacet
  facet normal -0.986653 0.162835 0
    outer loop
      vertex 2.20677 12.561 3
      vertex 2.23075 12.7063 75
      vertex 2.23075 12.7063 3
    endloop
  endfacet
  facet normal -0.986653 0.162835 0
    outer loop
      vertex 2.23075 12.7063 75
      vertex 2.20677 12.561 3
      vertex 2.20677 12.561 75
    endloop
  endfacet
  facet normal 0.683421 0.730024 -0
    outer loop
      vertex -1.48353 11.3084 3
      vertex -1.59099 11.409 75
      vertex -1.48353 11.3084 75
    endloop
  endfacet
  facet normal 0.683421 0.730024 0
    outer loop
      vertex -1.59099 11.409 75
      vertex -1.48353 11.3084 3
      vertex -1.59099 11.409 3
    endloop
  endfacet
  facet normal 0.999464 -0.032727 0
    outer loop
      vertex -2.25 13 75
      vertex -2.24518 13.1472 3
      vertex -2.24518 13.1472 75
    endloop
  endfacet
  facet normal 0.999464 -0.032727 0
    outer loop
      vertex -2.24518 13.1472 3
      vertex -2.25 13 75
      vertex -2.25 13 3
    endloop
  endfacet
  facet normal 0.956943 0.290275 0
    outer loop
      vertex -2.13059 12.2768 75
      vertex -2.17333 12.4177 3
      vertex -2.17333 12.4177 75
    endloop
  endfacet
  facet normal 0.956943 0.290275 0
    outer loop
      vertex -2.17333 12.4177 3
      vertex -2.13059 12.2768 75
      vertex -2.13059 12.2768 3
    endloop
  endfacet
  facet normal -0.412339 0.911031 0
    outer loop
      vertex 0.995149 10.982 3
      vertex 0.861037 10.9213 75
      vertex 0.995149 10.982 75
    endloop
  endfacet
  facet normal -0.412339 0.911031 0
    outer loop
      vertex 0.861037 10.9213 75
      vertex 0.995149 10.982 3
      vertex 0.861037 10.9213 3
    endloop
  endfacet
  facet normal 0.995184 -0.0980239 0
    outer loop
      vertex -2.24518 13.1472 75
      vertex -2.23075 13.2937 3
      vertex -2.23075 13.2937 75
    endloop
  endfacet
  facet normal 0.995184 -0.0980239 0
    outer loop
      vertex -2.23075 13.2937 3
      vertex -2.24518 13.1472 75
      vertex -2.24518 13.1472 3
    endloop
  endfacet
  facet normal 0.772988 -0.634421 0
    outer loop
      vertex -1.78504 14.3697 75
      vertex -1.69164 14.4835 3
      vertex -1.69164 14.4835 75
    endloop
  endfacet
  facet normal 0.772988 -0.634421 0
    outer loop
      vertex -1.69164 14.4835 3
      vertex -1.78504 14.3697 75
      vertex -1.78504 14.3697 3
    endloop
  endfacet
  facet normal 0.772988 0.634421 0
    outer loop
      vertex -1.69164 11.5165 75
      vertex -1.78504 11.6303 3
      vertex -1.78504 11.6303 75
    endloop
  endfacet
  facet normal 0.772988 0.634421 0
    outer loop
      vertex -1.78504 11.6303 3
      vertex -1.69164 11.5165 75
      vertex -1.69164 11.5165 3
    endloop
  endfacet
  facet normal 0.882014 -0.471222 0
    outer loop
      vertex -2.01796 13.9951 75
      vertex -1.94856 14.125 3
      vertex -1.94856 14.125 75
    endloop
  endfacet
  facet normal 0.882014 -0.471222 0
    outer loop
      vertex -1.94856 14.125 3
      vertex -2.01796 13.9951 75
      vertex -2.01796 13.9951 3
    endloop
  endfacet
  facet normal 0.0326009 0.999468 -0
    outer loop
      vertex 0 10.75 3
      vertex -0.147157 10.7548 75
      vertex 0 10.75 75
    endloop
  endfacet
  facet normal 0.0326009 0.999468 0
    outer loop
      vertex -0.147157 10.7548 75
      vertex 0 10.75 3
      vertex -0.147157 10.7548 3
    endloop
  endfacet
  facet normal -0.582651 0.812723 0
    outer loop
      vertex 1.36971 11.215 3
      vertex 1.25003 11.1292 75
      vertex 1.36971 11.215 75
    endloop
  endfacet
  facet normal -0.582651 0.812723 0
    outer loop
      vertex 1.25003 11.1292 75
      vertex 1.36971 11.215 3
      vertex 1.25003 11.1292 3
    endloop
  endfacet
  facet normal -0.163001 -0.986626 0
    outer loop
      vertex 0.293683 15.2308 3
      vertex 0.438952 15.2068 75
      vertex 0.293683 15.2308 75
    endloop
  endfacet
  facet normal -0.163001 -0.986626 -0
    outer loop
      vertex 0.438952 15.2068 75
      vertex 0.293683 15.2308 3
      vertex 0.438952 15.2068 3
    endloop
  endfacet
  facet normal 0.227502 -0.973778 0
    outer loop
      vertex -0.582342 15.1733 3
      vertex -0.438952 15.2068 75
      vertex -0.582342 15.1733 75
    endloop
  endfacet
  facet normal 0.227502 -0.973778 0
    outer loop
      vertex -0.438952 15.2068 75
      vertex -0.582342 15.1733 3
      vertex -0.438952 15.2068 3
    endloop
  endfacet
  facet normal 0.812865 -0.582452 0
    outer loop
      vertex -1.87081 14.25 75
      vertex -1.78504 14.3697 3
      vertex -1.78504 14.3697 75
    endloop
  endfacet
  facet normal 0.812865 -0.582452 0
    outer loop
      vertex -1.78504 14.3697 3
      vertex -1.87081 14.25 75
      vertex -1.87081 14.25 3
    endloop
  endfacet
  facet normal 0.882014 0.471222 0
    outer loop
      vertex -1.94856 11.875 75
      vertex -2.01796 12.0049 3
      vertex -2.01796 12.0049 75
    endloop
  endfacet
  facet normal 0.882014 0.471222 0
    outer loop
      vertex -2.01796 12.0049 3
      vertex -1.94856 11.875 75
      vertex -1.94856 11.875 3
    endloop
  endfacet
  facet normal 0.729982 -0.683467 0
    outer loop
      vertex -1.69164 14.4835 75
      vertex -1.59099 14.591 3
      vertex -1.59099 14.591 75
    endloop
  endfacet
  facet normal 0.729982 -0.683467 0
    outer loop
      vertex -1.59099 14.591 3
      vertex -1.69164 14.4835 75
      vertex -1.69164 14.4835 3
    endloop
  endfacet
  facet normal 0.910838 -0.412764 0
    outer loop
      vertex -2.07873 13.861 75
      vertex -2.01796 13.9951 3
      vertex -2.01796 13.9951 75
    endloop
  endfacet
  facet normal 0.910838 -0.412764 0
    outer loop
      vertex -2.01796 13.9951 3
      vertex -2.07873 13.861 75
      vertex -2.07873 13.861 3
    endloop
  endfacet
  facet normal 0.227502 0.973778 -0
    outer loop
      vertex -0.438952 10.7932 3
      vertex -0.582342 10.8267 75
      vertex -0.438952 10.7932 75
    endloop
  endfacet
  facet normal 0.227502 0.973778 0
    outer loop
      vertex -0.582342 10.8267 75
      vertex -0.438952 10.7932 3
      vertex -0.582342 10.8267 3
    endloop
  endfacet
  facet normal -0.290034 -0.957016 0
    outer loop
      vertex 0.582342 15.1733 3
      vertex 0.723238 15.1306 75
      vertex 0.582342 15.1733 75
    endloop
  endfacet
  facet normal -0.290034 -0.957016 -0
    outer loop
      vertex 0.723238 15.1306 75
      vertex 0.582342 15.1733 3
      vertex 0.723238 15.1306 3
    endloop
  endfacet
  facet normal 0.956943 -0.290275 0
    outer loop
      vertex -2.17333 13.5823 75
      vertex -2.13059 13.7232 3
      vertex -2.13059 13.7232 75
    endloop
  endfacet
  facet normal 0.956943 -0.290275 0
    outer loop
      vertex -2.13059 13.7232 3
      vertex -2.17333 13.5823 75
      vertex -2.17333 13.5823 3
    endloop
  endfacet
  facet normal -0.882014 0.471222 0
    outer loop
      vertex 1.94856 11.875 3
      vertex 2.01796 12.0049 75
      vertex 2.01796 12.0049 3
    endloop
  endfacet
  facet normal -0.882014 0.471222 0
    outer loop
      vertex 2.01796 12.0049 75
      vertex 1.94856 11.875 3
      vertex 1.94856 11.875 75
    endloop
  endfacet
  facet normal 0.471361 -0.88194 0
    outer loop
      vertex -1.125 14.9486 3
      vertex -0.995149 15.018 75
      vertex -1.125 14.9486 75
    endloop
  endfacet
  facet normal 0.471361 -0.88194 0
    outer loop
      vertex -0.995149 15.018 75
      vertex -1.125 14.9486 3
      vertex -0.995149 15.018 3
    endloop
  endfacet
  facet normal 0.634354 0.773043 -0
    outer loop
      vertex -1.36971 11.215 3
      vertex -1.48353 11.3084 75
      vertex -1.36971 11.215 75
    endloop
  endfacet
  facet normal 0.634354 0.773043 0
    outer loop
      vertex -1.48353 11.3084 75
      vertex -1.36971 11.215 3
      vertex -1.48353 11.3084 3
    endloop
  endfacet
  facet normal 0.471361 0.88194 -0
    outer loop
      vertex -0.995149 10.982 3
      vertex -1.125 11.0514 75
      vertex -0.995149 10.982 75
    endloop
  endfacet
  facet normal 0.471361 0.88194 0
    outer loop
      vertex -1.125 11.0514 75
      vertex -0.995149 10.982 3
      vertex -1.125 11.0514 3
    endloop
  endfacet
  facet normal -0.33022 0.728832 0.599799
    outer loop
      vertex 1.72207 8.84254 3
      vertex 1.9903 8.96407 3
      vertex 0.861037 10.9213 0
    endloop
  endfacet
  facet normal 0.650414 -0.466048 0.5998
    outer loop
      vertex -1.87081 14.25 0
      vertex -1.78504 14.3697 0
      vertex -3.74161 15.5001 3
    endloop
  endfacet
  facet normal 0.799726 0.0261684 0.599795
    outer loop
      vertex -4.49037 12.7057 3
      vertex -2.25 13 0
      vertex -4.5 13 3
    endloop
  endfacet
  facet normal -0.799726 -0.0261684 0.599795
    outer loop
      vertex 4.5 13 3
      vertex 4.49037 13.2943 3
      vertex 2.25 13 0
    endloop
  endfacet
  facet normal -0.799725 -0.0261866 0.599795
    outer loop
      vertex 2.25 13 0
      vertex 4.49037 13.2943 3
      vertex 2.24518 13.1472 0
    endloop
  endfacet
  facet normal -0.650414 0.466048 0.5998
    outer loop
      vertex 3.74161 10.4999 3
      vertex 1.87081 11.75 0
      vertex 1.78504 11.6303 0
    endloop
  endfacet
  facet normal -0.0782598 -0.796326 0.599783
    outer loop
      vertex 0.293683 15.2308 0
      vertex 0.587367 17.4615 3
      vertex 0.147157 15.2452 0
    endloop
  endfacet
  facet normal -0.50759 -0.618538 0.599803
    outer loop
      vertex 2.96706 16.3833 3
      vertex 2.73943 16.5701 3
      vertex 1.36971 14.785 0
    endloop
  endfacet
  facet normal 0.728807 0.330273 0.5998
    outer loop
      vertex -2.01796 12.0049 0
      vertex -2.07873 12.139 0
      vertex -4.03593 11.0097 3
    endloop
  endfacet
  facet normal -0.466211 0.650304 0.599793
    outer loop
      vertex 2.50007 9.25839 3
      vertex 1.36971 11.215 0
      vertex 1.25003 11.1292 0
    endloop
  endfacet
  facet normal -0.765693 -0.232289 0.599797
    outer loop
      vertex 4.34667 14.1647 3
      vertex 4.26118 14.4465 3
      vertex 2.13059 13.7232 0
    endloop
  endfacet
  facet normal -0.748874 0.281833 0.599798
    outer loop
      vertex 4.15746 11.2779 3
      vertex 4.26118 11.5535 3
      vertex 2.07873 12.139 0
    endloop
  endfacet
  facet normal -0.618605 0.507517 0.599795
    outer loop
      vertex 3.38328 10.0329 3
      vertex 3.57009 10.2606 3
      vertex 1.78504 11.6303 0
    endloop
  endfacet
  facet normal 0.0260858 0.799732 0.599791
    outer loop
      vertex 0 10.75 0
      vertex -0.147157 10.7548 0
      vertex -0.294313 8.50963 3
    endloop
  endfacet
  facet normal 0.422736 -0.679365 0.599798
    outer loop
      vertex -1.25003 14.8708 0
      vertex -1.125 14.9486 0
      vertex -2.50007 16.7416 3
    endloop
  endfacet
  facet normal 0.33022 0.728832 0.599799
    outer loop
      vertex -1.72207 8.84254 3
      vertex -0.861037 10.9213 0
      vertex -1.9903 8.96407 3
    endloop
  endfacet
  facet normal -0.705665 0.377206 0.599794
    outer loop
      vertex 3.89711 10.75 3
      vertex 4.03593 11.0097 3
      vertex 1.94856 11.875 0
    endloop
  endfacet
  facet normal -0.765699 0.232264 0.599798
    outer loop
      vertex 4.34667 11.8353 3
      vertex 2.17333 12.4177 0
      vertex 2.13059 12.2768 0
    endloop
  endfacet
  facet normal -0.779223 0.181837 0.599789
    outer loop
      vertex 2.17333 12.4177 0
      vertex 4.41353 12.1221 3
      vertex 2.20677 12.561 0
    endloop
  endfacet
  facet normal -0.779257 0.181664 0.599797
    outer loop
      vertex 4.41353 12.1221 3
      vertex 2.17333 12.4177 0
      vertex 4.34667 11.8353 3
    endloop
  endfacet
  facet normal -0.181673 0.779253 0.5998
    outer loop
      vertex 0.582342 10.8267 0
      vertex 0.877906 8.58647 3
      vertex 1.16469 8.65333 3
    endloop
  endfacet
  facet normal -0.182039 0.779181 0.599783
    outer loop
      vertex 0.877906 8.58647 3
      vertex 0.582342 10.8267 0
      vertex 0.438952 10.7932 0
    endloop
  endfacet
  facet normal 0.728807 -0.330273 0.5998
    outer loop
      vertex -2.07873 13.861 0
      vertex -2.01796 13.9951 0
      vertex -4.03593 14.9903 3
    endloop
  endfacet
  facet normal 0.466064 0.650402 0.599801
    outer loop
      vertex -2.50007 9.25839 3
      vertex -1.36971 11.215 0
      vertex -2.73943 9.42991 3
    endloop
  endfacet
  facet normal 0.507579 0.61855 0.599799
    outer loop
      vertex -1.36971 11.215 0
      vertex -1.48353 11.3084 0
      vertex -2.96706 9.61672 3
    endloop
  endfacet
  facet normal -0.799725 0.0261866 0.599795
    outer loop
      vertex 4.49037 12.7057 3
      vertex 2.25 13 0
      vertex 2.24518 12.8528 0
    endloop
  endfacet
  facet normal -0.799726 0.0261684 0.599795
    outer loop
      vertex 4.49037 12.7057 3
      vertex 4.5 13 3
      vertex 2.25 13 0
    endloop
  endfacet
  facet normal -0.546988 0.583997 0.599793
    outer loop
      vertex 2.96706 9.61672 3
      vertex 3.18198 9.81802 3
      vertex 1.59099 11.409 0
    endloop
  endfacet
  facet normal -0.618505 0.50763 0.599803
    outer loop
      vertex 3.38328 10.0329 3
      vertex 1.78504 11.6303 0
      vertex 1.69164 11.5165 0
    endloop
  endfacet
  facet normal 0.23207 0.765754 0.599804
    outer loop
      vertex -0.582342 10.8267 0
      vertex -0.723238 10.8694 0
      vertex -1.16469 8.65333 3
    endloop
  endfacet
  facet normal 0.796301 -0.0784346 0.599795
    outer loop
      vertex -2.24518 13.1472 0
      vertex -4.4615 13.5874 3
      vertex -4.49037 13.2943 3
    endloop
  endfacet
  facet normal 0.0261673 0.799726 0.599795
    outer loop
      vertex 0 8.5 3
      vertex 0 10.75 0
      vertex -0.294313 8.50963 3
    endloop
  endfacet
  facet normal 0.618505 -0.50763 0.599803
    outer loop
      vertex -1.78504 14.3697 0
      vertex -1.69164 14.4835 0
      vertex -3.38328 15.9671 3
    endloop
  endfacet
  facet normal 0.748874 -0.281833 0.599798
    outer loop
      vertex -2.13059 13.7232 0
      vertex -2.07873 13.861 0
      vertex -4.26118 14.4465 3
    endloop
  endfacet
  facet normal -0.281842 0.74887 0.599799
    outer loop
      vertex 1.44648 8.73882 3
      vertex 1.72207 8.84254 3
      vertex 0.861037 10.9213 0
    endloop
  endfacet
  facet normal -0.282027 -0.748805 0.599793
    outer loop
      vertex 0.861037 15.0787 0
      vertex 1.44648 17.2612 3
      vertex 0.723238 15.1306 0
    endloop
  endfacet
  facet normal 0.583946 0.547041 0.599794
    outer loop
      vertex -3.18198 9.81802 3
      vertex -1.59099 11.409 0
      vertex -3.38328 10.0329 3
    endloop
  endfacet
  facet normal 0.232322 -0.765683 0.599796
    outer loop
      vertex -0.723238 15.1306 0
      vertex -1.16469 17.3467 3
      vertex -1.44648 17.2612 3
    endloop
  endfacet
  facet normal 0.546837 -0.584126 0.599805
    outer loop
      vertex -1.59099 14.591 0
      vertex -1.48353 14.6916 0
      vertex -2.96706 16.3833 3
    endloop
  endfacet
  facet normal 0.705743 0.377048 0.599802
    outer loop
      vertex -1.94856 11.875 0
      vertex -2.01796 12.0049 0
      vertex -4.03593 11.0097 3
    endloop
  endfacet
  facet normal -0.583946 0.547041 0.599794
    outer loop
      vertex 3.18198 9.81802 3
      vertex 3.38328 10.0329 3
      vertex 1.59099 11.409 0
    endloop
  endfacet
  facet normal 0.0260857 -0.799728 0.599796
    outer loop
      vertex -0.147157 15.2452 0
      vertex 0 15.25 0
      vertex -0.294313 17.4904 3
    endloop
  endfacet
  facet normal -0.0261673 0.799726 0.599795
    outer loop
      vertex 0.294313 8.50963 3
      vertex 0 10.75 0
      vertex 0 8.5 3
    endloop
  endfacet
  facet normal -0.466027 -0.650428 0.599802
    outer loop
      vertex 2.73943 16.5701 3
      vertex 2.50007 16.7416 3
      vertex 1.36971 14.785 0
    endloop
  endfacet
  facet normal -0.67944 0.422612 0.599801
    outer loop
      vertex 3.74161 10.4999 3
      vertex 1.94856 11.875 0
      vertex 1.87081 11.75 0
    endloop
  endfacet
  facet normal -0.330377 -0.728758 0.599802
    outer loop
      vertex 1.9903 17.0359 3
      vertex 1.72207 17.1575 3
      vertex 0.861037 15.0787 0
    endloop
  endfacet
  facet normal 0.618605 -0.507517 0.599795
    outer loop
      vertex -1.78504 14.3697 0
      vertex -3.38328 15.9671 3
      vertex -3.57009 15.7394 3
    endloop
  endfacet
  facet normal -0.282028 0.748808 0.59979
    outer loop
      vertex 1.44648 8.73882 3
      vertex 0.861037 10.9213 0
      vertex 0.723238 10.8694 0
    endloop
  endfacet
  facet normal 0.650351 0.466144 0.599795
    outer loop
      vertex -3.57009 10.2606 3
      vertex -1.78504 11.6303 0
      vertex -3.74161 10.4999 3
    endloop
  endfacet
  facet normal -0.789474 0.130293 0.599795
    outer loop
      vertex 2.20677 12.561 0
      vertex 4.4615 12.4126 3
      vertex 2.23075 12.7063 0
    endloop
  endfacet
  facet normal -0.789465 0.130364 0.599792
    outer loop
      vertex 4.4615 12.4126 3
      vertex 2.20677 12.561 0
      vertex 4.41353 12.1221 3
    endloop
  endfacet
  facet normal -0.18204 -0.779184 0.599778
    outer loop
      vertex 0.582342 15.1733 0
      vertex 0.877906 17.4135 3
      vertex 0.438952 15.2068 0
    endloop
  endfacet
  facet normal -0.181518 -0.779287 0.599803
    outer loop
      vertex 0.877906 17.4135 3
      vertex 0.582342 15.1733 0
      vertex 1.16469 17.3467 3
    endloop
  endfacet
  facet normal 0.330377 -0.728758 0.599802
    outer loop
      vertex -0.861037 15.0787 0
      vertex -1.72207 17.1575 3
      vertex -1.9903 17.0359 3
    endloop
  endfacet
  facet normal 0.466211 0.650304 0.599793
    outer loop
      vertex -1.25003 11.1292 0
      vertex -1.36971 11.215 0
      vertex -2.50007 9.25839 3
    endloop
  endfacet
  facet normal 0.796301 0.0784346 0.599795
    outer loop
      vertex -4.4615 12.4126 3
      vertex -2.24518 12.8528 0
      vertex -4.49037 12.7057 3
    endloop
  endfacet
  facet normal 0.748874 0.281833 0.599798
    outer loop
      vertex -2.07873 12.139 0
      vertex -2.13059 12.2768 0
      vertex -4.26118 11.5535 3
    endloop
  endfacet
  facet normal -0.748874 -0.281833 0.599798
    outer loop
      vertex 4.26118 14.4465 3
      vertex 4.15746 14.7221 3
      vertex 2.07873 13.861 0
    endloop
  endfacet
  facet normal 0.650351 -0.466144 0.599795
    outer loop
      vertex -1.78504 14.3697 0
      vertex -3.57009 15.7394 3
      vertex -3.74161 15.5001 3
    endloop
  endfacet
  facet normal -0.0785275 -0.79629 0.599796
    outer loop
      vertex 0.587367 17.4615 3
      vertex 0.294313 17.4904 3
      vertex 0.147157 15.2452 0
    endloop
  endfacet
  facet normal -0.765693 0.232289 0.599797
    outer loop
      vertex 4.26118 11.5535 3
      vertex 4.34667 11.8353 3
      vertex 2.13059 12.2768 0
    endloop
  endfacet
  facet normal 0.182039 0.779181 0.599783
    outer loop
      vertex -0.582342 10.8267 0
      vertex -0.877906 8.58647 3
      vertex -0.438952 10.7932 0
    endloop
  endfacet
  facet normal 0.181673 0.779253 0.5998
    outer loop
      vertex -0.877906 8.58647 3
      vertex -0.582342 10.8267 0
      vertex -1.16469 8.65333 3
    endloop
  endfacet
  facet normal -0.232298 0.765693 0.599793
    outer loop
      vertex 1.16469 8.65333 3
      vertex 1.44648 8.73882 3
      vertex 0.723238 10.8694 0
    endloop
  endfacet
  facet normal 0.329938 0.728972 0.599784
    outer loop
      vertex -0.861037 10.9213 0
      vertex -0.995149 10.982 0
      vertex -1.9903 8.96407 3
    endloop
  endfacet
  facet normal -0.748874 0.281833 0.599798
    outer loop
      vertex 4.26118 11.5535 3
      vertex 2.13059 12.2768 0
      vertex 2.07873 12.139 0
    endloop
  endfacet
  facet normal -0.650351 -0.466144 0.599795
    outer loop
      vertex 3.74161 15.5001 3
      vertex 3.57009 15.7394 3
      vertex 1.78504 14.3697 0
    endloop
  endfacet
  facet normal 0.181518 -0.779287 0.599803
    outer loop
      vertex -0.582342 15.1733 0
      vertex -0.877906 17.4135 3
      vertex -1.16469 17.3467 3
    endloop
  endfacet
  facet normal 0.18204 -0.779184 0.599778
    outer loop
      vertex -0.877906 17.4135 3
      vertex -0.582342 15.1733 0
      vertex -0.438952 15.2068 0
    endloop
  endfacet
  facet normal -0.546837 -0.584126 0.599805
    outer loop
      vertex 1.59099 14.591 0
      vertex 2.96706 16.3833 3
      vertex 1.48353 14.6916 0
    endloop
  endfacet
  facet normal -0.618605 -0.507517 0.599795
    outer loop
      vertex 3.57009 15.7394 3
      vertex 3.38328 15.9671 3
      vertex 1.78504 14.3697 0
    endloop
  endfacet
  facet normal 0.779257 -0.181664 0.599797
    outer loop
      vertex -4.41353 13.8779 3
      vertex -2.17333 13.5823 0
      vertex -4.34667 14.1647 3
    endloop
  endfacet
  facet normal 0.779223 -0.181837 0.599789
    outer loop
      vertex -2.17333 13.5823 0
      vertex -4.41353 13.8779 3
      vertex -2.20677 13.439 0
    endloop
  endfacet
  facet normal 0.507577 -0.618549 0.599802
    outer loop
      vertex -1.48353 14.6916 0
      vertex -1.36971 14.785 0
      vertex -2.96706 16.3833 3
    endloop
  endfacet
  facet normal 0.705665 0.377206 0.599794
    outer loop
      vertex -3.89711 10.75 3
      vertex -1.94856 11.875 0
      vertex -4.03593 11.0097 3
    endloop
  endfacet
  facet normal -0.0782598 0.796326 0.599783
    outer loop
      vertex 0.587367 8.5385 3
      vertex 0.293683 10.7692 0
      vertex 0.147157 10.7548 0
    endloop
  endfacet
  facet normal 0.377167 -0.705693 0.599785
    outer loop
      vertex -1.125 14.9486 0
      vertex -1.9903 17.0359 3
      vertex -2.25 16.8971 3
    endloop
  endfacet
  facet normal -0.422531 0.679501 0.599788
    outer loop
      vertex 2.25 9.10289 3
      vertex 2.50007 9.25839 3
      vertex 1.125 11.0514 0
    endloop
  endfacet
  facet normal -0.67952 0.422492 0.599794
    outer loop
      vertex 3.74161 10.4999 3
      vertex 3.89711 10.75 3
      vertex 1.94856 11.875 0
    endloop
  endfacet
  facet normal -0.796301 0.0784346 0.599795
    outer loop
      vertex 4.4615 12.4126 3
      vertex 4.49037 12.7057 3
      vertex 2.24518 12.8528 0
    endloop
  endfacet
  facet normal 0.705665 -0.377206 0.599794
    outer loop
      vertex -1.94856 14.125 0
      vertex -3.89711 15.25 3
      vertex -4.03593 14.9903 3
    endloop
  endfacet
  facet normal -0.507577 -0.618549 0.599802
    outer loop
      vertex 1.48353 14.6916 0
      vertex 2.96706 16.3833 3
      vertex 1.36971 14.785 0
    endloop
  endfacet
  facet normal -0.584092 -0.546873 0.599805
    outer loop
      vertex 1.69164 14.4835 0
      vertex 3.38328 15.9671 3
      vertex 1.59099 14.591 0
    endloop
  endfacet
  facet normal -0.0260858 0.799732 0.599791
    outer loop
      vertex 0.294313 8.50963 3
      vertex 0.147157 10.7548 0
      vertex 0 10.75 0
    endloop
  endfacet
  facet normal 0.799725 0.0261866 0.599795
    outer loop
      vertex -2.24518 12.8528 0
      vertex -2.25 13 0
      vertex -4.49037 12.7057 3
    endloop
  endfacet
  facet normal -0.0260858 -0.799728 0.599796
    outer loop
      vertex 0.294313 17.4904 3
      vertex 0 17.5 3
      vertex 0 15.25 0
    endloop
  endfacet
  facet normal 0.765699 -0.232264 0.599798
    outer loop
      vertex -2.17333 13.5823 0
      vertex -2.13059 13.7232 0
      vertex -4.34667 14.1647 3
    endloop
  endfacet
  facet normal 0.377163 0.705691 0.59979
    outer loop
      vertex -0.995149 10.982 0
      vertex -1.125 11.0514 0
      vertex -1.9903 8.96407 3
    endloop
  endfacet
  facet normal 0.584092 -0.546873 0.599805
    outer loop
      vertex -1.69164 14.4835 0
      vertex -1.59099 14.591 0
      vertex -3.38328 15.9671 3
    endloop
  endfacet
  facet normal 0.507607 0.618525 0.599801
    outer loop
      vertex -2.73943 9.42991 3
      vertex -1.36971 11.215 0
      vertex -2.96706 9.61672 3
    endloop
  endfacet
  facet normal -0.0260857 -0.799728 0.599796
    outer loop
      vertex 0.147157 15.2452 0
      vertex 0.294313 17.4904 3
      vertex 0 15.25 0
    endloop
  endfacet
  facet normal 0.799725 -0.0261866 0.599795
    outer loop
      vertex -2.25 13 0
      vertex -2.24518 13.1472 0
      vertex -4.49037 13.2943 3
    endloop
  endfacet
  facet normal 0.799726 -0.0261684 0.599795
    outer loop
      vertex -2.25 13 0
      vertex -4.49037 13.2943 3
      vertex -4.5 13 3
    endloop
  endfacet
  facet normal -0.58397 -0.547013 0.599796
    outer loop
      vertex 3.38328 15.9671 3
      vertex 3.18198 16.182 3
      vertex 1.59099 14.591 0
    endloop
  endfacet
  facet normal -0.728818 0.330251 0.599798
    outer loop
      vertex 4.03593 11.0097 3
      vertex 4.15746 11.2779 3
      vertex 2.07873 12.139 0
    endloop
  endfacet
  facet normal -0.232322 -0.765683 0.599796
    outer loop
      vertex 1.44648 17.2612 3
      vertex 1.16469 17.3467 3
      vertex 0.723238 15.1306 0
    endloop
  endfacet
  facet normal 0.130427 -0.78946 0.599784
    outer loop
      vertex -0.438952 15.2068 0
      vertex -0.587367 17.4615 3
      vertex -0.877906 17.4135 3
    endloop
  endfacet
  facet normal 0.130427 -0.78946 0.599784
    outer loop
      vertex -0.587367 17.4615 3
      vertex -0.438952 15.2068 0
      vertex -0.293683 15.2308 0
    endloop
  endfacet
  facet normal -0.377167 -0.705693 0.599785
    outer loop
      vertex 2.25 16.8971 3
      vertex 1.9903 17.0359 3
      vertex 1.125 14.9486 0
    endloop
  endfacet
  facet normal -0.705743 0.377048 0.599802
    outer loop
      vertex 4.03593 11.0097 3
      vertex 2.01796 12.0049 0
      vertex 1.94856 11.875 0
    endloop
  endfacet
  facet normal -0.422735 0.679364 0.599799
    outer loop
      vertex 2.50007 9.25839 3
      vertex 1.25003 11.1292 0
      vertex 1.125 11.0514 0
    endloop
  endfacet
  facet normal -0.377208 0.705669 0.599788
    outer loop
      vertex 1.9903 8.96407 3
      vertex 2.25 9.10289 3
      vertex 1.125 11.0514 0
    endloop
  endfacet
  facet normal -0.728818 -0.330251 0.599798
    outer loop
      vertex 4.15746 14.7221 3
      vertex 4.03593 14.9903 3
      vertex 2.07873 13.861 0
    endloop
  endfacet
  facet normal -0.078447 0.796301 0.599792
    outer loop
      vertex 0.294313 8.50963 3
      vertex 0.587367 8.5385 3
      vertex 0.147157 10.7548 0
    endloop
  endfacet
  facet normal 0.765693 0.232289 0.599797
    outer loop
      vertex -4.26118 11.5535 3
      vertex -2.13059 12.2768 0
      vertex -4.34667 11.8353 3
    endloop
  endfacet
  facet normal -0.765699 -0.232264 0.599798
    outer loop
      vertex 2.17333 13.5823 0
      vertex 4.34667 14.1647 3
      vertex 2.13059 13.7232 0
    endloop
  endfacet
  facet normal 0.281842 0.74887 0.599799
    outer loop
      vertex -1.44648 8.73882 3
      vertex -0.861037 10.9213 0
      vertex -1.72207 8.84254 3
    endloop
  endfacet
  facet normal -0.232069 -0.76575 0.599809
    outer loop
      vertex 0.723238 15.1306 0
      vertex 1.16469 17.3467 3
      vertex 0.582342 15.1733 0
    endloop
  endfacet
  facet normal -0.422532 -0.679502 0.599786
    outer loop
      vertex 2.50007 16.7416 3
      vertex 2.25 16.8971 3
      vertex 1.125 14.9486 0
    endloop
  endfacet
  facet normal 0.078447 0.796301 0.599792
    outer loop
      vertex -0.294313 8.50963 3
      vertex -0.147157 10.7548 0
      vertex -0.587367 8.5385 3
    endloop
  endfacet
  facet normal 0.765693 -0.232289 0.599797
    outer loop
      vertex -2.13059 13.7232 0
      vertex -4.26118 14.4465 3
      vertex -4.34667 14.1647 3
    endloop
  endfacet
  facet normal -0.796301 0.0784342 0.599795
    outer loop
      vertex 4.4615 12.4126 3
      vertex 2.24518 12.8528 0
      vertex 2.23075 12.7063 0
    endloop
  endfacet
  facet normal -0.507607 0.618525 0.599801
    outer loop
      vertex 2.73943 9.42991 3
      vertex 2.96706 9.61672 3
      vertex 1.36971 11.215 0
    endloop
  endfacet
  facet normal -0.650351 0.466144 0.599795
    outer loop
      vertex 3.57009 10.2606 3
      vertex 3.74161 10.4999 3
      vertex 1.78504 11.6303 0
    endloop
  endfacet
  facet normal 0.0785275 -0.79629 0.599796
    outer loop
      vertex -0.147157 15.2452 0
      vertex -0.294313 17.4904 3
      vertex -0.587367 17.4615 3
    endloop
  endfacet
  facet normal 0.705743 -0.377048 0.599802
    outer loop
      vertex -2.01796 13.9951 0
      vertex -1.94856 14.125 0
      vertex -4.03593 14.9903 3
    endloop
  endfacet
  facet normal -0.466064 0.650402 0.599801
    outer loop
      vertex 2.50007 9.25839 3
      vertex 2.73943 9.42991 3
      vertex 1.36971 11.215 0
    endloop
  endfacet
  facet normal 0.0260858 -0.799728 0.599796
    outer loop
      vertex 0 15.25 0
      vertex 0 17.5 3
      vertex -0.294313 17.4904 3
    endloop
  endfacet
  facet normal -0.377163 0.705691 0.59979
    outer loop
      vertex 1.9903 8.96407 3
      vertex 1.125 11.0514 0
      vertex 0.995149 10.982 0
    endloop
  endfacet
  facet normal 0.67944 0.422612 0.599801
    outer loop
      vertex -1.87081 11.75 0
      vertex -1.94856 11.875 0
      vertex -3.74161 10.4999 3
    endloop
  endfacet
  facet normal -0.281793 -0.748884 0.599804
    outer loop
      vertex 1.72207 17.1575 3
      vertex 1.44648 17.2612 3
      vertex 0.861037 15.0787 0
    endloop
  endfacet
  facet normal 0.67944 -0.422612 0.599801
    outer loop
      vertex -1.94856 14.125 0
      vertex -1.87081 14.25 0
      vertex -3.74161 15.5001 3
    endloop
  endfacet
  facet normal 0.282027 -0.748805 0.599793
    outer loop
      vertex -0.861037 15.0787 0
      vertex -0.723238 15.1306 0
      vertex -1.44648 17.2612 3
    endloop
  endfacet
  facet normal -0.23207 0.765754 0.599804
    outer loop
      vertex 1.16469 8.65333 3
      vertex 0.723238 10.8694 0
      vertex 0.582342 10.8267 0
    endloop
  endfacet
  facet normal 0.67952 0.422492 0.599794
    outer loop
      vertex -3.74161 10.4999 3
      vertex -1.94856 11.875 0
      vertex -3.89711 10.75 3
    endloop
  endfacet
  facet normal -0.67944 -0.422612 0.599801
    outer loop
      vertex 1.94856 14.125 0
      vertex 3.74161 15.5001 3
      vertex 1.87081 14.25 0
    endloop
  endfacet
  facet normal 0.466027 -0.650428 0.599802
    outer loop
      vertex -1.36971 14.785 0
      vertex -2.50007 16.7416 3
      vertex -2.73943 16.5701 3
    endloop
  endfacet
  facet normal 0.728818 0.330251 0.599798
    outer loop
      vertex -4.03593 11.0097 3
      vertex -2.07873 12.139 0
      vertex -4.15746 11.2779 3
    endloop
  endfacet
  facet normal 0.422531 0.679501 0.599788
    outer loop
      vertex -2.25 9.10289 3
      vertex -1.125 11.0514 0
      vertex -2.50007 9.25839 3
    endloop
  endfacet
  facet normal -0.507579 0.61855 0.599799
    outer loop
      vertex 2.96706 9.61672 3
      vertex 1.48353 11.3084 0
      vertex 1.36971 11.215 0
    endloop
  endfacet
  facet normal -0.329938 0.728972 0.599784
    outer loop
      vertex 1.9903 8.96407 3
      vertex 0.995149 10.982 0
      vertex 0.861037 10.9213 0
    endloop
  endfacet
  facet normal 0.67952 -0.422492 0.599794
    outer loop
      vertex -1.94856 14.125 0
      vertex -3.74161 15.5001 3
      vertex -3.89711 15.25 3
    endloop
  endfacet
  facet normal 0.377208 0.705669 0.599788
    outer loop
      vertex -1.9903 8.96407 3
      vertex -1.125 11.0514 0
      vertex -2.25 9.10289 3
    endloop
  endfacet
  facet normal 0.50759 -0.618538 0.599803
    outer loop
      vertex -1.36971 14.785 0
      vertex -2.73943 16.5701 3
      vertex -2.96706 16.3833 3
    endloop
  endfacet
  facet normal 0.466212 -0.650305 0.599791
    outer loop
      vertex -1.36971 14.785 0
      vertex -1.25003 14.8708 0
      vertex -2.50007 16.7416 3
    endloop
  endfacet
  facet normal -0.705665 -0.377206 0.599794
    outer loop
      vertex 4.03593 14.9903 3
      vertex 3.89711 15.25 3
      vertex 1.94856 14.125 0
    endloop
  endfacet
  facet normal 0.546986 -0.583996 0.599796
    outer loop
      vertex -1.59099 14.591 0
      vertex -2.96706 16.3833 3
      vertex -3.18198 16.182 3
    endloop
  endfacet
  facet normal 0.618605 0.507517 0.599795
    outer loop
      vertex -3.38328 10.0329 3
      vertex -1.78504 11.6303 0
      vertex -3.57009 10.2606 3
    endloop
  endfacet
  facet normal -0.466212 -0.650305 0.599791
    outer loop
      vertex 1.36971 14.785 0
      vertex 2.50007 16.7416 3
      vertex 1.25003 14.8708 0
    endloop
  endfacet
  facet normal -0.546986 -0.583996 0.599796
    outer loop
      vertex 3.18198 16.182 3
      vertex 2.96706 16.3833 3
      vertex 1.59099 14.591 0
    endloop
  endfacet
  facet normal 0.130427 0.78946 0.599784
    outer loop
      vertex -0.438952 10.7932 0
      vertex -0.587367 8.5385 3
      vertex -0.293683 10.7692 0
    endloop
  endfacet
  facet normal 0.130347 0.789471 0.599788
    outer loop
      vertex -0.587367 8.5385 3
      vertex -0.438952 10.7932 0
      vertex -0.877906 8.58647 3
    endloop
  endfacet
  facet normal 0.728818 -0.330251 0.599798
    outer loop
      vertex -2.07873 13.861 0
      vertex -4.03593 14.9903 3
      vertex -4.15746 14.7221 3
    endloop
  endfacet
  facet normal -0.329939 -0.728975 0.599779
    outer loop
      vertex 0.995149 15.018 0
      vertex 1.9903 17.0359 3
      vertex 0.861037 15.0787 0
    endloop
  endfacet
  facet normal 0.789474 0.130293 0.599795
    outer loop
      vertex -4.4615 12.4126 3
      vertex -2.20677 12.561 0
      vertex -2.23075 12.7063 0
    endloop
  endfacet
  facet normal 0.789465 0.130364 0.599792
    outer loop
      vertex -2.20677 12.561 0
      vertex -4.4615 12.4126 3
      vertex -4.41353 12.1221 3
    endloop
  endfacet
  facet normal -0.130427 -0.78946 0.599784
    outer loop
      vertex 0.438952 15.2068 0
      vertex 0.587367 17.4615 3
      vertex 0.293683 15.2308 0
    endloop
  endfacet
  facet normal -0.130427 -0.78946 0.599784
    outer loop
      vertex 0.587367 17.4615 3
      vertex 0.438952 15.2068 0
      vertex 0.877906 17.4135 3
    endloop
  endfacet
  facet normal 0.58397 -0.547013 0.599796
    outer loop
      vertex -1.59099 14.591 0
      vertex -3.18198 16.182 3
      vertex -3.38328 15.9671 3
    endloop
  endfacet
  facet normal 0.422532 -0.679502 0.599786
    outer loop
      vertex -1.125 14.9486 0
      vertex -2.25 16.8971 3
      vertex -2.50007 16.7416 3
    endloop
  endfacet
  facet normal 0.650414 0.466048 0.5998
    outer loop
      vertex -1.78504 11.6303 0
      vertex -1.87081 11.75 0
      vertex -3.74161 10.4999 3
    endloop
  endfacet
  facet normal 0.232069 -0.76575 0.599809
    outer loop
      vertex -0.723238 15.1306 0
      vertex -0.582342 15.1733 0
      vertex -1.16469 17.3467 3
    endloop
  endfacet
  facet normal -0.728807 0.330273 0.5998
    outer loop
      vertex 4.03593 11.0097 3
      vertex 2.07873 12.139 0
      vertex 2.01796 12.0049 0
    endloop
  endfacet
  facet normal 0.329939 -0.728975 0.599779
    outer loop
      vertex -0.995149 15.018 0
      vertex -0.861037 15.0787 0
      vertex -1.9903 17.0359 3
    endloop
  endfacet
  facet normal 0.748874 -0.281833 0.599798
    outer loop
      vertex -2.07873 13.861 0
      vertex -4.15746 14.7221 3
      vertex -4.26118 14.4465 3
    endloop
  endfacet
  facet normal -0.130347 0.789471 0.599788
    outer loop
      vertex 0.438952 10.7932 0
      vertex 0.587367 8.5385 3
      vertex 0.877906 8.58647 3
    endloop
  endfacet
  facet normal -0.130427 0.78946 0.599784
    outer loop
      vertex 0.587367 8.5385 3
      vertex 0.438952 10.7932 0
      vertex 0.293683 10.7692 0
    endloop
  endfacet
  facet normal -0.705743 -0.377048 0.599802
    outer loop
      vertex 2.01796 13.9951 0
      vertex 4.03593 14.9903 3
      vertex 1.94856 14.125 0
    endloop
  endfacet
  facet normal 0.422735 0.679364 0.599799
    outer loop
      vertex -1.125 11.0514 0
      vertex -1.25003 11.1292 0
      vertex -2.50007 9.25839 3
    endloop
  endfacet
  facet normal -0.584092 0.546873 0.599805
    outer loop
      vertex 3.38328 10.0329 3
      vertex 1.69164 11.5165 0
      vertex 1.59099 11.409 0
    endloop
  endfacet
  facet normal -0.546838 0.584128 0.599803
    outer loop
      vertex 2.96706 9.61672 3
      vertex 1.59099 11.409 0
      vertex 1.48353 11.3084 0
    endloop
  endfacet
  facet normal 0.765699 0.232264 0.599798
    outer loop
      vertex -2.13059 12.2768 0
      vertex -2.17333 12.4177 0
      vertex -4.34667 11.8353 3
    endloop
  endfacet
  facet normal 0.281793 -0.748884 0.599804
    outer loop
      vertex -0.861037 15.0787 0
      vertex -1.44648 17.2612 3
      vertex -1.72207 17.1575 3
    endloop
  endfacet
  facet normal -0.789465 -0.130364 0.599792
    outer loop
      vertex 2.20677 13.439 0
      vertex 4.4615 13.5874 3
      vertex 4.41353 13.8779 3
    endloop
  endfacet
  facet normal -0.789474 -0.130293 0.599795
    outer loop
      vertex 4.4615 13.5874 3
      vertex 2.20677 13.439 0
      vertex 2.23075 13.2937 0
    endloop
  endfacet
  facet normal 0.779223 0.181837 0.599789
    outer loop
      vertex -4.41353 12.1221 3
      vertex -2.17333 12.4177 0
      vertex -2.20677 12.561 0
    endloop
  endfacet
  facet normal 0.779257 0.181664 0.599797
    outer loop
      vertex -2.17333 12.4177 0
      vertex -4.41353 12.1221 3
      vertex -4.34667 11.8353 3
    endloop
  endfacet
  facet normal 0.546838 0.584128 0.599803
    outer loop
      vertex -1.48353 11.3084 0
      vertex -1.59099 11.409 0
      vertex -2.96706 9.61672 3
    endloop
  endfacet
  facet normal 0.546988 0.583997 0.599793
    outer loop
      vertex -2.96706 9.61672 3
      vertex -1.59099 11.409 0
      vertex -3.18198 9.81802 3
    endloop
  endfacet
  facet normal 0.618505 0.50763 0.599803
    outer loop
      vertex -1.69164 11.5165 0
      vertex -1.78504 11.6303 0
      vertex -3.38328 10.0329 3
    endloop
  endfacet
  facet normal 0.282028 0.748808 0.59979
    outer loop
      vertex -0.723238 10.8694 0
      vertex -0.861037 10.9213 0
      vertex -1.44648 8.73882 3
    endloop
  endfacet
  facet normal 0.789465 -0.130364 0.599792
    outer loop
      vertex -4.4615 13.5874 3
      vertex -2.20677 13.439 0
      vertex -4.41353 13.8779 3
    endloop
  endfacet
  facet normal 0.789474 -0.130293 0.599795
    outer loop
      vertex -2.20677 13.439 0
      vertex -4.4615 13.5874 3
      vertex -2.23075 13.2937 0
    endloop
  endfacet
  facet normal 0.796301 0.0784342 0.599795
    outer loop
      vertex -2.23075 12.7063 0
      vertex -2.24518 12.8528 0
      vertex -4.4615 12.4126 3
    endloop
  endfacet
  facet normal -0.748874 -0.281833 0.599798
    outer loop
      vertex 2.13059 13.7232 0
      vertex 4.26118 14.4465 3
      vertex 2.07873 13.861 0
    endloop
  endfacet
  facet normal 0.0782598 -0.796326 0.599783
    outer loop
      vertex -0.293683 15.2308 0
      vertex -0.147157 15.2452 0
      vertex -0.587367 17.4615 3
    endloop
  endfacet
  facet normal -0.377164 -0.705694 0.599785
    outer loop
      vertex 1.125 14.9486 0
      vertex 1.9903 17.0359 3
      vertex 0.995149 15.018 0
    endloop
  endfacet
  facet normal -0.422736 -0.679365 0.599798
    outer loop
      vertex 1.25003 14.8708 0
      vertex 2.50007 16.7416 3
      vertex 1.125 14.9486 0
    endloop
  endfacet
  facet normal -0.728807 -0.330273 0.5998
    outer loop
      vertex 2.07873 13.861 0
      vertex 4.03593 14.9903 3
      vertex 2.01796 13.9951 0
    endloop
  endfacet
  facet normal 0.748874 0.281833 0.599798
    outer loop
      vertex -4.15746 11.2779 3
      vertex -2.07873 12.139 0
      vertex -4.26118 11.5535 3
    endloop
  endfacet
  facet normal 0 0 -1
    outer loop
      vertex 4.49037 12.7057 3
      vertex 2.24518 12.8528 3
      vertex 2.25 13 3
    endloop
  endfacet
  facet normal 0 0 -1
    outer loop
      vertex 2.50007 9.25839 3
      vertex 2.23075 12.7063 3
      vertex 2.24518 12.8528 3
    endloop
  endfacet
  facet normal 0 0 -1
    outer loop
      vertex 2.50007 9.25839 3
      vertex 2.20677 12.561 3
      vertex 2.23075 12.7063 3
    endloop
  endfacet
  facet normal 0 0 -1
    outer loop
      vertex 2.50007 9.25839 3
      vertex 2.17333 12.4177 3
      vertex 2.20677 12.561 3
    endloop
  endfacet
  facet normal 0 0 -1
    outer loop
      vertex 2.50007 9.25839 3
      vertex 2.13059 12.2768 3
      vertex 2.17333 12.4177 3
    endloop
  endfacet
  facet normal 0 0 -1
    outer loop
      vertex 2.50007 9.25839 3
      vertex 2.07873 12.139 3
      vertex 2.13059 12.2768 3
    endloop
  endfacet
  facet normal 0 0 -1
    outer loop
      vertex 2.50007 9.25839 3
      vertex 2.01796 12.0049 3
      vertex 2.07873 12.139 3
    endloop
  endfacet
  facet normal 0 0 -1
    outer loop
      vertex 1.125 11.0514 3
      vertex 2.25 9.10289 3
      vertex 1.9903 8.96407 3
    endloop
  endfacet
  facet normal 0 0 -1
    outer loop
      vertex 2.50007 9.25839 3
      vertex 1.94856 11.875 3
      vertex 2.01796 12.0049 3
    endloop
  endfacet
  facet normal 0 0 -1
    outer loop
      vertex 2.50007 9.25839 3
      vertex 1.87081 11.75 3
      vertex 1.94856 11.875 3
    endloop
  endfacet
  facet normal 0 0 -1
    outer loop
      vertex 2.50007 9.25839 3
      vertex 1.78504 11.6303 3
      vertex 1.87081 11.75 3
    endloop
  endfacet
  facet normal 0 0 -1
    outer loop
      vertex 0.995149 10.982 3
      vertex 1.9903 8.96407 3
      vertex 1.72207 8.84254 3
    endloop
  endfacet
  facet normal 0 0 -1
    outer loop
      vertex 2.50007 9.25839 3
      vertex 1.69164 11.5165 3
      vertex 1.78504 11.6303 3
    endloop
  endfacet
  facet normal 0 0 -1
    outer loop
      vertex 2.50007 9.25839 3
      vertex 1.59099 11.409 3
      vertex 1.69164 11.5165 3
    endloop
  endfacet
  facet normal 0 0 -1
    outer loop
      vertex 2.50007 9.25839 3
      vertex 1.48353 11.3084 3
      vertex 1.59099 11.409 3
    endloop
  endfacet
  facet normal 0 0 -1
    outer loop
      vertex 0.861037 10.9213 3
      vertex 1.72207 8.84254 3
      vertex 1.44648 8.73882 3
    endloop
  endfacet
  facet normal 0 0 -1
    outer loop
      vertex 2.50007 9.25839 3
      vertex 1.36971 11.215 3
      vertex 1.48353 11.3084 3
    endloop
  endfacet
  facet normal 0 0 -1
    outer loop
      vertex 2.50007 9.25839 3
      vertex 1.25003 11.1292 3
      vertex 1.36971 11.215 3
    endloop
  endfacet
  facet normal 0 0 -1
    outer loop
      vertex 0.723238 10.8694 3
      vertex 1.44648 8.73882 3
      vertex 1.16469 8.65333 3
    endloop
  endfacet
  facet normal 0 0 -1
    outer loop
      vertex 2.25 9.10289 3
      vertex 1.125 11.0514 3
      vertex 1.25003 11.1292 3
    endloop
  endfacet
  facet normal 0 0 -1
    outer loop
      vertex 1.9903 8.96407 3
      vertex 0.995149 10.982 3
      vertex 1.125 11.0514 3
    endloop
  endfacet
  facet normal 0 0 -1
    outer loop
      vertex 0.582342 10.8267 3
      vertex 1.16469 8.65333 3
      vertex 0.877906 8.58647 3
    endloop
  endfacet
  facet normal 0 0 -1
    outer loop
      vertex 1.72207 8.84254 3
      vertex 0.861037 10.9213 3
      vertex 0.995149 10.982 3
    endloop
  endfacet
  facet normal 0 0 -1
    outer loop
      vertex 1.44648 8.73882 3
      vertex 0.723238 10.8694 3
      vertex 0.861037 10.9213 3
    endloop
  endfacet
  facet normal 0 0 -1
    outer loop
      vertex 0.438952 10.7932 3
      vertex 0.877906 8.58647 3
      vertex 0.587367 8.5385 3
    endloop
  endfacet
  facet normal 0 0 -1
    outer loop
      vertex 1.16469 8.65333 3
      vertex 0.582342 10.8267 3
      vertex 0.723238 10.8694 3
    endloop
  endfacet
  facet normal 0 0 -1
    outer loop
      vertex 0.877906 8.58647 3
      vertex 0.438952 10.7932 3
      vertex 0.582342 10.8267 3
    endloop
  endfacet
  facet normal 0 0 -1
    outer loop
      vertex 0.293683 10.7692 3
      vertex 0.587367 8.5385 3
      vertex 0.294313 8.50963 3
    endloop
  endfacet
  facet normal 0 0 -1
    outer loop
      vertex 0.587367 8.5385 3
      vertex 0.293683 10.7692 3
      vertex 0.438952 10.7932 3
    endloop
  endfacet
  facet normal 0 0 -1
    outer loop
      vertex 0.294313 8.50963 3
      vertex 0.147157 10.7548 3
      vertex 0.293683 10.7692 3
    endloop
  endfacet
  facet normal 0 0 -1
    outer loop
      vertex 0 8.5 3
      vertex 0.147157 10.7548 3
      vertex 0.294313 8.50963 3
    endloop
  endfacet
  facet normal 0 0 -1
    outer loop
      vertex 0 8.5 3
      vertex 0 10.75 3
      vertex 0.147157 10.7548 3
    endloop
  endfacet
  facet normal 0 0 -1
    outer loop
      vertex 0 8.5 3
      vertex -0.147157 10.7548 3
      vertex 0 10.75 3
    endloop
  endfacet
  facet normal 0 0 -1
    outer loop
      vertex -0.294313 8.50963 3
      vertex -0.147157 10.7548 3
      vertex 0 8.5 3
    endloop
  endfacet
  facet normal -0 0 -1
    outer loop
      vertex -0.147157 10.7548 3
      vertex -0.294313 8.50963 3
      vertex -0.293683 10.7692 3
    endloop
  endfacet
  facet normal 0 0 -1
    outer loop
      vertex -0.587367 8.5385 3
      vertex -0.293683 10.7692 3
      vertex -0.294313 8.50963 3
    endloop
  endfacet
  facet normal -0 0 -1
    outer loop
      vertex -0.293683 10.7692 3
      vertex -0.587367 8.5385 3
      vertex -0.438952 10.7932 3
    endloop
  endfacet
  facet normal 0 0 -1
    outer loop
      vertex -0.877906 8.58647 3
      vertex -0.438952 10.7932 3
      vertex -0.587367 8.5385 3
    endloop
  endfacet
  facet normal -0 0 -1
    outer loop
      vertex -0.438952 10.7932 3
      vertex -0.877906 8.58647 3
      vertex -0.582342 10.8267 3
    endloop
  endfacet
  facet normal 0 0 -1
    outer loop
      vertex -1.16469 8.65333 3
      vertex -0.582342 10.8267 3
      vertex -0.877906 8.58647 3
    endloop
  endfacet
  facet normal -0 0 -1
    outer loop
      vertex -0.582342 10.8267 3
      vertex -1.16469 8.65333 3
      vertex -0.723238 10.8694 3
    endloop
  endfacet
  facet normal 0 0 -1
    outer loop
      vertex -1.44648 8.73882 3
      vertex -0.723238 10.8694 3
      vertex -1.16469 8.65333 3
    endloop
  endfacet
  facet normal -0 0 -1
    outer loop
      vertex -0.723238 10.8694 3
      vertex -1.44648 8.73882 3
      vertex -0.861037 10.9213 3
    endloop
  endfacet
  facet normal 0 0 -1
    outer loop
      vertex -1.72207 8.84254 3
      vertex -0.861037 10.9213 3
      vertex -1.44648 8.73882 3
    endloop
  endfacet
  facet normal -0 0 -1
    outer loop
      vertex -0.861037 10.9213 3
      vertex -1.72207 8.84254 3
      vertex -0.995149 10.982 3
    endloop
  endfacet
  facet normal 0 0 -1
    outer loop
      vertex -1.9903 8.96407 3
      vertex -0.995149 10.982 3
      vertex -1.72207 8.84254 3
    endloop
  endfacet
  facet normal -0 0 -1
    outer loop
      vertex -0.995149 10.982 3
      vertex -1.9903 8.96407 3
      vertex -1.125 11.0514 3
    endloop
  endfacet
  facet normal 0 0 -1
    outer loop
      vertex -2.25 9.10289 3
      vertex -1.125 11.0514 3
      vertex -1.9903 8.96407 3
    endloop
  endfacet
  facet normal -0 0 -1
    outer loop
      vertex -1.125 11.0514 3
      vertex -2.25 9.10289 3
      vertex -1.25003 11.1292 3
    endloop
  endfacet
  facet normal 0 0 -1
    outer loop
      vertex -2.50007 9.25839 3
      vertex -1.25003 11.1292 3
      vertex -2.25 9.10289 3
    endloop
  endfacet
  facet normal -0 0 -1
    outer loop
      vertex -1.25003 11.1292 3
      vertex -2.50007 9.25839 3
      vertex -1.36971 11.215 3
    endloop
  endfacet
  facet normal 0 0 -1
    outer loop
      vertex -2.73943 9.42991 3
      vertex -1.36971 11.215 3
      vertex -2.50007 9.25839 3
    endloop
  endfacet
  facet normal -0 0 -1
    outer loop
      vertex -1.36971 11.215 3
      vertex -2.73943 9.42991 3
      vertex -1.48353 11.3084 3
    endloop
  endfacet
  facet normal 0 0 -1
    outer loop
      vertex -2.96706 9.61672 3
      vertex -1.48353 11.3084 3
      vertex -2.73943 9.42991 3
    endloop
  endfacet
  facet normal -0 0 -1
    outer loop
      vertex -1.48353 11.3084 3
      vertex -2.96706 9.61672 3
      vertex -1.59099 11.409 3
    endloop
  endfacet
  facet normal 0 0 -1
    outer loop
      vertex -3.18198 9.81802 3
      vertex -1.59099 11.409 3
      vertex -2.96706 9.61672 3
    endloop
  endfacet
  facet normal -0 0 -1
    outer loop
      vertex -1.59099 11.409 3
      vertex -3.18198 9.81802 3
      vertex -1.69164 11.5165 3
    endloop
  endfacet
  facet normal 0 0 -1
    outer loop
      vertex -3.38328 10.0329 3
      vertex -1.69164 11.5165 3
      vertex -3.18198 9.81802 3
    endloop
  endfacet
  facet normal -0 0 -1
    outer loop
      vertex -1.69164 11.5165 3
      vertex -3.38328 10.0329 3
      vertex -1.78504 11.6303 3
    endloop
  endfacet
  facet normal 0 0 -1
    outer loop
      vertex -3.57009 10.2606 3
      vertex -1.78504 11.6303 3
      vertex -3.38328 10.0329 3
    endloop
  endfacet
  facet normal -0 0 -1
    outer loop
      vertex -1.78504 11.6303 3
      vertex -3.57009 10.2606 3
      vertex -1.87081 11.75 3
    endloop
  endfacet
  facet normal 0 0 -1
    outer loop
      vertex -3.74161 10.4999 3
      vertex -1.87081 11.75 3
      vertex -3.57009 10.2606 3
    endloop
  endfacet
  facet normal -0 0 -1
    outer loop
      vertex -1.87081 11.75 3
      vertex -3.74161 10.4999 3
      vertex -1.94856 11.875 3
    endloop
  endfacet
  facet normal 0 0 -1
    outer loop
      vertex -3.89711 10.75 3
      vertex -1.94856 11.875 3
      vertex -3.74161 10.4999 3
    endloop
  endfacet
  facet normal -0 0 -1
    outer loop
      vertex -1.94856 11.875 3
      vertex -3.89711 10.75 3
      vertex -2.01796 12.0049 3
    endloop
  endfacet
  facet normal 0 0 -1
    outer loop
      vertex -4.03593 11.0097 3
      vertex -2.01796 12.0049 3
      vertex -3.89711 10.75 3
    endloop
  endfacet
  facet normal 0 0 -1
    outer loop
      vertex -2.25 13 3
      vertex -2.50007 16.7416 3
      vertex -2.25 16.8971 3
    endloop
  endfacet
  facet normal -0 0 -1
    outer loop
      vertex -2.01796 12.0049 3
      vertex -4.03593 11.0097 3
      vertex -2.07873 12.139 3
    endloop
  endfacet
  facet normal 0 0 -1
    outer loop
      vertex -2.25 13 3
      vertex -2.73943 16.5701 3
      vertex -2.50007 16.7416 3
    endloop
  endfacet
  facet normal 0 0 -1
    outer loop
      vertex -4.15746 11.2779 3
      vertex -2.07873 12.139 3
      vertex -4.03593 11.0097 3
    endloop
  endfacet
  facet normal 0 0 -1
    outer loop
      vertex -2.25 13 3
      vertex -2.96706 16.3833 3
      vertex -2.73943 16.5701 3
    endloop
  endfacet
  facet normal -0 0 -1
    outer loop
      vertex -2.07873 12.139 3
      vertex -4.15746 11.2779 3
      vertex -2.13059 12.2768 3
    endloop
  endfacet
  facet normal 0 0 -1
    outer loop
      vertex -2.25 13 3
      vertex -3.18198 16.182 3
      vertex -2.96706 16.3833 3
    endloop
  endfacet
  facet normal 0 0 -1
    outer loop
      vertex -4.26118 11.5535 3
      vertex -2.13059 12.2768 3
      vertex -4.15746 11.2779 3
    endloop
  endfacet
  facet normal 0 0 -1
    outer loop
      vertex -2.25 13 3
      vertex -3.38328 15.9671 3
      vertex -3.18198 16.182 3
    endloop
  endfacet
  facet normal -0 0 -1
    outer loop
      vertex -2.13059 12.2768 3
      vertex -4.26118 11.5535 3
      vertex -2.17333 12.4177 3
    endloop
  endfacet
  facet normal 0 0 -1
    outer loop
      vertex -2.25 13 3
      vertex -3.57009 15.7394 3
      vertex -3.38328 15.9671 3
    endloop
  endfacet
  facet normal 0 0 -1
    outer loop
      vertex -4.34667 11.8353 3
      vertex -2.17333 12.4177 3
      vertex -4.26118 11.5535 3
    endloop
  endfacet
  facet normal 0 0 -1
    outer loop
      vertex -2.25 13 3
      vertex -3.74161 15.5001 3
      vertex -3.57009 15.7394 3
    endloop
  endfacet
  facet normal -0 0 -1
    outer loop
      vertex -2.17333 12.4177 3
      vertex -4.34667 11.8353 3
      vertex -2.20677 12.561 3
    endloop
  endfacet
  facet normal 0 0 -1
    outer loop
      vertex -2.25 13 3
      vertex -3.89711 15.25 3
      vertex -3.74161 15.5001 3
    endloop
  endfacet
  facet normal 0 0 -1
    outer loop
      vertex -4.41353 12.1221 3
      vertex -2.20677 12.561 3
      vertex -4.34667 11.8353 3
    endloop
  endfacet
  facet normal 0 0 -1
    outer loop
      vertex -2.25 13 3
      vertex -4.03593 14.9903 3
      vertex -3.89711 15.25 3
    endloop
  endfacet
  facet normal -0 0 -1
    outer loop
      vertex -2.20677 12.561 3
      vertex -4.41353 12.1221 3
      vertex -2.23075 12.7063 3
    endloop
  endfacet
  facet normal 0 0 -1
    outer loop
      vertex -2.25 13 3
      vertex -4.15746 14.7221 3
      vertex -4.03593 14.9903 3
    endloop
  endfacet
  facet normal 0 0 -1
    outer loop
      vertex -4.4615 12.4126 3
      vertex -2.23075 12.7063 3
      vertex -4.41353 12.1221 3
    endloop
  endfacet
  facet normal 0 0 -1
    outer loop
      vertex -2.25 13 3
      vertex -4.26118 14.4465 3
      vertex -4.15746 14.7221 3
    endloop
  endfacet
  facet normal -0 0 -1
    outer loop
      vertex -2.23075 12.7063 3
      vertex -4.4615 12.4126 3
      vertex -2.24518 12.8528 3
    endloop
  endfacet
  facet normal 0 0 -1
    outer loop
      vertex -2.25 13 3
      vertex -4.34667 14.1647 3
      vertex -4.26118 14.4465 3
    endloop
  endfacet
  facet normal 0 0 -1
    outer loop
      vertex -4.49037 12.7057 3
      vertex -2.24518 12.8528 3
      vertex -4.4615 12.4126 3
    endloop
  endfacet
  facet normal 0 0 -1
    outer loop
      vertex -2.25 13 3
      vertex -4.41353 13.8779 3
      vertex -4.34667 14.1647 3
    endloop
  endfacet
  facet normal -0 0 -1
    outer loop
      vertex -2.24518 12.8528 3
      vertex -4.49037 12.7057 3
      vertex -2.25 13 3
    endloop
  endfacet
  facet normal 0 0 -1
    outer loop
      vertex -2.25 13 3
      vertex -4.4615 13.5874 3
      vertex -4.41353 13.8779 3
    endloop
  endfacet
  facet normal 0 0 -1
    outer loop
      vertex -4.5 13 3
      vertex -2.25 13 3
      vertex -4.49037 12.7057 3
    endloop
  endfacet
  facet normal 0 0 -1
    outer loop
      vertex -2.25 13 3
      vertex -4.49037 13.2943 3
      vertex -4.4615 13.5874 3
    endloop
  endfacet
  facet normal 0 0 -1
    outer loop
      vertex -2.25 13 3
      vertex -4.5 13 3
      vertex -4.49037 13.2943 3
    endloop
  endfacet
  facet normal 0 0 -1
    outer loop
      vertex 2.25 13 3
      vertex 4.5 13 3
      vertex 4.49037 12.7057 3
    endloop
  endfacet
  facet normal 0 0 -1
    outer loop
      vertex 2.24518 12.8528 3
      vertex 4.49037 12.7057 3
      vertex 4.4615 12.4126 3
    endloop
  endfacet
  facet normal 0 0 -1
    outer loop
      vertex 4.5 13 3
      vertex 2.25 13 3
      vertex 4.49037 13.2943 3
    endloop
  endfacet
  facet normal 0 0 -1
    outer loop
      vertex 2.24518 12.8528 3
      vertex 4.4615 12.4126 3
      vertex 4.41353 12.1221 3
    endloop
  endfacet
  facet normal 0 0 -1
    outer loop
      vertex 2.24518 13.1472 3
      vertex 4.49037 13.2943 3
      vertex 2.25 13 3
    endloop
  endfacet
  facet normal 0 0 -1
    outer loop
      vertex 2.24518 12.8528 3
      vertex 4.41353 12.1221 3
      vertex 4.34667 11.8353 3
    endloop
  endfacet
  facet normal -0 0 -1
    outer loop
      vertex 4.49037 13.2943 3
      vertex 2.24518 13.1472 3
      vertex 4.4615 13.5874 3
    endloop
  endfacet
  facet normal 0 0 -1
    outer loop
      vertex 2.24518 12.8528 3
      vertex 4.34667 11.8353 3
      vertex 4.26118 11.5535 3
    endloop
  endfacet
  facet normal 0 0 -1
    outer loop
      vertex 2.23075 13.2937 3
      vertex 4.4615 13.5874 3
      vertex 2.24518 13.1472 3
    endloop
  endfacet
  facet normal 0 0 -1
    outer loop
      vertex 2.24518 12.8528 3
      vertex 4.26118 11.5535 3
      vertex 4.15746 11.2779 3
    endloop
  endfacet
  facet normal -0 0 -1
    outer loop
      vertex 4.4615 13.5874 3
      vertex 2.23075 13.2937 3
      vertex 4.41353 13.8779 3
    endloop
  endfacet
  facet normal 0 0 -1
    outer loop
      vertex 2.24518 12.8528 3
      vertex 4.15746 11.2779 3
      vertex 4.03593 11.0097 3
    endloop
  endfacet
  facet normal 0 0 -1
    outer loop
      vertex 2.20677 13.439 3
      vertex 4.41353 13.8779 3
      vertex 2.23075 13.2937 3
    endloop
  endfacet
  facet normal 0 0 -1
    outer loop
      vertex 2.24518 12.8528 3
      vertex 4.03593 11.0097 3
      vertex 3.89711 10.75 3
    endloop
  endfacet
  facet normal -0 0 -1
    outer loop
      vertex 4.41353 13.8779 3
      vertex 2.20677 13.439 3
      vertex 4.34667 14.1647 3
    endloop
  endfacet
  facet normal 0 0 -1
    outer loop
      vertex 2.24518 12.8528 3
      vertex 3.89711 10.75 3
      vertex 3.74161 10.4999 3
    endloop
  endfacet
  facet normal 0 0 -1
    outer loop
      vertex 2.17333 13.5823 3
      vertex 4.34667 14.1647 3
      vertex 2.20677 13.439 3
    endloop
  endfacet
  facet normal 0 0 -1
    outer loop
      vertex 2.24518 12.8528 3
      vertex 3.74161 10.4999 3
      vertex 3.57009 10.2606 3
    endloop
  endfacet
  facet normal -0 0 -1
    outer loop
      vertex 4.34667 14.1647 3
      vertex 2.17333 13.5823 3
      vertex 4.26118 14.4465 3
    endloop
  endfacet
  facet normal 0 0 -1
    outer loop
      vertex 2.24518 12.8528 3
      vertex 3.57009 10.2606 3
      vertex 3.38328 10.0329 3
    endloop
  endfacet
  facet normal 0 0 -1
    outer loop
      vertex 2.13059 13.7232 3
      vertex 4.26118 14.4465 3
      vertex 2.17333 13.5823 3
    endloop
  endfacet
  facet normal 0 0 -1
    outer loop
      vertex 2.24518 12.8528 3
      vertex 3.38328 10.0329 3
      vertex 3.18198 9.81802 3
    endloop
  endfacet
  facet normal -0 0 -1
    outer loop
      vertex 4.26118 14.4465 3
      vertex 2.13059 13.7232 3
      vertex 4.15746 14.7221 3
    endloop
  endfacet
  facet normal 0 0 -1
    outer loop
      vertex 2.24518 12.8528 3
      vertex 3.18198 9.81802 3
      vertex 2.96706 9.61672 3
    endloop
  endfacet
  facet normal 0 0 -1
    outer loop
      vertex 2.07873 13.861 3
      vertex 4.15746 14.7221 3
      vertex 2.13059 13.7232 3
    endloop
  endfacet
  facet normal 0 0 -1
    outer loop
      vertex 2.24518 12.8528 3
      vertex 2.96706 9.61672 3
      vertex 2.73943 9.42991 3
    endloop
  endfacet
  facet normal -0 0 -1
    outer loop
      vertex 4.15746 14.7221 3
      vertex 2.07873 13.861 3
      vertex 4.03593 14.9903 3
    endloop
  endfacet
  facet normal 0 0 -1
    outer loop
      vertex 2.24518 12.8528 3
      vertex 2.73943 9.42991 3
      vertex 2.50007 9.25839 3
    endloop
  endfacet
  facet normal 0 0 -1
    outer loop
      vertex 2.01796 13.9951 3
      vertex 4.03593 14.9903 3
      vertex 2.07873 13.861 3
    endloop
  endfacet
  facet normal 0 0 -1
    outer loop
      vertex 1.25003 11.1292 3
      vertex 2.50007 9.25839 3
      vertex 2.25 9.10289 3
    endloop
  endfacet
  facet normal -0 0 -1
    outer loop
      vertex 4.03593 14.9903 3
      vertex 2.01796 13.9951 3
      vertex 3.89711 15.25 3
    endloop
  endfacet
  facet normal 0 0 -1
    outer loop
      vertex 1.94856 14.125 3
      vertex 3.89711 15.25 3
      vertex 2.01796 13.9951 3
    endloop
  endfacet
  facet normal -0 0 -1
    outer loop
      vertex 3.89711 15.25 3
      vertex 1.94856 14.125 3
      vertex 3.74161 15.5001 3
    endloop
  endfacet
  facet normal 0 0 -1
    outer loop
      vertex 1.87081 14.25 3
      vertex 3.74161 15.5001 3
      vertex 1.94856 14.125 3
    endloop
  endfacet
  facet normal -0 0 -1
    outer loop
      vertex 3.74161 15.5001 3
      vertex 1.87081 14.25 3
      vertex 3.57009 15.7394 3
    endloop
  endfacet
  facet normal 0 0 -1
    outer loop
      vertex 1.78504 14.3697 3
      vertex 3.57009 15.7394 3
      vertex 1.87081 14.25 3
    endloop
  endfacet
  facet normal -0 0 -1
    outer loop
      vertex 3.57009 15.7394 3
      vertex 1.78504 14.3697 3
      vertex 3.38328 15.9671 3
    endloop
  endfacet
  facet normal 0 0 -1
    outer loop
      vertex 1.69164 14.4835 3
      vertex 3.38328 15.9671 3
      vertex 1.78504 14.3697 3
    endloop
  endfacet
  facet normal -0 0 -1
    outer loop
      vertex 3.38328 15.9671 3
      vertex 1.69164 14.4835 3
      vertex 3.18198 16.182 3
    endloop
  endfacet
  facet normal 0 0 -1
    outer loop
      vertex 1.59099 14.591 3
      vertex 3.18198 16.182 3
      vertex 1.69164 14.4835 3
    endloop
  endfacet
  facet normal -0 0 -1
    outer loop
      vertex 3.18198 16.182 3
      vertex 1.59099 14.591 3
      vertex 2.96706 16.3833 3
    endloop
  endfacet
  facet normal 0 0 -1
    outer loop
      vertex 1.48353 14.6916 3
      vertex 2.96706 16.3833 3
      vertex 1.59099 14.591 3
    endloop
  endfacet
  facet normal -0 0 -1
    outer loop
      vertex 2.96706 16.3833 3
      vertex 1.48353 14.6916 3
      vertex 2.73943 16.5701 3
    endloop
  endfacet
  facet normal 0 0 -1
    outer loop
      vertex 1.36971 14.785 3
      vertex 2.73943 16.5701 3
      vertex 1.48353 14.6916 3
    endloop
  endfacet
  facet normal -0 0 -1
    outer loop
      vertex 2.73943 16.5701 3
      vertex 1.36971 14.785 3
      vertex 2.50007 16.7416 3
    endloop
  endfacet
  facet normal 0 0 -1
    outer loop
      vertex 1.25003 14.8708 3
      vertex 2.50007 16.7416 3
      vertex 1.36971 14.785 3
    endloop
  endfacet
  facet normal -0 0 -1
    outer loop
      vertex 2.50007 16.7416 3
      vertex 1.25003 14.8708 3
      vertex 2.25 16.8971 3
    endloop
  endfacet
  facet normal 0 0 -1
    outer loop
      vertex 1.125 14.9486 3
      vertex 2.25 16.8971 3
      vertex 1.25003 14.8708 3
    endloop
  endfacet
  facet normal -0 0 -1
    outer loop
      vertex 2.25 16.8971 3
      vertex 1.125 14.9486 3
      vertex 1.9903 17.0359 3
    endloop
  endfacet
  facet normal 0 0 -1
    outer loop
      vertex 0.995149 15.018 3
      vertex 1.9903 17.0359 3
      vertex 1.125 14.9486 3
    endloop
  endfacet
  facet normal -0 0 -1
    outer loop
      vertex 1.9903 17.0359 3
      vertex 0.995149 15.018 3
      vertex 1.72207 17.1575 3
    endloop
  endfacet
  facet normal 0 0 -1
    outer loop
      vertex 0.861037 15.0787 3
      vertex 1.72207 17.1575 3
      vertex 0.995149 15.018 3
    endloop
  endfacet
  facet normal -0 0 -1
    outer loop
      vertex 1.72207 17.1575 3
      vertex 0.861037 15.0787 3
      vertex 1.44648 17.2612 3
    endloop
  endfacet
  facet normal 0 0 -1
    outer loop
      vertex 0.723238 15.1306 3
      vertex 1.44648 17.2612 3
      vertex 0.861037 15.0787 3
    endloop
  endfacet
  facet normal -0 0 -1
    outer loop
      vertex 1.44648 17.2612 3
      vertex 0.723238 15.1306 3
      vertex 1.16469 17.3467 3
    endloop
  endfacet
  facet normal 0 0 -1
    outer loop
      vertex 0.582342 15.1733 3
      vertex 1.16469 17.3467 3
      vertex 0.723238 15.1306 3
    endloop
  endfacet
  facet normal -0 0 -1
    outer loop
      vertex 1.16469 17.3467 3
      vertex 0.582342 15.1733 3
      vertex 0.877906 17.4135 3
    endloop
  endfacet
  facet normal 0 0 -1
    outer loop
      vertex 0.438952 15.2068 3
      vertex 0.877906 17.4135 3
      vertex 0.582342 15.1733 3
    endloop
  endfacet
  facet normal -0 0 -1
    outer loop
      vertex 0.877906 17.4135 3
      vertex 0.438952 15.2068 3
      vertex 0.587367 17.4615 3
    endloop
  endfacet
  facet normal 0 0 -1
    outer loop
      vertex 0.293683 15.2308 3
      vertex 0.587367 17.4615 3
      vertex 0.438952 15.2068 3
    endloop
  endfacet
  facet normal -0 0 -1
    outer loop
      vertex 0.587367 17.4615 3
      vertex 0.293683 15.2308 3
      vertex 0.294313 17.4904 3
    endloop
  endfacet
  facet normal 0 0 -1
    outer loop
      vertex 0.147157 15.2452 3
      vertex 0.294313 17.4904 3
      vertex 0.293683 15.2308 3
    endloop
  endfacet
  facet normal 0 0 -1
    outer loop
      vertex 0 15.25 3
      vertex 0.294313 17.4904 3
      vertex 0.147157 15.2452 3
    endloop
  endfacet
  facet normal 0 0 -1
    outer loop
      vertex 0 15.25 3
      vertex 0 17.5 3
      vertex 0.294313 17.4904 3
    endloop
  endfacet
  facet normal 0 0 -1
    outer loop
      vertex -0.147157 15.2452 3
      vertex 0 17.5 3
      vertex 0 15.25 3
    endloop
  endfacet
  facet normal 0 0 -1
    outer loop
      vertex -0.294313 17.4904 3
      vertex -0.147157 15.2452 3
      vertex -0.293683 15.2308 3
    endloop
  endfacet
  facet normal 0 0 -1
    outer loop
      vertex -0.147157 15.2452 3
      vertex -0.294313 17.4904 3
      vertex 0 17.5 3
    endloop
  endfacet
  facet normal 0 0 -1
    outer loop
      vertex -0.587367 17.4615 3
      vertex -0.293683 15.2308 3
      vertex -0.438952 15.2068 3
    endloop
  endfacet
  facet normal 0 0 -1
    outer loop
      vertex -0.877906 17.4135 3
      vertex -0.438952 15.2068 3
      vertex -0.582342 15.1733 3
    endloop
  endfacet
  facet normal 0 0 -1
    outer loop
      vertex -0.293683 15.2308 3
      vertex -0.587367 17.4615 3
      vertex -0.294313 17.4904 3
    endloop
  endfacet
  facet normal 0 0 -1
    outer loop
      vertex -1.16469 17.3467 3
      vertex -0.582342 15.1733 3
      vertex -0.723238 15.1306 3
    endloop
  endfacet
  facet normal 0 0 -1
    outer loop
      vertex -1.44648 17.2612 3
      vertex -0.723238 15.1306 3
      vertex -0.861037 15.0787 3
    endloop
  endfacet
  facet normal 0 0 -1
    outer loop
      vertex -0.438952 15.2068 3
      vertex -0.877906 17.4135 3
      vertex -0.587367 17.4615 3
    endloop
  endfacet
  facet normal 0 0 -1
    outer loop
      vertex -1.72207 17.1575 3
      vertex -0.861037 15.0787 3
      vertex -0.995149 15.018 3
    endloop
  endfacet
  facet normal 0 0 -1
    outer loop
      vertex -1.9903 17.0359 3
      vertex -0.995149 15.018 3
      vertex -1.125 14.9486 3
    endloop
  endfacet
  facet normal 0 0 -1
    outer loop
      vertex -0.582342 15.1733 3
      vertex -1.16469 17.3467 3
      vertex -0.877906 17.4135 3
    endloop
  endfacet
  facet normal 0 0 -1
    outer loop
      vertex -2.25 16.8971 3
      vertex -1.125 14.9486 3
      vertex -1.25003 14.8708 3
    endloop
  endfacet
  facet normal 0 0 -1
    outer loop
      vertex -2.25 16.8971 3
      vertex -1.25003 14.8708 3
      vertex -1.36971 14.785 3
    endloop
  endfacet
  facet normal 0 0 -1
    outer loop
      vertex -0.723238 15.1306 3
      vertex -1.44648 17.2612 3
      vertex -1.16469 17.3467 3
    endloop
  endfacet
  facet normal 0 0 -1
    outer loop
      vertex -2.25 16.8971 3
      vertex -1.36971 14.785 3
      vertex -1.48353 14.6916 3
    endloop
  endfacet
  facet normal 0 0 -1
    outer loop
      vertex -2.25 16.8971 3
      vertex -1.48353 14.6916 3
      vertex -1.59099 14.591 3
    endloop
  endfacet
  facet normal 0 0 -1
    outer loop
      vertex -2.25 16.8971 3
      vertex -1.59099 14.591 3
      vertex -1.69164 14.4835 3
    endloop
  endfacet
  facet normal 0 0 -1
    outer loop
      vertex -0.861037 15.0787 3
      vertex -1.72207 17.1575 3
      vertex -1.44648 17.2612 3
    endloop
  endfacet
  facet normal 0 0 -1
    outer loop
      vertex -2.25 16.8971 3
      vertex -1.69164 14.4835 3
      vertex -1.78504 14.3697 3
    endloop
  endfacet
  facet normal 0 0 -1
    outer loop
      vertex -2.25 16.8971 3
      vertex -1.78504 14.3697 3
      vertex -1.87081 14.25 3
    endloop
  endfacet
  facet normal 0 0 -1
    outer loop
      vertex -2.25 16.8971 3
      vertex -1.87081 14.25 3
      vertex -1.94856 14.125 3
    endloop
  endfacet
  facet normal 0 0 -1
    outer loop
      vertex -0.995149 15.018 3
      vertex -1.9903 17.0359 3
      vertex -1.72207 17.1575 3
    endloop
  endfacet
  facet normal 0 0 -1
    outer loop
      vertex -2.25 16.8971 3
      vertex -1.94856 14.125 3
      vertex -2.01796 13.9951 3
    endloop
  endfacet
  facet normal 0 0 -1
    outer loop
      vertex -2.25 16.8971 3
      vertex -2.01796 13.9951 3
      vertex -2.07873 13.861 3
    endloop
  endfacet
  facet normal 0 0 -1
    outer loop
      vertex -2.25 16.8971 3
      vertex -2.07873 13.861 3
      vertex -2.13059 13.7232 3
    endloop
  endfacet
  facet normal 0 0 -1
    outer loop
      vertex -2.25 16.8971 3
      vertex -2.13059 13.7232 3
      vertex -2.17333 13.5823 3
    endloop
  endfacet
  facet normal 0 0 -1
    outer loop
      vertex -2.25 16.8971 3
      vertex -2.17333 13.5823 3
      vertex -2.20677 13.439 3
    endloop
  endfacet
  facet normal 0 0 -1
    outer loop
      vertex -2.25 16.8971 3
      vertex -2.20677 13.439 3
      vertex -2.23075 13.2937 3
    endloop
  endfacet
  facet normal 0 0 -1
    outer loop
      vertex -2.25 16.8971 3
      vertex -2.23075 13.2937 3
      vertex -2.24518 13.1472 3
    endloop
  endfacet
  facet normal 0 0 -1
    outer loop
      vertex -1.125 14.9486 3
      vertex -2.25 16.8971 3
      vertex -1.9903 17.0359 3
    endloop
  endfacet
  facet normal 0 0 -1
    outer loop
      vertex -2.25 16.8971 3
      vertex -2.24518 13.1472 3
      vertex -2.25 13 3
    endloop
  endfacet
  facet normal 0.796301 -0.0784342 0.599795
    outer loop
      vertex -2.24518 13.1472 0
      vertex -2.23075 13.2937 0
      vertex -4.4615 13.5874 3
    endloop
  endfacet
  facet normal 0.232298 0.765693 0.599793
    outer loop
      vertex -1.16469 8.65333 3
      vertex -0.723238 10.8694 0
      vertex -1.44648 8.73882 3
    endloop
  endfacet
  facet normal 0.584092 0.546873 0.599805
    outer loop
      vertex -1.59099 11.409 0
      vertex -1.69164 11.5165 0
      vertex -3.38328 10.0329 3
    endloop
  endfacet
  facet normal -0.650414 -0.466048 0.5998
    outer loop
      vertex 1.87081 14.25 0
      vertex 3.74161 15.5001 3
      vertex 1.78504 14.3697 0
    endloop
  endfacet
  facet normal 0.377164 -0.705694 0.599785
    outer loop
      vertex -1.125 14.9486 0
      vertex -0.995149 15.018 0
      vertex -1.9903 17.0359 3
    endloop
  endfacet
  facet normal -0.618505 -0.50763 0.599803
    outer loop
      vertex 1.78504 14.3697 0
      vertex 3.38328 15.9671 3
      vertex 1.69164 14.4835 0
    endloop
  endfacet
  facet normal -0.67952 -0.422492 0.599794
    outer loop
      vertex 3.89711 15.25 3
      vertex 3.74161 15.5001 3
      vertex 1.94856 14.125 0
    endloop
  endfacet
  facet normal 0.0782598 0.796326 0.599783
    outer loop
      vertex -0.147157 10.7548 0
      vertex -0.293683 10.7692 0
      vertex -0.587367 8.5385 3
    endloop
  endfacet
  facet normal -0.779257 -0.181664 0.599797
    outer loop
      vertex 2.17333 13.5823 0
      vertex 4.41353 13.8779 3
      vertex 4.34667 14.1647 3
    endloop
  endfacet
  facet normal -0.779223 -0.181837 0.599789
    outer loop
      vertex 4.41353 13.8779 3
      vertex 2.17333 13.5823 0
      vertex 2.20677 13.439 0
    endloop
  endfacet
  facet normal -0.796301 -0.0784346 0.599795
    outer loop
      vertex 4.49037 13.2943 3
      vertex 4.4615 13.5874 3
      vertex 2.24518 13.1472 0
    endloop
  endfacet
  facet normal -0.796301 -0.0784342 0.599795
    outer loop
      vertex 2.24518 13.1472 0
      vertex 4.4615 13.5874 3
      vertex 2.23075 13.2937 0
    endloop
  endfacet
  facet normal 1 -0 0
    outer loop
      vertex 20 -20 75
      vertex 20 20 0
      vertex 20 20 75
    endloop
  endfacet
  facet normal 1 0 0
    outer loop
      vertex 20 20 0
      vertex 20 -20 75
      vertex 20 -20 0
    endloop
  endfacet
  facet normal 0 0 1
    outer loop
      vertex 5.53621 -7.17073 75
      vertex 2.24518 -12.8528 75
      vertex 2.25 -13 75
    endloop
  endfacet
  facet normal 0 0 1
    outer loop
      vertex 2.52347 -7.97808 75
      vertex 2.23075 -12.7063 75
      vertex 2.24518 -12.8528 75
    endloop
  endfacet
  facet normal 0 0 1
    outer loop
      vertex 2.52347 -7.97808 75
      vertex 2.20677 -12.561 75
      vertex 2.23075 -12.7063 75
    endloop
  endfacet
  facet normal 0 0 1
    outer loop
      vertex 2.52347 -7.97808 75
      vertex 2.17333 -12.4177 75
      vertex 2.20677 -12.561 75
    endloop
  endfacet
  facet normal 0 0 1
    outer loop
      vertex 2.52347 -7.97808 75
      vertex 2.13059 -12.2768 75
      vertex 2.17333 -12.4177 75
    endloop
  endfacet
  facet normal 0 0 1
    outer loop
      vertex 2.52347 -7.97808 75
      vertex 2.07873 -12.139 75
      vertex 2.13059 -12.2768 75
    endloop
  endfacet
  facet normal 0 0 1
    outer loop
      vertex 2.52347 -7.97808 75
      vertex 2.01796 -12.0049 75
      vertex 2.07873 -12.139 75
    endloop
  endfacet
  facet normal 0 0 1
    outer loop
      vertex 1.25003 -11.1292 75
      vertex 2.52291 -7.97814 75
      vertex 2.00056 -7.99524 75
    endloop
  endfacet
  facet normal 0 0 1
    outer loop
      vertex 1.25003 -11.1292 75
      vertex 2.00056 -7.99524 75
      vertex 2 -7.99526 75
    endloop
  endfacet
  facet normal 0 0 1
    outer loop
      vertex 2.52347 -7.97808 75
      vertex 1.94856 -11.875 75
      vertex 2.01796 -12.0049 75
    endloop
  endfacet
  facet normal 0 0 1
    outer loop
      vertex 2.52347 -7.97808 75
      vertex 1.87081 -11.75 75
      vertex 1.94856 -11.875 75
    endloop
  endfacet
  facet normal 0 0 1
    outer loop
      vertex 2.52347 -7.97808 75
      vertex 1.78504 -11.6303 75
      vertex 1.87081 -11.75 75
    endloop
  endfacet
  facet normal 0 0 1
    outer loop
      vertex 2.52347 -7.97808 75
      vertex 1.69164 -11.5165 75
      vertex 1.78504 -11.6303 75
    endloop
  endfacet
  facet normal 0 0 1
    outer loop
      vertex 2.52347 -7.97808 75
      vertex 1.59099 -11.409 75
      vertex 1.69164 -11.5165 75
    endloop
  endfacet
  facet normal 0 0 1
    outer loop
      vertex 2.52347 -7.97808 75
      vertex 1.48353 -11.3084 75
      vertex 1.59099 -11.409 75
    endloop
  endfacet
  facet normal 0 0 1
    outer loop
      vertex 2.52291 -7.97814 75
      vertex 1.36971 -11.215 75
      vertex 1.48353 -11.3084 75
    endloop
  endfacet
  facet normal 0 0 1
    outer loop
      vertex 2.52291 -7.97814 75
      vertex 1.25003 -11.1292 75
      vertex 1.36971 -11.215 75
    endloop
  endfacet
  facet normal 0 0 1
    outer loop
      vertex 2 -7.99526 75
      vertex 1.125 -11.0514 75
      vertex 1.25003 -11.1292 75
    endloop
  endfacet
  facet normal 0 0 1
    outer loop
      vertex 2 -7.99526 75
      vertex 0.995149 -10.982 75
      vertex 1.125 -11.0514 75
    endloop
  endfacet
  facet normal 0 0 1
    outer loop
      vertex 2 -7.99526 75
      vertex 0.861037 -10.9213 75
      vertex 0.995149 -10.982 75
    endloop
  endfacet
  facet normal 0 0 1
    outer loop
      vertex 2 -7.99526 75
      vertex 0.723238 -10.8694 75
      vertex 0.861037 -10.9213 75
    endloop
  endfacet
  facet normal 0 0 1
    outer loop
      vertex 2 -7.99526 75
      vertex 0.582342 -10.8267 75
      vertex 0.723238 -10.8694 75
    endloop
  endfacet
  facet normal 0 0 1
    outer loop
      vertex 2 -7.99526 75
      vertex 0.438952 -10.7932 75
      vertex 0.582342 -10.8267 75
    endloop
  endfacet
  facet normal 0 0 1
    outer loop
      vertex 2 -7.99526 75
      vertex 0.293683 -10.7692 75
      vertex 0.438952 -10.7932 75
    endloop
  endfacet
  facet normal 0 0 1
    outer loop
      vertex 2 -7.99526 75
      vertex 0.147157 -10.7548 75
      vertex 0.293683 -10.7692 75
    endloop
  endfacet
  facet normal 0 0 1
    outer loop
      vertex 2 -7.99526 75
      vertex 0 -10.75 75
      vertex 0.147157 -10.7548 75
    endloop
  endfacet
  facet normal -0 0 1
    outer loop
      vertex -2 -7.99526 75
      vertex 0 -10.75 75
      vertex 2 -7.99526 75
    endloop
  endfacet
  facet normal 0 0 1
    outer loop
      vertex 0 -10.75 75
      vertex -2 -7.99526 75
      vertex -0.147157 -10.7548 75
    endloop
  endfacet
  facet normal 0 0 1
    outer loop
      vertex -0.147157 -10.7548 75
      vertex -2 -7.99526 75
      vertex -0.293683 -10.7692 75
    endloop
  endfacet
  facet normal 0 0 1
    outer loop
      vertex -0.293683 -10.7692 75
      vertex -2 -7.99526 75
      vertex -0.438952 -10.7932 75
    endloop
  endfacet
  facet normal 0 0 1
    outer loop
      vertex -0.438952 -10.7932 75
      vertex -2 -7.99526 75
      vertex -0.582342 -10.8267 75
    endloop
  endfacet
  facet normal 0 0 1
    outer loop
      vertex -0.582342 -10.8267 75
      vertex -2 -7.99526 75
      vertex -0.723238 -10.8694 75
    endloop
  endfacet
  facet normal 0 0 1
    outer loop
      vertex -0.723238 -10.8694 75
      vertex -2 -7.99526 75
      vertex -0.861037 -10.9213 75
    endloop
  endfacet
  facet normal 0 0 1
    outer loop
      vertex -0.861037 -10.9213 75
      vertex -2 -7.99526 75
      vertex -0.995149 -10.982 75
    endloop
  endfacet
  facet normal 0 0 1
    outer loop
      vertex -0.995149 -10.982 75
      vertex -2 -7.99526 75
      vertex -1.125 -11.0514 75
    endloop
  endfacet
  facet normal 0 0 1
    outer loop
      vertex -1.125 -11.0514 75
      vertex -2 -7.99526 75
      vertex -1.25003 -11.1292 75
    endloop
  endfacet
  facet normal 0 0 1
    outer loop
      vertex -2.00056 -7.99524 75
      vertex -1.25003 -11.1292 75
      vertex -2 -7.99526 75
    endloop
  endfacet
  facet normal 0 0 1
    outer loop
      vertex -2.52291 -7.97814 75
      vertex -1.25003 -11.1292 75
      vertex -2.00056 -7.99524 75
    endloop
  endfacet
  facet normal 0 0 1
    outer loop
      vertex -1.25003 -11.1292 75
      vertex -2.52291 -7.97814 75
      vertex -1.36971 -11.215 75
    endloop
  endfacet
  facet normal 0 0 1
    outer loop
      vertex -1.36971 -11.215 75
      vertex -2.52291 -7.97814 75
      vertex -1.48353 -11.3084 75
    endloop
  endfacet
  facet normal 0 0 1
    outer loop
      vertex -2.52347 -7.97808 75
      vertex -1.48353 -11.3084 75
      vertex -2.52291 -7.97814 75
    endloop
  endfacet
  facet normal 0 0 1
    outer loop
      vertex -1.48353 -11.3084 75
      vertex -2.52347 -7.97808 75
      vertex -1.59099 -11.409 75
    endloop
  endfacet
  facet normal 0 0 1
    outer loop
      vertex -3.04359 -7.92686 75
      vertex -1.59099 -11.409 75
      vertex -2.52347 -7.97808 75
    endloop
  endfacet
  facet normal 0 0 1
    outer loop
      vertex -1.59099 -11.409 75
      vertex -3.04359 -7.92686 75
      vertex -1.69164 -11.5165 75
    endloop
  endfacet
  facet normal 0 0 1
    outer loop
      vertex -1.69164 -11.5165 75
      vertex -3.04359 -7.92686 75
      vertex -1.78504 -11.6303 75
    endloop
  endfacet
  facet normal 0 0 1
    outer loop
      vertex -3.55924 -7.84172 75
      vertex -1.78504 -11.6303 75
      vertex -3.04359 -7.92686 75
    endloop
  endfacet
  facet normal 0 0 1
    outer loop
      vertex -1.78504 -11.6303 75
      vertex -3.55924 -7.84172 75
      vertex -1.87081 -11.75 75
    endloop
  endfacet
  facet normal 0 0 1
    outer loop
      vertex -3.5598 -7.84163 75
      vertex -1.87081 -11.75 75
      vertex -3.55924 -7.84172 75
    endloop
  endfacet
  facet normal 0 0 1
    outer loop
      vertex -1.87081 -11.75 75
      vertex -3.5598 -7.84163 75
      vertex -1.94856 -11.875 75
    endloop
  endfacet
  facet normal 0 0 1
    outer loop
      vertex -3.56034 -7.8415 75
      vertex -1.94856 -11.875 75
      vertex -3.5598 -7.84163 75
    endloop
  endfacet
  facet normal 0 0 1
    outer loop
      vertex -4.06932 -7.72283 75
      vertex -1.94856 -11.875 75
      vertex -3.56034 -7.8415 75
    endloop
  endfacet
  facet normal 0 0 1
    outer loop
      vertex -2.01796 -12.0049 75
      vertex -4.06932 -7.72283 75
      vertex -2.07873 -12.139 75
    endloop
  endfacet
  facet normal 0 0 1
    outer loop
      vertex -1.94856 -11.875 75
      vertex -4.06932 -7.72283 75
      vertex -2.01796 -12.0049 75
    endloop
  endfacet
  facet normal 0 0 1
    outer loop
      vertex 20 20 75
      vertex 9.99526 0 75
      vertex 20 -20 75
    endloop
  endfacet
  facet normal 0 0 1
    outer loop
      vertex 20 20 75
      vertex 9.99524 0.000560401 75
      vertex 9.99526 0 75
    endloop
  endfacet
  facet normal 0 0 1
    outer loop
      vertex 20 20 75
      vertex 9.97814 0.522915 75
      vertex 9.99524 0.000560401 75
    endloop
  endfacet
  facet normal 0 0 1
    outer loop
      vertex 20 20 75
      vertex 9.97808 0.523473 75
      vertex 9.97814 0.522915 75
    endloop
  endfacet
  facet normal 0 0 1
    outer loop
      vertex 20 20 75
      vertex 9.92686 1.04359 75
      vertex 9.97808 0.523473 75
    endloop
  endfacet
  facet normal 0 0 1
    outer loop
      vertex 20 20 75
      vertex 9.84172 1.55924 75
      vertex 9.92686 1.04359 75
    endloop
  endfacet
  facet normal 0 0 1
    outer loop
      vertex 20 20 75
      vertex 9.84163 1.5598 75
      vertex 9.84172 1.55924 75
    endloop
  endfacet
  facet normal 0 0 1
    outer loop
      vertex 20 20 75
      vertex 9.8415 1.56034 75
      vertex 9.84163 1.5598 75
    endloop
  endfacet
  facet normal 0 0 1
    outer loop
      vertex 20 20 75
      vertex 9.72283 2.06932 75
      vertex 9.8415 1.56034 75
    endloop
  endfacet
  facet normal 0 0 1
    outer loop
      vertex 20 20 75
      vertex 9.72266 2.06986 75
      vertex 9.72283 2.06932 75
    endloop
  endfacet
  facet normal 0 0 1
    outer loop
      vertex 20 20 75
      vertex 9.57095 2.56999 75
      vertex 9.72266 2.06986 75
    endloop
  endfacet
  facet normal 0 0 1
    outer loop
      vertex 20 20 75
      vertex 9.38685 3.05913 75
      vertex 9.57095 2.56999 75
    endloop
  endfacet
  facet normal 0 0 1
    outer loop
      vertex 20 20 75
      vertex 9.38665 3.05965 75
      vertex 9.38685 3.05913 75
    endloop
  endfacet
  facet normal 0 0 1
    outer loop
      vertex 20 20 75
      vertex 9.38642 3.06016 75
      vertex 9.38665 3.05965 75
    endloop
  endfacet
  facet normal 0 0 1
    outer loop
      vertex 20 20 75
      vertex 9.17073 3.53621 75
      vertex 9.38642 3.06016 75
    endloop
  endfacet
  facet normal 0 0 1
    outer loop
      vertex 20 20 75
      vertex 8.92436 3.99713 75
      vertex 9.17073 3.53621 75
    endloop
  endfacet
  facet normal 0 0 1
    outer loop
      vertex 20 20 75
      vertex 8.9241 3.99763 75
      vertex 8.92436 3.99713 75
    endloop
  endfacet
  facet normal 0 0 1
    outer loop
      vertex 20 20 75
      vertex 8.9238 3.99811 75
      vertex 8.9241 3.99763 75
    endloop
  endfacet
  facet normal 0 0 1
    outer loop
      vertex 20 20 75
      vertex 8.64781 4.44193 75
      vertex 8.9238 3.99811 75
    endloop
  endfacet
  facet normal 0 0 1
    outer loop
      vertex 20 20 75
      vertex 8.64749 4.44238 75
      vertex 8.64781 4.44193 75
    endloop
  endfacet
  facet normal 0 0 1
    outer loop
      vertex 20 20 75
      vertex 8.34306 4.8672 75
      vertex 8.64749 4.44238 75
    endloop
  endfacet
  facet normal 0 0 1
    outer loop
      vertex 20 20 75
      vertex 8.01151 5.27121 75
      vertex 8.34306 4.8672 75
    endloop
  endfacet
  facet normal 0 0 1
    outer loop
      vertex 20 20 75
      vertex 8.01115 5.27164 75
      vertex 8.01151 5.27121 75
    endloop
  endfacet
  facet normal 0 0 1
    outer loop
      vertex 20 20 75
      vertex 7.65388 5.65309 75
      vertex 8.01115 5.27164 75
    endloop
  endfacet
  facet normal 0 0 1
    outer loop
      vertex 20 20 75
      vertex 7.6535 5.6535 75
      vertex 7.65388 5.65309 75
    endloop
  endfacet
  facet normal 0 0 1
    outer loop
      vertex 20 20 75
      vertex 7.65309 5.65388 75
      vertex 7.6535 5.6535 75
    endloop
  endfacet
  facet normal 0 0 1
    outer loop
      vertex 20 20 75
      vertex 7.27164 6.01115 75
      vertex 7.65309 5.65388 75
    endloop
  endfacet
  facet normal 0 0 1
    outer loop
      vertex 20 20 75
      vertex 7.27121 6.01151 75
      vertex 7.27164 6.01115 75
    endloop
  endfacet
  facet normal 0 0 1
    outer loop
      vertex 20 20 75
      vertex 6.8672 6.34306 75
      vertex 7.27121 6.01151 75
    endloop
  endfacet
  facet normal 0 0 1
    outer loop
      vertex 20 20 75
      vertex 6.44238 6.64749 75
      vertex 6.8672 6.34306 75
    endloop
  endfacet
  facet normal 0 0 1
    outer loop
      vertex 20 20 75
      vertex 6.44193 6.64781 75
      vertex 6.44238 6.64749 75
    endloop
  endfacet
  facet normal -0 0 1
    outer loop
      vertex 2.23075 13.2937 75
      vertex 6.44193 6.64781 75
      vertex 20 20 75
    endloop
  endfacet
  facet normal 0 0 1
    outer loop
      vertex 6.44193 6.64781 75
      vertex 2.23075 13.2937 75
      vertex 5.99811 6.9238 75
    endloop
  endfacet
  facet normal -0 -0 1
    outer loop
      vertex 2.24518 13.1472 75
      vertex 5.99811 6.9238 75
      vertex 2.23075 13.2937 75
    endloop
  endfacet
  facet normal 0 0 1
    outer loop
      vertex 5.99811 6.9238 75
      vertex 2.24518 13.1472 75
      vertex 5.99763 6.9241 75
    endloop
  endfacet
  facet normal -0 -0 1
    outer loop
      vertex 2.25 13 75
      vertex 5.99763 6.9241 75
      vertex 2.24518 13.1472 75
    endloop
  endfacet
  facet normal 0 0 1
    outer loop
      vertex 5.99763 6.9241 75
      vertex 2.25 13 75
      vertex 5.99713 6.92436 75
    endloop
  endfacet
  facet normal 0 0 1
    outer loop
      vertex 5.99713 6.92436 75
      vertex 2.25 13 75
      vertex 5.53621 7.17073 75
    endloop
  endfacet
  facet normal -0 0 1
    outer loop
      vertex 2.24518 12.8528 75
      vertex 5.53621 7.17073 75
      vertex 2.25 13 75
    endloop
  endfacet
  facet normal 0 0 1
    outer loop
      vertex 5.53621 7.17073 75
      vertex 2.23075 12.7063 75
      vertex 5.06016 7.38642 75
    endloop
  endfacet
  facet normal 0 0 1
    outer loop
      vertex 5.06016 7.38642 75
      vertex 2.23075 12.7063 75
      vertex 5.05965 7.38666 75
    endloop
  endfacet
  facet normal -0 0 1
    outer loop
      vertex 2.20677 12.561 75
      vertex 5.05965 7.38666 75
      vertex 2.23075 12.7063 75
    endloop
  endfacet
  facet normal -0 0 1
    outer loop
      vertex 2.17333 12.4177 75
      vertex 5.05913 7.38685 75
      vertex 2.20677 12.561 75
    endloop
  endfacet
  facet normal 0 0 1
    outer loop
      vertex 5.05913 7.38685 75
      vertex 2.17333 12.4177 75
      vertex 4.56999 7.57095 75
    endloop
  endfacet
  facet normal -0 0 1
    outer loop
      vertex 2.13059 12.2768 75
      vertex 4.56999 7.57095 75
      vertex 2.17333 12.4177 75
    endloop
  endfacet
  facet normal 0 0 1
    outer loop
      vertex 4.56999 7.57095 75
      vertex 2.07873 12.139 75
      vertex 4.06986 7.72266 75
    endloop
  endfacet
  facet normal -0 0 1
    outer loop
      vertex 2.01796 12.0049 75
      vertex 4.06932 7.72283 75
      vertex 2.07873 12.139 75
    endloop
  endfacet
  facet normal -0 0 1
    outer loop
      vertex 2.07873 12.139 75
      vertex 4.56999 7.57095 75
      vertex 2.13059 12.2768 75
    endloop
  endfacet
  facet normal 0 0 1
    outer loop
      vertex 5.05965 7.38666 75
      vertex 2.20677 12.561 75
      vertex 5.05913 7.38685 75
    endloop
  endfacet
  facet normal -0 0 1
    outer loop
      vertex 2.23075 12.7063 75
      vertex 5.53621 7.17073 75
      vertex 2.24518 12.8528 75
    endloop
  endfacet
  facet normal 0 0 1
    outer loop
      vertex 20 20 75
      vertex 2.20677 13.439 75
      vertex 2.23075 13.2937 75
    endloop
  endfacet
  facet normal 0 0 1
    outer loop
      vertex 20 20 75
      vertex 2.17333 13.5823 75
      vertex 2.20677 13.439 75
    endloop
  endfacet
  facet normal 0 0 1
    outer loop
      vertex 20 20 75
      vertex 2.13059 13.7232 75
      vertex 2.17333 13.5823 75
    endloop
  endfacet
  facet normal 0 0 1
    outer loop
      vertex 20 20 75
      vertex 2.07873 13.861 75
      vertex 2.13059 13.7232 75
    endloop
  endfacet
  facet normal 0 0 1
    outer loop
      vertex 20 20 75
      vertex 2.01796 13.9951 75
      vertex 2.07873 13.861 75
    endloop
  endfacet
  facet normal 0 0 1
    outer loop
      vertex 20 20 75
      vertex 1.94856 14.125 75
      vertex 2.01796 13.9951 75
    endloop
  endfacet
  facet normal 0 0 1
    outer loop
      vertex 20 20 75
      vertex 1.87081 14.25 75
      vertex 1.94856 14.125 75
    endloop
  endfacet
  facet normal 0 0 1
    outer loop
      vertex 20 20 75
      vertex 1.78504 14.3697 75
      vertex 1.87081 14.25 75
    endloop
  endfacet
  facet normal 0 0 1
    outer loop
      vertex 20 20 75
      vertex 1.69164 14.4835 75
      vertex 1.78504 14.3697 75
    endloop
  endfacet
  facet normal 0 0 1
    outer loop
      vertex 20 20 75
      vertex 1.59099 14.591 75
      vertex 1.69164 14.4835 75
    endloop
  endfacet
  facet normal 0 0 1
    outer loop
      vertex 20 20 75
      vertex 1.48353 14.6916 75
      vertex 1.59099 14.591 75
    endloop
  endfacet
  facet normal 0 0 1
    outer loop
      vertex 20 20 75
      vertex 1.36971 14.785 75
      vertex 1.48353 14.6916 75
    endloop
  endfacet
  facet normal 0 0 1
    outer loop
      vertex 20 20 75
      vertex 1.25003 14.8708 75
      vertex 1.36971 14.785 75
    endloop
  endfacet
  facet normal 0 0 1
    outer loop
      vertex 20 20 75
      vertex 1.125 14.9486 75
      vertex 1.25003 14.8708 75
    endloop
  endfacet
  facet normal 0 0 1
    outer loop
      vertex 20 20 75
      vertex 0.995149 15.018 75
      vertex 1.125 14.9486 75
    endloop
  endfacet
  facet normal 0 0 1
    outer loop
      vertex 20 20 75
      vertex 0.861037 15.0787 75
      vertex 0.995149 15.018 75
    endloop
  endfacet
  facet normal 0 0 1
    outer loop
      vertex 20 20 75
      vertex 0.723238 15.1306 75
      vertex 0.861037 15.0787 75
    endloop
  endfacet
  facet normal 0 0 1
    outer loop
      vertex 20 20 75
      vertex 0.582342 15.1733 75
      vertex 0.723238 15.1306 75
    endloop
  endfacet
  facet normal 0 0 1
    outer loop
      vertex 20 20 75
      vertex 0.438952 15.2068 75
      vertex 0.582342 15.1733 75
    endloop
  endfacet
  facet normal 0 0 1
    outer loop
      vertex 20 20 75
      vertex 0.293683 15.2308 75
      vertex 0.438952 15.2068 75
    endloop
  endfacet
  facet normal 0 0 1
    outer loop
      vertex 20 20 75
      vertex 0.147157 15.2452 75
      vertex 0.293683 15.2308 75
    endloop
  endfacet
  facet normal 0 0 1
    outer loop
      vertex 20 20 75
      vertex 0 15.25 75
      vertex 0.147157 15.2452 75
    endloop
  endfacet
  facet normal -0 0 1
    outer loop
      vertex -20 20 75
      vertex 0 15.25 75
      vertex 20 20 75
    endloop
  endfacet
  facet normal 0 0 1
    outer loop
      vertex 0 15.25 75
      vertex -20 20 75
      vertex -0.147157 15.2452 75
    endloop
  endfacet
  facet normal 0 0 1
    outer loop
      vertex -0.147157 15.2452 75
      vertex -20 20 75
      vertex -0.293683 15.2308 75
    endloop
  endfacet
  facet normal 0 0 1
    outer loop
      vertex -0.293683 15.2308 75
      vertex -20 20 75
      vertex -0.438952 15.2068 75
    endloop
  endfacet
  facet normal 0 0 1
    outer loop
      vertex -5.99763 6.9241 75
      vertex -2.25 13 75
      vertex -2.24518 13.1472 75
    endloop
  endfacet
  facet normal 0 0 1
    outer loop
      vertex -2.25 13 75
      vertex -2.52347 7.97808 75
      vertex -2.52291 7.97814 75
    endloop
  endfacet
  facet normal 0 0 1
    outer loop
      vertex -2.25 13 75
      vertex -3.04359 7.92686 75
      vertex -2.52347 7.97808 75
    endloop
  endfacet
  facet normal 0 0 1
    outer loop
      vertex -5.99811 6.9238 75
      vertex -2.24518 13.1472 75
      vertex -2.23075 13.2937 75
    endloop
  endfacet
  facet normal 0 0 1
    outer loop
      vertex -2.25 13 75
      vertex -3.55924 7.84172 75
      vertex -3.04359 7.92686 75
    endloop
  endfacet
  facet normal 0 0 1
    outer loop
      vertex -20 20 75
      vertex -2.23075 13.2937 75
      vertex -2.20677 13.439 75
    endloop
  endfacet
  facet normal 0 0 1
    outer loop
      vertex -20 20 75
      vertex -2.20677 13.439 75
      vertex -2.17333 13.5823 75
    endloop
  endfacet
  facet normal 0 0 1
    outer loop
      vertex -2.25 13 75
      vertex -3.5598 7.84163 75
      vertex -3.55924 7.84172 75
    endloop
  endfacet
  facet normal 0 0 1
    outer loop
      vertex -2.25 13 75
      vertex -3.56034 7.8415 75
      vertex -3.5598 7.84163 75
    endloop
  endfacet
  facet normal 0 0 1
    outer loop
      vertex -2.25 13 75
      vertex -4.06932 7.72283 75
      vertex -3.56034 7.8415 75
    endloop
  endfacet
  facet normal 0 0 1
    outer loop
      vertex -20 20 75
      vertex -2.17333 13.5823 75
      vertex -2.13059 13.7232 75
    endloop
  endfacet
  facet normal 0 0 1
    outer loop
      vertex -2.25 13 75
      vertex -4.06986 7.72266 75
      vertex -4.06932 7.72283 75
    endloop
  endfacet
  facet normal 0 0 1
    outer loop
      vertex -2.25 13 75
      vertex -4.56999 7.57095 75
      vertex -4.06986 7.72266 75
    endloop
  endfacet
  facet normal 0 0 1
    outer loop
      vertex -20 20 75
      vertex -2.13059 13.7232 75
      vertex -2.07873 13.861 75
    endloop
  endfacet
  facet normal 0 0 1
    outer loop
      vertex -2.25 13 75
      vertex -5.05913 7.38685 75
      vertex -4.56999 7.57095 75
    endloop
  endfacet
  facet normal 0 0 1
    outer loop
      vertex -20 20 75
      vertex -2.07873 13.861 75
      vertex -2.01796 13.9951 75
    endloop
  endfacet
  facet normal 0 0 1
    outer loop
      vertex -2.25 13 75
      vertex -5.05965 7.38666 75
      vertex -5.05913 7.38685 75
    endloop
  endfacet
  facet normal 0 0 1
    outer loop
      vertex -2.25 13 75
      vertex -5.06016 7.38642 75
      vertex -5.05965 7.38666 75
    endloop
  endfacet
  facet normal 0 0 1
    outer loop
      vertex -2.25 13 75
      vertex -5.53621 7.17073 75
      vertex -5.06016 7.38642 75
    endloop
  endfacet
  facet normal 0 0 1
    outer loop
      vertex -2.25 13 75
      vertex -5.99713 6.92436 75
      vertex -5.53621 7.17073 75
    endloop
  endfacet
  facet normal 0 0 1
    outer loop
      vertex -20 20 75
      vertex -2.01796 13.9951 75
      vertex -1.94856 14.125 75
    endloop
  endfacet
  facet normal 0 0 1
    outer loop
      vertex -2.25 13 75
      vertex -5.99763 6.9241 75
      vertex -5.99713 6.92436 75
    endloop
  endfacet
  facet normal 0 0 1
    outer loop
      vertex -2.24518 13.1472 75
      vertex -5.99811 6.9238 75
      vertex -5.99763 6.9241 75
    endloop
  endfacet
  facet normal 0 0 1
    outer loop
      vertex -2.23075 13.2937 75
      vertex -6.44193 6.64781 75
      vertex -5.99811 6.9238 75
    endloop
  endfacet
  facet normal 0 0 1
    outer loop
      vertex -2.23075 13.2937 75
      vertex -20 20 75
      vertex -6.44193 6.64781 75
    endloop
  endfacet
  facet normal 0 0 1
    outer loop
      vertex -6.44193 6.64781 75
      vertex -20 20 75
      vertex -6.44238 6.64749 75
    endloop
  endfacet
  facet normal 0 0 1
    outer loop
      vertex -20 20 75
      vertex -1.94856 14.125 75
      vertex -1.87081 14.25 75
    endloop
  endfacet
  facet normal 0 0 1
    outer loop
      vertex -6.44238 6.64749 75
      vertex -20 20 75
      vertex -6.8672 6.34306 75
    endloop
  endfacet
  facet normal 0 0 1
    outer loop
      vertex -6.8672 6.34306 75
      vertex -20 20 75
      vertex -7.27121 6.01151 75
    endloop
  endfacet
  facet normal 0 0 1
    outer loop
      vertex -7.27121 6.01151 75
      vertex -20 20 75
      vertex -7.27164 6.01115 75
    endloop
  endfacet
  facet normal 0 0 1
    outer loop
      vertex -7.27164 6.01115 75
      vertex -20 20 75
      vertex -7.65309 5.65388 75
    endloop
  endfacet
  facet normal 0 0 1
    outer loop
      vertex -7.65309 5.65388 75
      vertex -20 20 75
      vertex -7.6535 5.6535 75
    endloop
  endfacet
  facet normal 0 0 1
    outer loop
      vertex -7.6535 5.6535 75
      vertex -20 20 75
      vertex -7.65388 5.65309 75
    endloop
  endfacet
  facet normal 0 0 1
    outer loop
      vertex -7.65388 5.65309 75
      vertex -20 20 75
      vertex -8.01115 5.27164 75
    endloop
  endfacet
  facet normal 0 0 1
    outer loop
      vertex -8.01115 5.27164 75
      vertex -20 20 75
      vertex -8.01151 5.27121 75
    endloop
  endfacet
  facet normal 0 0 1
    outer loop
      vertex -8.01151 5.27121 75
      vertex -20 20 75
      vertex -8.34306 4.8672 75
    endloop
  endfacet
  facet normal 0 0 1
    outer loop
      vertex -8.34306 4.8672 75
      vertex -20 20 75
      vertex -8.64749 4.44238 75
    endloop
  endfacet
  facet normal 0 0 1
    outer loop
      vertex -20 20 75
      vertex -8.92436 3.99713 75
      vertex -8.9241 3.99763 75
    endloop
  endfacet
  facet normal 0 0 1
    outer loop
      vertex -20 20 75
      vertex -9.38685 3.05913 75
      vertex -9.38665 3.05965 75
    endloop
  endfacet
  facet normal 0 0 1
    outer loop
      vertex -20 20 75
      vertex -9.97808 0.523473 75
      vertex -9.92686 1.04359 75
    endloop
  endfacet
  facet normal 0 0 1
    outer loop
      vertex -9.99524 0.000560401 75
      vertex -20 20 75
      vertex -9.99526 0 75
    endloop
  endfacet
  facet normal 0 0 1
    outer loop
      vertex -9.97814 0.522915 75
      vertex -20 20 75
      vertex -9.99524 0.000560401 75
    endloop
  endfacet
  facet normal 0 0 1
    outer loop
      vertex -9.97808 0.523473 75
      vertex -20 20 75
      vertex -9.97814 0.522915 75
    endloop
  endfacet
  facet normal 0 0 1
    outer loop
      vertex -9.84172 1.55924 75
      vertex -20 20 75
      vertex -9.92686 1.04359 75
    endloop
  endfacet
  facet normal 0 0 1
    outer loop
      vertex -9.84163 1.5598 75
      vertex -20 20 75
      vertex -9.84172 1.55924 75
    endloop
  endfacet
  facet normal 0 0 1
    outer loop
      vertex -9.8415 1.56034 75
      vertex -20 20 75
      vertex -9.84163 1.5598 75
    endloop
  endfacet
  facet normal 0 0 1
    outer loop
      vertex -9.72283 2.06932 75
      vertex -20 20 75
      vertex -9.8415 1.56034 75
    endloop
  endfacet
  facet normal 0 0 1
    outer loop
      vertex -9.72266 2.06986 75
      vertex -20 20 75
      vertex -9.72283 2.06932 75
    endloop
  endfacet
  facet normal 0 0 1
    outer loop
      vertex -9.57095 2.56999 75
      vertex -20 20 75
      vertex -9.72266 2.06986 75
    endloop
  endfacet
  facet normal 0 0 1
    outer loop
      vertex -9.38685 3.05913 75
      vertex -20 20 75
      vertex -9.57095 2.56999 75
    endloop
  endfacet
  facet normal 0 0 1
    outer loop
      vertex -9.38642 3.06016 75
      vertex -20 20 75
      vertex -9.38665 3.05965 75
    endloop
  endfacet
  facet normal 0 0 1
    outer loop
      vertex -9.17073 3.53621 75
      vertex -20 20 75
      vertex -9.38642 3.06016 75
    endloop
  endfacet
  facet normal 0 0 1
    outer loop
      vertex -8.92436 3.99713 75
      vertex -20 20 75
      vertex -9.17073 3.53621 75
    endloop
  endfacet
  facet normal 0 0 1
    outer loop
      vertex -8.9238 3.99811 75
      vertex -20 20 75
      vertex -8.9241 3.99763 75
    endloop
  endfacet
  facet normal 0 0 1
    outer loop
      vertex -8.64781 4.44193 75
      vertex -20 20 75
      vertex -8.9238 3.99811 75
    endloop
  endfacet
  facet normal 0 0 1
    outer loop
      vertex -8.64749 4.44238 75
      vertex -20 20 75
      vertex -8.64781 4.44193 75
    endloop
  endfacet
  facet normal 0 0 1
    outer loop
      vertex -1.78504 14.3697 75
      vertex -20 20 75
      vertex -1.87081 14.25 75
    endloop
  endfacet
  facet normal 0 0 1
    outer loop
      vertex -1.69164 14.4835 75
      vertex -20 20 75
      vertex -1.78504 14.3697 75
    endloop
  endfacet
  facet normal 0 0 1
    outer loop
      vertex -1.59099 14.591 75
      vertex -20 20 75
      vertex -1.69164 14.4835 75
    endloop
  endfacet
  facet normal 0 0 1
    outer loop
      vertex -1.48353 14.6916 75
      vertex -20 20 75
      vertex -1.59099 14.591 75
    endloop
  endfacet
  facet normal 0 0 1
    outer loop
      vertex -1.36971 14.785 75
      vertex -20 20 75
      vertex -1.48353 14.6916 75
    endloop
  endfacet
  facet normal 0 0 1
    outer loop
      vertex -1.25003 14.8708 75
      vertex -20 20 75
      vertex -1.36971 14.785 75
    endloop
  endfacet
  facet normal 0 0 1
    outer loop
      vertex -1.125 14.9486 75
      vertex -20 20 75
      vertex -1.25003 14.8708 75
    endloop
  endfacet
  facet normal 0 0 1
    outer loop
      vertex -0.995149 15.018 75
      vertex -20 20 75
      vertex -1.125 14.9486 75
    endloop
  endfacet
  facet normal 0 0 1
    outer loop
      vertex -0.861037 15.0787 75
      vertex -20 20 75
      vertex -0.995149 15.018 75
    endloop
  endfacet
  facet normal 0 0 1
    outer loop
      vertex -0.723238 15.1306 75
      vertex -20 20 75
      vertex -0.861037 15.0787 75
    endloop
  endfacet
  facet normal 0 0 1
    outer loop
      vertex -0.582342 15.1733 75
      vertex -20 20 75
      vertex -0.723238 15.1306 75
    endloop
  endfacet
  facet normal 0 0 1
    outer loop
      vertex -0.438952 15.2068 75
      vertex -20 20 75
      vertex -0.582342 15.1733 75
    endloop
  endfacet
  facet normal -0 0 1
    outer loop
      vertex 9.99524 -0.000560401 75
      vertex 20 -20 75
      vertex 9.99526 0 75
    endloop
  endfacet
  facet normal -0 0 1
    outer loop
      vertex 9.97814 -0.522915 75
      vertex 20 -20 75
      vertex 9.99524 -0.000560401 75
    endloop
  endfacet
  facet normal -0 0 1
    outer loop
      vertex 9.97808 -0.523473 75
      vertex 20 -20 75
      vertex 9.97814 -0.522915 75
    endloop
  endfacet
  facet normal -0 0 1
    outer loop
      vertex 9.92686 -1.04359 75
      vertex 20 -20 75
      vertex 9.97808 -0.523473 75
    endloop
  endfacet
  facet normal -0 0 1
    outer loop
      vertex 9.84172 -1.55924 75
      vertex 20 -20 75
      vertex 9.92686 -1.04359 75
    endloop
  endfacet
  facet normal -0 0 1
    outer loop
      vertex 9.84163 -1.5598 75
      vertex 20 -20 75
      vertex 9.84172 -1.55924 75
    endloop
  endfacet
  facet normal -0 0 1
    outer loop
      vertex 9.8415 -1.56034 75
      vertex 20 -20 75
      vertex 9.84163 -1.5598 75
    endloop
  endfacet
  facet normal -0 0 1
    outer loop
      vertex 9.72283 -2.06932 75
      vertex 20 -20 75
      vertex 9.8415 -1.56034 75
    endloop
  endfacet
  facet normal -0 0 1
    outer loop
      vertex 9.72266 -2.06986 75
      vertex 20 -20 75
      vertex 9.72283 -2.06932 75
    endloop
  endfacet
  facet normal -0 0 1
    outer loop
      vertex 9.57095 -2.56999 75
      vertex 20 -20 75
      vertex 9.72266 -2.06986 75
    endloop
  endfacet
  facet normal -0 0 1
    outer loop
      vertex 9.38685 -3.05913 75
      vertex 20 -20 75
      vertex 9.57095 -2.56999 75
    endloop
  endfacet
  facet normal -0 0 1
    outer loop
      vertex 9.38665 -3.05965 75
      vertex 20 -20 75
      vertex 9.38685 -3.05913 75
    endloop
  endfacet
  facet normal -0 0 1
    outer loop
      vertex 9.38642 -3.06016 75
      vertex 20 -20 75
      vertex 9.38665 -3.05965 75
    endloop
  endfacet
  facet normal -0 0 1
    outer loop
      vertex 9.17073 -3.53621 75
      vertex 20 -20 75
      vertex 9.38642 -3.06016 75
    endloop
  endfacet
  facet normal -0 0 1
    outer loop
      vertex 8.92436 -3.99713 75
      vertex 20 -20 75
      vertex 9.17073 -3.53621 75
    endloop
  endfacet
  facet normal -0 0 1
    outer loop
      vertex 8.9241 -3.99763 75
      vertex 20 -20 75
      vertex 8.92436 -3.99713 75
    endloop
  endfacet
  facet normal -0 0 1
    outer loop
      vertex 8.9238 -3.99811 75
      vertex 20 -20 75
      vertex 8.9241 -3.99763 75
    endloop
  endfacet
  facet normal -0 0 1
    outer loop
      vertex 8.64781 -4.44193 75
      vertex 20 -20 75
      vertex 8.9238 -3.99811 75
    endloop
  endfacet
  facet normal -0 0 1
    outer loop
      vertex 8.64749 -4.44238 75
      vertex 20 -20 75
      vertex 8.64781 -4.44193 75
    endloop
  endfacet
  facet normal -0 0 1
    outer loop
      vertex 8.34306 -4.8672 75
      vertex 20 -20 75
      vertex 8.64749 -4.44238 75
    endloop
  endfacet
  facet normal -0 0 1
    outer loop
      vertex 8.01151 -5.27121 75
      vertex 20 -20 75
      vertex 8.34306 -4.8672 75
    endloop
  endfacet
  facet normal -0 0 1
    outer loop
      vertex 8.01115 -5.27164 75
      vertex 20 -20 75
      vertex 8.01151 -5.27121 75
    endloop
  endfacet
  facet normal -0 0 1
    outer loop
      vertex 7.65388 -5.65309 75
      vertex 20 -20 75
      vertex 8.01115 -5.27164 75
    endloop
  endfacet
  facet normal -0 0 1
    outer loop
      vertex 7.6535 -5.6535 75
      vertex 20 -20 75
      vertex 7.65388 -5.65309 75
    endloop
  endfacet
  facet normal -0 0 1
    outer loop
      vertex 7.65309 -5.65388 75
      vertex 20 -20 75
      vertex 7.6535 -5.6535 75
    endloop
  endfacet
  facet normal -0 0 1
    outer loop
      vertex 7.27164 -6.01115 75
      vertex 20 -20 75
      vertex 7.65309 -5.65388 75
    endloop
  endfacet
  facet normal -0 0 1
    outer loop
      vertex 7.27121 -6.01151 75
      vertex 20 -20 75
      vertex 7.27164 -6.01115 75
    endloop
  endfacet
  facet normal -0 0 1
    outer loop
      vertex 6.8672 -6.34306 75
      vertex 20 -20 75
      vertex 7.27121 -6.01151 75
    endloop
  endfacet
  facet normal -0 0 1
    outer loop
      vertex 6.44238 -6.64749 75
      vertex 20 -20 75
      vertex 6.8672 -6.34306 75
    endloop
  endfacet
  facet normal -0 0 1
    outer loop
      vertex 6.44193 -6.64781 75
      vertex 20 -20 75
      vertex 6.44238 -6.64749 75
    endloop
  endfacet
  facet normal 0 0 1
    outer loop
      vertex 2.23075 -13.2937 75
      vertex 6.44193 -6.64781 75
      vertex 5.99811 -6.9238 75
    endloop
  endfacet
  facet normal 0 0 1
    outer loop
      vertex 2.24518 -13.1472 75
      vertex 5.99811 -6.9238 75
      vertex 5.99763 -6.9241 75
    endloop
  endfacet
  facet normal 0 0 1
    outer loop
      vertex 2.25 -13 75
      vertex 5.99763 -6.9241 75
      vertex 5.99713 -6.92436 75
    endloop
  endfacet
  facet normal 0 0 1
    outer loop
      vertex 2.25 -13 75
      vertex 5.99713 -6.92436 75
      vertex 5.53621 -7.17073 75
    endloop
  endfacet
  facet normal 0 0 1
    outer loop
      vertex 2.24518 -12.8528 75
      vertex 5.53621 -7.17073 75
      vertex 5.06016 -7.38642 75
    endloop
  endfacet
  facet normal 0 0 1
    outer loop
      vertex 2.24518 -12.8528 75
      vertex 5.06016 -7.38642 75
      vertex 5.05965 -7.38666 75
    endloop
  endfacet
  facet normal 0 0 1
    outer loop
      vertex 2.24518 -12.8528 75
      vertex 5.05965 -7.38666 75
      vertex 5.05913 -7.38685 75
    endloop
  endfacet
  facet normal 0 0 1
    outer loop
      vertex 2.24518 -12.8528 75
      vertex 5.05913 -7.38685 75
      vertex 4.56999 -7.57095 75
    endloop
  endfacet
  facet normal 0 0 1
    outer loop
      vertex 2.24518 -12.8528 75
      vertex 4.56999 -7.57095 75
      vertex 4.06986 -7.72266 75
    endloop
  endfacet
  facet normal 0 0 1
    outer loop
      vertex 2.24518 -12.8528 75
      vertex 4.06986 -7.72266 75
      vertex 4.06932 -7.72283 75
    endloop
  endfacet
  facet normal 0 0 1
    outer loop
      vertex 2.24518 -12.8528 75
      vertex 4.06932 -7.72283 75
      vertex 3.56034 -7.8415 75
    endloop
  endfacet
  facet normal 0 0 1
    outer loop
      vertex 2.24518 -12.8528 75
      vertex 3.56034 -7.8415 75
      vertex 3.5598 -7.84163 75
    endloop
  endfacet
  facet normal 0 0 1
    outer loop
      vertex 2.24518 -12.8528 75
      vertex 3.5598 -7.84163 75
      vertex 3.55924 -7.84172 75
    endloop
  endfacet
  facet normal 0 0 1
    outer loop
      vertex 2.24518 -12.8528 75
      vertex 3.55924 -7.84172 75
      vertex 3.04359 -7.92686 75
    endloop
  endfacet
  facet normal 0 0 1
    outer loop
      vertex 2.24518 -12.8528 75
      vertex 3.04359 -7.92686 75
      vertex 2.52347 -7.97808 75
    endloop
  endfacet
  facet normal 0 0 1
    outer loop
      vertex 1.48353 -11.3084 75
      vertex 2.52347 -7.97808 75
      vertex 2.52291 -7.97814 75
    endloop
  endfacet
  facet normal 0 0 1
    outer loop
      vertex 5.99763 -6.9241 75
      vertex 2.25 -13 75
      vertex 2.24518 -13.1472 75
    endloop
  endfacet
  facet normal 0 0 1
    outer loop
      vertex 5.99811 -6.9238 75
      vertex 2.24518 -13.1472 75
      vertex 2.23075 -13.2937 75
    endloop
  endfacet
  facet normal 0 0 1
    outer loop
      vertex 6.44193 -6.64781 75
      vertex 2.23075 -13.2937 75
      vertex 20 -20 75
    endloop
  endfacet
  facet normal -0 0 1
    outer loop
      vertex 2.20677 -13.439 75
      vertex 20 -20 75
      vertex 2.23075 -13.2937 75
    endloop
  endfacet
  facet normal -0 0 1
    outer loop
      vertex 2.17333 -13.5823 75
      vertex 20 -20 75
      vertex 2.20677 -13.439 75
    endloop
  endfacet
  facet normal -0 0 1
    outer loop
      vertex 2.13059 -13.7232 75
      vertex 20 -20 75
      vertex 2.17333 -13.5823 75
    endloop
  endfacet
  facet normal -0 0 1
    outer loop
      vertex 2.07873 -13.861 75
      vertex 20 -20 75
      vertex 2.13059 -13.7232 75
    endloop
  endfacet
  facet normal -0 0 1
    outer loop
      vertex 2.01796 -13.9951 75
      vertex 20 -20 75
      vertex 2.07873 -13.861 75
    endloop
  endfacet
  facet normal -0 0 1
    outer loop
      vertex 1.94856 -14.125 75
      vertex 20 -20 75
      vertex 2.01796 -13.9951 75
    endloop
  endfacet
  facet normal -0 0 1
    outer loop
      vertex 1.87081 -14.25 75
      vertex 20 -20 75
      vertex 1.94856 -14.125 75
    endloop
  endfacet
  facet normal -0 0 1
    outer loop
      vertex 1.78504 -14.3697 75
      vertex 20 -20 75
      vertex 1.87081 -14.25 75
    endloop
  endfacet
  facet normal -0 0 1
    outer loop
      vertex 1.69164 -14.4835 75
      vertex 20 -20 75
      vertex 1.78504 -14.3697 75
    endloop
  endfacet
  facet normal -0 0 1
    outer loop
      vertex 1.59099 -14.591 75
      vertex 20 -20 75
      vertex 1.69164 -14.4835 75
    endloop
  endfacet
  facet normal -0 0 1
    outer loop
      vertex 1.48353 -14.6916 75
      vertex 20 -20 75
      vertex 1.59099 -14.591 75
    endloop
  endfacet
  facet normal -0 0 1
    outer loop
      vertex 1.36971 -14.785 75
      vertex 20 -20 75
      vertex 1.48353 -14.6916 75
    endloop
  endfacet
  facet normal -0 0 1
    outer loop
      vertex 1.25003 -14.8708 75
      vertex 20 -20 75
      vertex 1.36971 -14.785 75
    endloop
  endfacet
  facet normal -0 0 1
    outer loop
      vertex 1.125 -14.9486 75
      vertex 20 -20 75
      vertex 1.25003 -14.8708 75
    endloop
  endfacet
  facet normal -0 0 1
    outer loop
      vertex 0.995149 -15.018 75
      vertex 20 -20 75
      vertex 1.125 -14.9486 75
    endloop
  endfacet
  facet normal -0 0 1
    outer loop
      vertex 0.861037 -15.0787 75
      vertex 20 -20 75
      vertex 0.995149 -15.018 75
    endloop
  endfacet
  facet normal -0 0 1
    outer loop
      vertex 0.723238 -15.1306 75
      vertex 20 -20 75
      vertex 0.861037 -15.0787 75
    endloop
  endfacet
  facet normal -0 0 1
    outer loop
      vertex 0.582342 -15.1733 75
      vertex 20 -20 75
      vertex 0.723238 -15.1306 75
    endloop
  endfacet
  facet normal -0 0 1
    outer loop
      vertex 0.438952 -15.2068 75
      vertex 20 -20 75
      vertex 0.582342 -15.1733 75
    endloop
  endfacet
  facet normal -0 0 1
    outer loop
      vertex 0.293683 -15.2308 75
      vertex 20 -20 75
      vertex 0.438952 -15.2068 75
    endloop
  endfacet
  facet normal -0 0 1
    outer loop
      vertex 0.147157 -15.2452 75
      vertex 20 -20 75
      vertex 0.293683 -15.2308 75
    endloop
  endfacet
  facet normal -0 0 1
    outer loop
      vertex 0 -15.25 75
      vertex 20 -20 75
      vertex 0.147157 -15.2452 75
    endloop
  endfacet
  facet normal 0 0 1
    outer loop
      vertex -20 -20 75
      vertex 0 -15.25 75
      vertex -0.147157 -15.2452 75
    endloop
  endfacet
  facet normal 0 0 1
    outer loop
      vertex -20 -20 75
      vertex -0.147157 -15.2452 75
      vertex -0.293683 -15.2308 75
    endloop
  endfacet
  facet normal 0 0 1
    outer loop
      vertex -20 -20 75
      vertex -0.293683 -15.2308 75
      vertex -0.438952 -15.2068 75
    endloop
  endfacet
  facet normal 0 0 1
    outer loop
      vertex -20 -20 75
      vertex -0.438952 -15.2068 75
      vertex -0.582342 -15.1733 75
    endloop
  endfacet
  facet normal 0 0 1
    outer loop
      vertex -4.06986 -7.72266 75
      vertex -2.07873 -12.139 75
      vertex -4.06932 -7.72283 75
    endloop
  endfacet
  facet normal 0 0 1
    outer loop
      vertex -4.56999 -7.57095 75
      vertex -2.07873 -12.139 75
      vertex -4.06986 -7.72266 75
    endloop
  endfacet
  facet normal 0 0 1
    outer loop
      vertex -2.07873 -12.139 75
      vertex -4.56999 -7.57095 75
      vertex -2.13059 -12.2768 75
    endloop
  endfacet
  facet normal 0 0 1
    outer loop
      vertex -2.13059 -12.2768 75
      vertex -4.56999 -7.57095 75
      vertex -2.17333 -12.4177 75
    endloop
  endfacet
  facet normal 0 0 1
    outer loop
      vertex -5.05913 -7.38685 75
      vertex -2.17333 -12.4177 75
      vertex -4.56999 -7.57095 75
    endloop
  endfacet
  facet normal 0 0 1
    outer loop
      vertex -2.17333 -12.4177 75
      vertex -5.05913 -7.38685 75
      vertex -2.20677 -12.561 75
    endloop
  endfacet
  facet normal 0 0 1
    outer loop
      vertex -5.05965 -7.38666 75
      vertex -2.20677 -12.561 75
      vertex -5.05913 -7.38685 75
    endloop
  endfacet
  facet normal 0 0 1
    outer loop
      vertex -2.20677 -12.561 75
      vertex -5.05965 -7.38666 75
      vertex -2.23075 -12.7063 75
    endloop
  endfacet
  facet normal 0 0 1
    outer loop
      vertex -5.06016 -7.38642 75
      vertex -2.23075 -12.7063 75
      vertex -5.05965 -7.38666 75
    endloop
  endfacet
  facet normal 0 0 1
    outer loop
      vertex -5.53621 -7.17073 75
      vertex -2.23075 -12.7063 75
      vertex -5.06016 -7.38642 75
    endloop
  endfacet
  facet normal 0 0 1
    outer loop
      vertex -2.23075 -12.7063 75
      vertex -5.53621 -7.17073 75
      vertex -2.24518 -12.8528 75
    endloop
  endfacet
  facet normal 0 0 1
    outer loop
      vertex -2.24518 -12.8528 75
      vertex -5.53621 -7.17073 75
      vertex -2.25 -13 75
    endloop
  endfacet
  facet normal 0 0 1
    outer loop
      vertex -5.99713 -6.92436 75
      vertex -2.25 -13 75
      vertex -5.53621 -7.17073 75
    endloop
  endfacet
  facet normal 0 0 1
    outer loop
      vertex -5.99763 -6.9241 75
      vertex -2.25 -13 75
      vertex -5.99713 -6.92436 75
    endloop
  endfacet
  facet normal 0 0 1
    outer loop
      vertex -2.25 -13 75
      vertex -5.99763 -6.9241 75
      vertex -2.24518 -13.1472 75
    endloop
  endfacet
  facet normal 0 0 1
    outer loop
      vertex -5.99811 -6.9238 75
      vertex -2.24518 -13.1472 75
      vertex -5.99763 -6.9241 75
    endloop
  endfacet
  facet normal 0 0 1
    outer loop
      vertex -2.24518 -13.1472 75
      vertex -5.99811 -6.9238 75
      vertex -2.23075 -13.2937 75
    endloop
  endfacet
  facet normal 0 0 1
    outer loop
      vertex -6.44193 -6.64781 75
      vertex -2.23075 -13.2937 75
      vertex -5.99811 -6.9238 75
    endloop
  endfacet
  facet normal 0 0 1
    outer loop
      vertex -20 -20 75
      vertex -2.23075 -13.2937 75
      vertex -6.44193 -6.64781 75
    endloop
  endfacet
  facet normal 0 0 1
    outer loop
      vertex -2.23075 -13.2937 75
      vertex -20 -20 75
      vertex -2.20677 -13.439 75
    endloop
  endfacet
  facet normal 0 0 1
    outer loop
      vertex -2.20677 -13.439 75
      vertex -20 -20 75
      vertex -2.17333 -13.5823 75
    endloop
  endfacet
  facet normal 0 0 1
    outer loop
      vertex -2.17333 -13.5823 75
      vertex -20 -20 75
      vertex -2.13059 -13.7232 75
    endloop
  endfacet
  facet normal 0 0 1
    outer loop
      vertex -2.13059 -13.7232 75
      vertex -20 -20 75
      vertex -2.07873 -13.861 75
    endloop
  endfacet
  facet normal 0 0 1
    outer loop
      vertex -2.07873 -13.861 75
      vertex -20 -20 75
      vertex -2.01796 -13.9951 75
    endloop
  endfacet
  facet normal 0 0 1
    outer loop
      vertex -20 -20 75
      vertex -6.44193 -6.64781 75
      vertex -6.44238 -6.64749 75
    endloop
  endfacet
  facet normal 0 0 1
    outer loop
      vertex -20 -20 75
      vertex -6.44238 -6.64749 75
      vertex -6.8672 -6.34306 75
    endloop
  endfacet
  facet normal 0 0 1
    outer loop
      vertex -2.01796 -13.9951 75
      vertex -20 -20 75
      vertex -1.94856 -14.125 75
    endloop
  endfacet
  facet normal 0 0 1
    outer loop
      vertex -20 -20 75
      vertex -6.8672 -6.34306 75
      vertex -7.27121 -6.01151 75
    endloop
  endfacet
  facet normal 0 0 1
    outer loop
      vertex -20 -20 75
      vertex -7.27121 -6.01151 75
      vertex -7.27164 -6.01115 75
    endloop
  endfacet
  facet normal 0 0 1
    outer loop
      vertex -20 -20 75
      vertex -7.27164 -6.01115 75
      vertex -7.65309 -5.65388 75
    endloop
  endfacet
  facet normal 0 0 1
    outer loop
      vertex -20 -20 75
      vertex -7.65309 -5.65388 75
      vertex -7.6535 -5.6535 75
    endloop
  endfacet
  facet normal 0 0 1
    outer loop
      vertex -20 -20 75
      vertex -7.6535 -5.6535 75
      vertex -7.65388 -5.65309 75
    endloop
  endfacet
  facet normal 0 0 1
    outer loop
      vertex -20 -20 75
      vertex -7.65388 -5.65309 75
      vertex -8.01115 -5.27164 75
    endloop
  endfacet
  facet normal 0 0 1
    outer loop
      vertex -20 -20 75
      vertex -8.01115 -5.27164 75
      vertex -8.01151 -5.27121 75
    endloop
  endfacet
  facet normal 0 0 1
    outer loop
      vertex -20 -20 75
      vertex -8.01151 -5.27121 75
      vertex -8.34306 -4.8672 75
    endloop
  endfacet
  facet normal 0 0 1
    outer loop
      vertex -20 -20 75
      vertex -8.34306 -4.8672 75
      vertex -8.64749 -4.44238 75
    endloop
  endfacet
  facet normal 0 0 1
    outer loop
      vertex -20 -20 75
      vertex -8.64749 -4.44238 75
      vertex -8.64781 -4.44193 75
    endloop
  endfacet
  facet normal 0 0 1
    outer loop
      vertex -20 -20 75
      vertex -8.92436 -3.99713 75
      vertex -9.17073 -3.53621 75
    endloop
  endfacet
  facet normal 0 0 1
    outer loop
      vertex -20 -20 75
      vertex -9.38685 -3.05913 75
      vertex -9.57095 -2.56999 75
    endloop
  endfacet
  facet normal 0 0 1
    outer loop
      vertex -20 -20 75
      vertex -9.97808 -0.523473 75
      vertex -9.97814 -0.522915 75
    endloop
  endfacet
  facet normal 0 0 1
    outer loop
      vertex -20 -20 75
      vertex -9.99526 0 75
      vertex -20 20 75
    endloop
  endfacet
  facet normal 0 0 1
    outer loop
      vertex -9.99526 0 75
      vertex -20 -20 75
      vertex -9.99524 -0.000560401 75
    endloop
  endfacet
  facet normal 0 0 1
    outer loop
      vertex -9.99524 -0.000560401 75
      vertex -20 -20 75
      vertex -9.97814 -0.522915 75
    endloop
  endfacet
  facet normal 0 0 1
    outer loop
      vertex -9.97808 -0.523473 75
      vertex -20 -20 75
      vertex -9.92686 -1.04359 75
    endloop
  endfacet
  facet normal 0 0 1
    outer loop
      vertex -9.92686 -1.04359 75
      vertex -20 -20 75
      vertex -9.84172 -1.55924 75
    endloop
  endfacet
  facet normal 0 0 1
    outer loop
      vertex -9.84172 -1.55924 75
      vertex -20 -20 75
      vertex -9.84163 -1.5598 75
    endloop
  endfacet
  facet normal 0 0 1
    outer loop
      vertex -9.84163 -1.5598 75
      vertex -20 -20 75
      vertex -9.8415 -1.56034 75
    endloop
  endfacet
  facet normal 0 0 1
    outer loop
      vertex -9.8415 -1.56034 75
      vertex -20 -20 75
      vertex -9.72283 -2.06932 75
    endloop
  endfacet
  facet normal 0 0 1
    outer loop
      vertex -9.72283 -2.06932 75
      vertex -20 -20 75
      vertex -9.72266 -2.06986 75
    endloop
  endfacet
  facet normal 0 0 1
    outer loop
      vertex -9.72266 -2.06986 75
      vertex -20 -20 75
      vertex -9.57095 -2.56999 75
    endloop
  endfacet
  facet normal 0 0 1
    outer loop
      vertex -9.38685 -3.05913 75
      vertex -20 -20 75
      vertex -9.38665 -3.05965 75
    endloop
  endfacet
  facet normal 0 0 1
    outer loop
      vertex -9.38665 -3.05965 75
      vertex -20 -20 75
      vertex -9.38642 -3.06016 75
    endloop
  endfacet
  facet normal 0 0 1
    outer loop
      vertex 0 -15.25 75
      vertex -20 -20 75
      vertex 20 -20 75
    endloop
  endfacet
  facet normal 0 0 1
    outer loop
      vertex -0.723238 -15.1306 75
      vertex -20 -20 75
      vertex -0.582342 -15.1733 75
    endloop
  endfacet
  facet normal 0 0 1
    outer loop
      vertex -0.861037 -15.0787 75
      vertex -20 -20 75
      vertex -0.723238 -15.1306 75
    endloop
  endfacet
  facet normal 0 0 1
    outer loop
      vertex -0.995149 -15.018 75
      vertex -20 -20 75
      vertex -0.861037 -15.0787 75
    endloop
  endfacet
  facet normal 0 0 1
    outer loop
      vertex -1.125 -14.9486 75
      vertex -20 -20 75
      vertex -0.995149 -15.018 75
    endloop
  endfacet
  facet normal 0 0 1
    outer loop
      vertex -1.25003 -14.8708 75
      vertex -20 -20 75
      vertex -1.125 -14.9486 75
    endloop
  endfacet
  facet normal 0 0 1
    outer loop
      vertex -1.36971 -14.785 75
      vertex -20 -20 75
      vertex -1.25003 -14.8708 75
    endloop
  endfacet
  facet normal 0 0 1
    outer loop
      vertex -1.48353 -14.6916 75
      vertex -20 -20 75
      vertex -1.36971 -14.785 75
    endloop
  endfacet
  facet normal 0 0 1
    outer loop
      vertex -1.59099 -14.591 75
      vertex -20 -20 75
      vertex -1.48353 -14.6916 75
    endloop
  endfacet
  facet normal 0 0 1
    outer loop
      vertex -1.69164 -14.4835 75
      vertex -20 -20 75
      vertex -1.59099 -14.591 75
    endloop
  endfacet
  facet normal 0 0 1
    outer loop
      vertex -1.78504 -14.3697 75
      vertex -20 -20 75
      vertex -1.69164 -14.4835 75
    endloop
  endfacet
  facet normal 0 0 1
    outer loop
      vertex -1.87081 -14.25 75
      vertex -20 -20 75
      vertex -1.78504 -14.3697 75
    endloop
  endfacet
  facet normal 0 0 1
    outer loop
      vertex -1.94856 -14.125 75
      vertex -20 -20 75
      vertex -1.87081 -14.25 75
    endloop
  endfacet
  facet normal 0 0 1
    outer loop
      vertex -8.9238 -3.99811 75
      vertex -20 -20 75
      vertex -8.64781 -4.44193 75
    endloop
  endfacet
  facet normal 0 0 1
    outer loop
      vertex -8.9241 -3.99763 75
      vertex -20 -20 75
      vertex -8.9238 -3.99811 75
    endloop
  endfacet
  facet normal 0 0 1
    outer loop
      vertex -8.92436 -3.99713 75
      vertex -20 -20 75
      vertex -8.9241 -3.99763 75
    endloop
  endfacet
  facet normal 0 0 1
    outer loop
      vertex -9.38642 -3.06016 75
      vertex -20 -20 75
      vertex -9.17073 -3.53621 75
    endloop
  endfacet
  facet normal 0 0 1
    outer loop
      vertex 4.06986 7.72266 75
      vertex 2.07873 12.139 75
      vertex 4.06932 7.72283 75
    endloop
  endfacet
  facet normal -0 0 1
    outer loop
      vertex 1.94856 11.875 75
      vertex 4.06932 7.72283 75
      vertex 2.01796 12.0049 75
    endloop
  endfacet
  facet normal 0 0 1
    outer loop
      vertex 4.06932 7.72283 75
      vertex 1.94856 11.875 75
      vertex 3.56034 7.8415 75
    endloop
  endfacet
  facet normal 0 0 1
    outer loop
      vertex 3.56034 7.8415 75
      vertex 1.94856 11.875 75
      vertex 3.5598 7.84163 75
    endloop
  endfacet
  facet normal -0 0 1
    outer loop
      vertex 1.87081 11.75 75
      vertex 3.5598 7.84163 75
      vertex 1.94856 11.875 75
    endloop
  endfacet
  facet normal 0 0 1
    outer loop
      vertex 3.5598 7.84163 75
      vertex 1.87081 11.75 75
      vertex 3.55924 7.84172 75
    endloop
  endfacet
  facet normal -0 0 1
    outer loop
      vertex 1.78504 11.6303 75
      vertex 3.55924 7.84172 75
      vertex 1.87081 11.75 75
    endloop
  endfacet
  facet normal 0 0 1
    outer loop
      vertex 3.55924 7.84172 75
      vertex 1.78504 11.6303 75
      vertex 3.04359 7.92686 75
    endloop
  endfacet
  facet normal -0 0 1
    outer loop
      vertex 1.69164 11.5165 75
      vertex 3.04359 7.92686 75
      vertex 1.78504 11.6303 75
    endloop
  endfacet
  facet normal -0 0 1
    outer loop
      vertex 1.59099 11.409 75
      vertex 3.04359 7.92686 75
      vertex 1.69164 11.5165 75
    endloop
  endfacet
  facet normal 0 0 1
    outer loop
      vertex 3.04359 7.92686 75
      vertex 1.59099 11.409 75
      vertex 2.52347 7.97808 75
    endloop
  endfacet
  facet normal -0 0 1
    outer loop
      vertex 1.48353 11.3084 75
      vertex 2.52347 7.97808 75
      vertex 1.59099 11.409 75
    endloop
  endfacet
  facet normal 0 0 1
    outer loop
      vertex 2.52347 7.97808 75
      vertex 1.48353 11.3084 75
      vertex 2.52291 7.97814 75
    endloop
  endfacet
  facet normal -0 0 1
    outer loop
      vertex 1.36971 11.215 75
      vertex 2.52291 7.97814 75
      vertex 1.48353 11.3084 75
    endloop
  endfacet
  facet normal -0 0 1
    outer loop
      vertex 1.25003 11.1292 75
      vertex 2.52291 7.97814 75
      vertex 1.36971 11.215 75
    endloop
  endfacet
  facet normal 0 0 1
    outer loop
      vertex 2.52291 7.97814 75
      vertex 1.25003 11.1292 75
      vertex 2.00056 7.99524 75
    endloop
  endfacet
  facet normal 0 0 1
    outer loop
      vertex 2.00056 7.99524 75
      vertex 1.25003 11.1292 75
      vertex 2 7.99526 75
    endloop
  endfacet
  facet normal -0 0 1
    outer loop
      vertex 1.125 11.0514 75
      vertex 2 7.99526 75
      vertex 1.25003 11.1292 75
    endloop
  endfacet
  facet normal -0 0 1
    outer loop
      vertex 0.995149 10.982 75
      vertex 2 7.99526 75
      vertex 1.125 11.0514 75
    endloop
  endfacet
  facet normal -0 0 1
    outer loop
      vertex 0.861037 10.9213 75
      vertex 2 7.99526 75
      vertex 0.995149 10.982 75
    endloop
  endfacet
  facet normal -0 0 1
    outer loop
      vertex 0.723238 10.8694 75
      vertex 2 7.99526 75
      vertex 0.861037 10.9213 75
    endloop
  endfacet
  facet normal -0 0 1
    outer loop
      vertex 0.582342 10.8267 75
      vertex 2 7.99526 75
      vertex 0.723238 10.8694 75
    endloop
  endfacet
  facet normal -0 0 1
    outer loop
      vertex 0.438952 10.7932 75
      vertex 2 7.99526 75
      vertex 0.582342 10.8267 75
    endloop
  endfacet
  facet normal -0 0 1
    outer loop
      vertex 0.293683 10.7692 75
      vertex 2 7.99526 75
      vertex 0.438952 10.7932 75
    endloop
  endfacet
  facet normal -0 0 1
    outer loop
      vertex 0.147157 10.7548 75
      vertex 2 7.99526 75
      vertex 0.293683 10.7692 75
    endloop
  endfacet
  facet normal -0 0 1
    outer loop
      vertex 0 10.75 75
      vertex 2 7.99526 75
      vertex 0.147157 10.7548 75
    endloop
  endfacet
  facet normal 0 0 1
    outer loop
      vertex -2 7.99526 75
      vertex 0 10.75 75
      vertex -0.147157 10.7548 75
    endloop
  endfacet
  facet normal 0 0 1
    outer loop
      vertex -2 7.99526 75
      vertex -0.147157 10.7548 75
      vertex -0.293683 10.7692 75
    endloop
  endfacet
  facet normal 0 0 1
    outer loop
      vertex -2 7.99526 75
      vertex -0.293683 10.7692 75
      vertex -0.438952 10.7932 75
    endloop
  endfacet
  facet normal 0 0 1
    outer loop
      vertex -2 7.99526 75
      vertex -0.438952 10.7932 75
      vertex -0.582342 10.8267 75
    endloop
  endfacet
  facet normal 0 0 1
    outer loop
      vertex -2 7.99526 75
      vertex -0.582342 10.8267 75
      vertex -0.723238 10.8694 75
    endloop
  endfacet
  facet normal 0 0 1
    outer loop
      vertex -2 7.99526 75
      vertex -0.723238 10.8694 75
      vertex -0.861037 10.9213 75
    endloop
  endfacet
  facet normal 0 0 1
    outer loop
      vertex -2 7.99526 75
      vertex -0.861037 10.9213 75
      vertex -0.995149 10.982 75
    endloop
  endfacet
  facet normal 0 0 1
    outer loop
      vertex -2 7.99526 75
      vertex -0.995149 10.982 75
      vertex -1.125 11.0514 75
    endloop
  endfacet
  facet normal 0 0 1
    outer loop
      vertex -2 7.99526 75
      vertex -1.125 11.0514 75
      vertex -1.25003 11.1292 75
    endloop
  endfacet
  facet normal 0 0 1
    outer loop
      vertex -2.52291 7.97814 75
      vertex -1.25003 11.1292 75
      vertex -1.36971 11.215 75
    endloop
  endfacet
  facet normal 0 0 1
    outer loop
      vertex -2.52291 7.97814 75
      vertex -1.36971 11.215 75
      vertex -1.48353 11.3084 75
    endloop
  endfacet
  facet normal 0 0 1
    outer loop
      vertex -2.52291 7.97814 75
      vertex -1.48353 11.3084 75
      vertex -1.59099 11.409 75
    endloop
  endfacet
  facet normal 0 0 1
    outer loop
      vertex 0 10.75 75
      vertex -2 7.99526 75
      vertex 2 7.99526 75
    endloop
  endfacet
  facet normal 0 0 1
    outer loop
      vertex -2.52291 7.97814 75
      vertex -1.59099 11.409 75
      vertex -1.69164 11.5165 75
    endloop
  endfacet
  facet normal 0 0 1
    outer loop
      vertex -2.52291 7.97814 75
      vertex -1.69164 11.5165 75
      vertex -1.78504 11.6303 75
    endloop
  endfacet
  facet normal 0 0 1
    outer loop
      vertex -2.52291 7.97814 75
      vertex -1.78504 11.6303 75
      vertex -1.87081 11.75 75
    endloop
  endfacet
  facet normal 0 0 1
    outer loop
      vertex -2.52291 7.97814 75
      vertex -1.87081 11.75 75
      vertex -1.94856 11.875 75
    endloop
  endfacet
  facet normal 0 0 1
    outer loop
      vertex -1.25003 11.1292 75
      vertex -2.00056 7.99524 75
      vertex -2 7.99526 75
    endloop
  endfacet
  facet normal 0 0 1
    outer loop
      vertex -2.52291 7.97814 75
      vertex -1.94856 11.875 75
      vertex -2.01796 12.0049 75
    endloop
  endfacet
  facet normal 0 0 1
    outer loop
      vertex -2.52291 7.97814 75
      vertex -2.01796 12.0049 75
      vertex -2.07873 12.139 75
    endloop
  endfacet
  facet normal 0 0 1
    outer loop
      vertex -2.52291 7.97814 75
      vertex -2.07873 12.139 75
      vertex -2.13059 12.2768 75
    endloop
  endfacet
  facet normal 0 0 1
    outer loop
      vertex -2.52291 7.97814 75
      vertex -2.13059 12.2768 75
      vertex -2.17333 12.4177 75
    endloop
  endfacet
  facet normal 0 0 1
    outer loop
      vertex -2.52291 7.97814 75
      vertex -2.17333 12.4177 75
      vertex -2.20677 12.561 75
    endloop
  endfacet
  facet normal 0 0 1
    outer loop
      vertex -2.52291 7.97814 75
      vertex -2.20677 12.561 75
      vertex -2.23075 12.7063 75
    endloop
  endfacet
  facet normal 0 0 1
    outer loop
      vertex -2.52291 7.97814 75
      vertex -2.23075 12.7063 75
      vertex -2.24518 12.8528 75
    endloop
  endfacet
  facet normal 0 0 1
    outer loop
      vertex -1.25003 11.1292 75
      vertex -2.52291 7.97814 75
      vertex -2.00056 7.99524 75
    endloop
  endfacet
  facet normal 0 0 1
    outer loop
      vertex -2.52291 7.97814 75
      vertex -2.24518 12.8528 75
      vertex -2.25 13 75
    endloop
  endfacet
  facet normal 0 0 -1
    outer loop
      vertex 2.20677 -12.561 0
      vertex 20 -20 0
      vertex 2.23075 -12.7063 0
    endloop
  endfacet
  facet normal 0 0 -1
    outer loop
      vertex 20 20 0
      vertex 2.24518 12.8528 0
      vertex 2.25 13 0
    endloop
  endfacet
  facet normal 0 0 -1
    outer loop
      vertex 2.17333 -12.4177 0
      vertex 20 -20 0
      vertex 2.20677 -12.561 0
    endloop
  endfacet
  facet normal 0 0 -1
    outer loop
      vertex 20 20 0
      vertex 2.23075 12.7063 0
      vertex 2.24518 12.8528 0
    endloop
  endfacet
  facet normal 0 0 -1
    outer loop
      vertex 2.13059 -12.2768 0
      vertex 20 -20 0
      vertex 2.17333 -12.4177 0
    endloop
  endfacet
  facet normal 0 0 -1
    outer loop
      vertex 20 20 0
      vertex 2.20677 12.561 0
      vertex 2.23075 12.7063 0
    endloop
  endfacet
  facet normal 0 0 -1
    outer loop
      vertex 2.07873 -12.139 0
      vertex 20 -20 0
      vertex 2.13059 -12.2768 0
    endloop
  endfacet
  facet normal 0 0 -1
    outer loop
      vertex 20 20 0
      vertex 2.17333 12.4177 0
      vertex 2.20677 12.561 0
    endloop
  endfacet
  facet normal 0 0 -1
    outer loop
      vertex 2.01796 -12.0049 0
      vertex 20 -20 0
      vertex 2.07873 -12.139 0
    endloop
  endfacet
  facet normal 0 0 -1
    outer loop
      vertex 20 20 0
      vertex 2.13059 12.2768 0
      vertex 2.17333 12.4177 0
    endloop
  endfacet
  facet normal 0 0 -1
    outer loop
      vertex 1.94856 -11.875 0
      vertex 20 -20 0
      vertex 2.01796 -12.0049 0
    endloop
  endfacet
  facet normal 0 0 -1
    outer loop
      vertex 20 20 0
      vertex 2.07873 12.139 0
      vertex 2.13059 12.2768 0
    endloop
  endfacet
  facet normal 0 0 -1
    outer loop
      vertex 1.87081 -11.75 0
      vertex 20 -20 0
      vertex 1.94856 -11.875 0
    endloop
  endfacet
  facet normal 0 0 -1
    outer loop
      vertex 20 20 0
      vertex 2.01796 12.0049 0
      vertex 2.07873 12.139 0
    endloop
  endfacet
  facet normal 0 0 -1
    outer loop
      vertex 20 -20 0
      vertex 1.87081 -11.75 0
      vertex 20 20 0
    endloop
  endfacet
  facet normal 0 0 -1
    outer loop
      vertex 20 20 0
      vertex 1.94856 11.875 0
      vertex 2.01796 12.0049 0
    endloop
  endfacet
  facet normal 0 0 -1
    outer loop
      vertex 1.87081 11.75 0
      vertex 20 20 0
      vertex 1.87081 -11.75 0
    endloop
  endfacet
  facet normal 0 0 -1
    outer loop
      vertex 20 20 0
      vertex 1.87081 11.75 0
      vertex 1.94856 11.875 0
    endloop
  endfacet
  facet normal 0 0 -1
    outer loop
      vertex 1.78504 -11.6303 0
      vertex 1.87081 11.75 0
      vertex 1.87081 -11.75 0
    endloop
  endfacet
  facet normal 0 0 -1
    outer loop
      vertex 1.78504 -11.6303 0
      vertex 1.78504 11.6303 0
      vertex 1.87081 11.75 0
    endloop
  endfacet
  facet normal 0 0 -1
    outer loop
      vertex 1.69164 -11.5165 0
      vertex 1.78504 11.6303 0
      vertex 1.78504 -11.6303 0
    endloop
  endfacet
  facet normal 0 0 -1
    outer loop
      vertex 1.69164 -11.5165 0
      vertex 1.69164 11.5165 0
      vertex 1.78504 11.6303 0
    endloop
  endfacet
  facet normal 0 0 -1
    outer loop
      vertex 1.59099 -11.409 0
      vertex 1.69164 11.5165 0
      vertex 1.69164 -11.5165 0
    endloop
  endfacet
  facet normal 0 0 -1
    outer loop
      vertex 1.59099 -11.409 0
      vertex 1.59099 11.409 0
      vertex 1.69164 11.5165 0
    endloop
  endfacet
  facet normal 0 0 -1
    outer loop
      vertex 1.48353 -11.3084 0
      vertex 1.59099 11.409 0
      vertex 1.59099 -11.409 0
    endloop
  endfacet
  facet normal 0 0 -1
    outer loop
      vertex 1.48353 -11.3084 0
      vertex 1.48353 11.3084 0
      vertex 1.59099 11.409 0
    endloop
  endfacet
  facet normal 0 0 -1
    outer loop
      vertex 1.36971 -11.215 0
      vertex 1.48353 11.3084 0
      vertex 1.48353 -11.3084 0
    endloop
  endfacet
  facet normal 0 0 -1
    outer loop
      vertex 1.36971 -11.215 0
      vertex 1.36971 11.215 0
      vertex 1.48353 11.3084 0
    endloop
  endfacet
  facet normal 0 0 -1
    outer loop
      vertex 1.25003 -11.1292 0
      vertex 1.36971 11.215 0
      vertex 1.36971 -11.215 0
    endloop
  endfacet
  facet normal 0 0 -1
    outer loop
      vertex 1.25003 -11.1292 0
      vertex 1.25003 11.1292 0
      vertex 1.36971 11.215 0
    endloop
  endfacet
  facet normal 0 0 -1
    outer loop
      vertex 1.125 -11.0514 0
      vertex 1.25003 11.1292 0
      vertex 1.25003 -11.1292 0
    endloop
  endfacet
  facet normal 0 0 -1
    outer loop
      vertex 1.125 -11.0514 0
      vertex 1.125 11.0514 0
      vertex 1.25003 11.1292 0
    endloop
  endfacet
  facet normal 0 0 -1
    outer loop
      vertex 0.995149 -10.982 0
      vertex 1.125 11.0514 0
      vertex 1.125 -11.0514 0
    endloop
  endfacet
  facet normal 0 0 -1
    outer loop
      vertex 0.995149 -10.982 0
      vertex 0.995149 10.982 0
      vertex 1.125 11.0514 0
    endloop
  endfacet
  facet normal 0 0 -1
    outer loop
      vertex 0.861037 -10.9213 0
      vertex 0.995149 10.982 0
      vertex 0.995149 -10.982 0
    endloop
  endfacet
  facet normal 0 0 -1
    outer loop
      vertex 0.861037 -10.9213 0
      vertex 0.861037 10.9213 0
      vertex 0.995149 10.982 0
    endloop
  endfacet
  facet normal 0 0 -1
    outer loop
      vertex 0.723238 -10.8694 0
      vertex 0.861037 10.9213 0
      vertex 0.861037 -10.9213 0
    endloop
  endfacet
  facet normal 0 0 -1
    outer loop
      vertex 0.723238 -10.8694 0
      vertex 0.723238 10.8694 0
      vertex 0.861037 10.9213 0
    endloop
  endfacet
  facet normal 0 0 -1
    outer loop
      vertex 0.582342 -10.8267 0
      vertex 0.723238 10.8694 0
      vertex 0.723238 -10.8694 0
    endloop
  endfacet
  facet normal 0 0 -1
    outer loop
      vertex 0.582342 -10.8267 0
      vertex 0.582342 10.8267 0
      vertex 0.723238 10.8694 0
    endloop
  endfacet
  facet normal 0 0 -1
    outer loop
      vertex 0.438952 -10.7932 0
      vertex 0.582342 10.8267 0
      vertex 0.582342 -10.8267 0
    endloop
  endfacet
  facet normal 0 0 -1
    outer loop
      vertex 0.438952 -10.7932 0
      vertex 0.438952 10.7932 0
      vertex 0.582342 10.8267 0
    endloop
  endfacet
  facet normal 0 0 -1
    outer loop
      vertex 0.293683 -10.7692 0
      vertex 0.438952 10.7932 0
      vertex 0.438952 -10.7932 0
    endloop
  endfacet
  facet normal 0 0 -1
    outer loop
      vertex 0.293683 -10.7692 0
      vertex 0.293683 10.7692 0
      vertex 0.438952 10.7932 0
    endloop
  endfacet
  facet normal 0 0 -1
    outer loop
      vertex 0.147157 -10.7548 0
      vertex 0.293683 10.7692 0
      vertex 0.293683 -10.7692 0
    endloop
  endfacet
  facet normal 0 0 -1
    outer loop
      vertex 0.147157 -10.7548 0
      vertex 0.147157 10.7548 0
      vertex 0.293683 10.7692 0
    endloop
  endfacet
  facet normal 0 0 -1
    outer loop
      vertex 0 -10.75 0
      vertex 0.147157 10.7548 0
      vertex 0.147157 -10.7548 0
    endloop
  endfacet
  facet normal 0 0 -1
    outer loop
      vertex 0 -10.75 0
      vertex 0 10.75 0
      vertex 0.147157 10.7548 0
    endloop
  endfacet
  facet normal 0 0 -1
    outer loop
      vertex -0.147157 -10.7548 0
      vertex 0 10.75 0
      vertex 0 -10.75 0
    endloop
  endfacet
  facet normal 0 0 -1
    outer loop
      vertex -0.147157 -10.7548 0
      vertex -0.147157 10.7548 0
      vertex 0 10.75 0
    endloop
  endfacet
  facet normal 0 0 -1
    outer loop
      vertex -0.293683 -10.7692 0
      vertex -0.147157 10.7548 0
      vertex -0.147157 -10.7548 0
    endloop
  endfacet
  facet normal 0 0 -1
    outer loop
      vertex -0.293683 -10.7692 0
      vertex -0.293683 10.7692 0
      vertex -0.147157 10.7548 0
    endloop
  endfacet
  facet normal 0 0 -1
    outer loop
      vertex -0.438952 -10.7932 0
      vertex -0.293683 10.7692 0
      vertex -0.293683 -10.7692 0
    endloop
  endfacet
  facet normal 0 0 -1
    outer loop
      vertex -0.438952 -10.7932 0
      vertex -0.438952 10.7932 0
      vertex -0.293683 10.7692 0
    endloop
  endfacet
  facet normal 0 0 -1
    outer loop
      vertex -0.582342 -10.8267 0
      vertex -0.438952 10.7932 0
      vertex -0.438952 -10.7932 0
    endloop
  endfacet
  facet normal 0 0 -1
    outer loop
      vertex -0.582342 -10.8267 0
      vertex -0.582342 10.8267 0
      vertex -0.438952 10.7932 0
    endloop
  endfacet
  facet normal 0 0 -1
    outer loop
      vertex -0.723238 -10.8694 0
      vertex -0.582342 10.8267 0
      vertex -0.582342 -10.8267 0
    endloop
  endfacet
  facet normal 0 0 -1
    outer loop
      vertex -0.723238 -10.8694 0
      vertex -0.723238 10.8694 0
      vertex -0.582342 10.8267 0
    endloop
  endfacet
  facet normal 0 0 -1
    outer loop
      vertex -0.861037 -10.9213 0
      vertex -0.723238 10.8694 0
      vertex -0.723238 -10.8694 0
    endloop
  endfacet
  facet normal 0 0 -1
    outer loop
      vertex -0.861037 -10.9213 0
      vertex -0.861037 10.9213 0
      vertex -0.723238 10.8694 0
    endloop
  endfacet
  facet normal 0 0 -1
    outer loop
      vertex -0.995149 -10.982 0
      vertex -0.861037 10.9213 0
      vertex -0.861037 -10.9213 0
    endloop
  endfacet
  facet normal 0 0 -1
    outer loop
      vertex -0.995149 -10.982 0
      vertex -0.995149 10.982 0
      vertex -0.861037 10.9213 0
    endloop
  endfacet
  facet normal 0 0 -1
    outer loop
      vertex -1.125 -11.0514 0
      vertex -0.995149 10.982 0
      vertex -0.995149 -10.982 0
    endloop
  endfacet
  facet normal 0 0 -1
    outer loop
      vertex -1.125 -11.0514 0
      vertex -1.125 11.0514 0
      vertex -0.995149 10.982 0
    endloop
  endfacet
  facet normal 0 0 -1
    outer loop
      vertex -1.25003 -11.1292 0
      vertex -1.125 11.0514 0
      vertex -1.125 -11.0514 0
    endloop
  endfacet
  facet normal 0 0 -1
    outer loop
      vertex -1.25003 -11.1292 0
      vertex -1.25003 11.1292 0
      vertex -1.125 11.0514 0
    endloop
  endfacet
  facet normal 0 0 -1
    outer loop
      vertex -1.36971 -11.215 0
      vertex -1.25003 11.1292 0
      vertex -1.25003 -11.1292 0
    endloop
  endfacet
  facet normal 0 0 -1
    outer loop
      vertex -1.36971 -11.215 0
      vertex -1.36971 11.215 0
      vertex -1.25003 11.1292 0
    endloop
  endfacet
  facet normal 0 0 -1
    outer loop
      vertex -1.48353 -11.3084 0
      vertex -1.36971 11.215 0
      vertex -1.36971 -11.215 0
    endloop
  endfacet
  facet normal 0 0 -1
    outer loop
      vertex -1.48353 -11.3084 0
      vertex -1.48353 11.3084 0
      vertex -1.36971 11.215 0
    endloop
  endfacet
  facet normal 0 0 -1
    outer loop
      vertex -1.59099 -11.409 0
      vertex -1.48353 11.3084 0
      vertex -1.48353 -11.3084 0
    endloop
  endfacet
  facet normal 0 0 -1
    outer loop
      vertex -1.59099 -11.409 0
      vertex -1.59099 11.409 0
      vertex -1.48353 11.3084 0
    endloop
  endfacet
  facet normal 0 0 -1
    outer loop
      vertex -1.69164 -11.5165 0
      vertex -1.59099 11.409 0
      vertex -1.59099 -11.409 0
    endloop
  endfacet
  facet normal 0 0 -1
    outer loop
      vertex -1.69164 -11.5165 0
      vertex -1.69164 11.5165 0
      vertex -1.59099 11.409 0
    endloop
  endfacet
  facet normal 0 0 -1
    outer loop
      vertex -1.78504 -11.6303 0
      vertex -1.69164 11.5165 0
      vertex -1.69164 -11.5165 0
    endloop
  endfacet
  facet normal 0 0 -1
    outer loop
      vertex -1.78504 -11.6303 0
      vertex -1.78504 11.6303 0
      vertex -1.69164 11.5165 0
    endloop
  endfacet
  facet normal 0 0 -1
    outer loop
      vertex -1.87081 -11.75 0
      vertex -1.78504 11.6303 0
      vertex -1.78504 -11.6303 0
    endloop
  endfacet
  facet normal 0 0 -1
    outer loop
      vertex -1.87081 -11.75 0
      vertex -1.87081 11.75 0
      vertex -1.78504 11.6303 0
    endloop
  endfacet
  facet normal 0 0 -1
    outer loop
      vertex -20 -20 0
      vertex -1.87081 -11.75 0
      vertex -1.94856 -11.875 0
    endloop
  endfacet
  facet normal -0 0 -1
    outer loop
      vertex -1.87081 -11.75 0
      vertex -20 -20 0
      vertex -1.87081 11.75 0
    endloop
  endfacet
  facet normal 0 0 -1
    outer loop
      vertex -20 -20 0
      vertex -1.94856 -11.875 0
      vertex -2.01796 -12.0049 0
    endloop
  endfacet
  facet normal 0 0 -1
    outer loop
      vertex -20 20 0
      vertex -1.87081 11.75 0
      vertex -20 -20 0
    endloop
  endfacet
  facet normal 0 0 -1
    outer loop
      vertex -20 -20 0
      vertex -2.01796 -12.0049 0
      vertex -2.07873 -12.139 0
    endloop
  endfacet
  facet normal 0 0 -1
    outer loop
      vertex -1.87081 11.75 0
      vertex -20 20 0
      vertex -1.94856 11.875 0
    endloop
  endfacet
  facet normal 0 0 -1
    outer loop
      vertex -20 -20 0
      vertex -2.07873 -12.139 0
      vertex -2.13059 -12.2768 0
    endloop
  endfacet
  facet normal 0 0 -1
    outer loop
      vertex -1.94856 11.875 0
      vertex -20 20 0
      vertex -2.01796 12.0049 0
    endloop
  endfacet
  facet normal 0 0 -1
    outer loop
      vertex -20 -20 0
      vertex -2.13059 -12.2768 0
      vertex -2.17333 -12.4177 0
    endloop
  endfacet
  facet normal 0 0 -1
    outer loop
      vertex -2.01796 12.0049 0
      vertex -20 20 0
      vertex -2.07873 12.139 0
    endloop
  endfacet
  facet normal 0 0 -1
    outer loop
      vertex -20 -20 0
      vertex -2.17333 -12.4177 0
      vertex -2.20677 -12.561 0
    endloop
  endfacet
  facet normal 0 0 -1
    outer loop
      vertex -2.07873 12.139 0
      vertex -20 20 0
      vertex -2.13059 12.2768 0
    endloop
  endfacet
  facet normal 0 0 -1
    outer loop
      vertex -20 -20 0
      vertex -2.20677 -12.561 0
      vertex -2.23075 -12.7063 0
    endloop
  endfacet
  facet normal 0 0 -1
    outer loop
      vertex -2.13059 12.2768 0
      vertex -20 20 0
      vertex -2.17333 12.4177 0
    endloop
  endfacet
  facet normal 0 0 -1
    outer loop
      vertex -20 -20 0
      vertex -2.23075 -12.7063 0
      vertex -2.24518 -12.8528 0
    endloop
  endfacet
  facet normal 0 0 -1
    outer loop
      vertex -2.17333 12.4177 0
      vertex -20 20 0
      vertex -2.20677 12.561 0
    endloop
  endfacet
  facet normal 0 0 -1
    outer loop
      vertex -20 -20 0
      vertex -2.24518 -12.8528 0
      vertex -2.25 -13 0
    endloop
  endfacet
  facet normal 0 0 -1
    outer loop
      vertex -2.20677 12.561 0
      vertex -20 20 0
      vertex -2.23075 12.7063 0
    endloop
  endfacet
  facet normal 0 0 -1
    outer loop
      vertex 2.24518 -12.8528 0
      vertex 20 -20 0
      vertex 2.25 -13 0
    endloop
  endfacet
  facet normal 0 0 -1
    outer loop
      vertex 20 -20 0
      vertex 2.24518 -13.1472 0
      vertex 2.25 -13 0
    endloop
  endfacet
  facet normal 0 0 -1
    outer loop
      vertex 20 -20 0
      vertex 2.23075 -13.2937 0
      vertex 2.24518 -13.1472 0
    endloop
  endfacet
  facet normal 0 0 -1
    outer loop
      vertex 20 -20 0
      vertex 2.20677 -13.439 0
      vertex 2.23075 -13.2937 0
    endloop
  endfacet
  facet normal 0 0 -1
    outer loop
      vertex 20 -20 0
      vertex 2.17333 -13.5823 0
      vertex 2.20677 -13.439 0
    endloop
  endfacet
  facet normal 0 0 -1
    outer loop
      vertex 20 -20 0
      vertex 2.13059 -13.7232 0
      vertex 2.17333 -13.5823 0
    endloop
  endfacet
  facet normal 0 0 -1
    outer loop
      vertex 20 -20 0
      vertex 2.07873 -13.861 0
      vertex 2.13059 -13.7232 0
    endloop
  endfacet
  facet normal 0 0 -1
    outer loop
      vertex 20 -20 0
      vertex 2.01796 -13.9951 0
      vertex 2.07873 -13.861 0
    endloop
  endfacet
  facet normal 0 0 -1
    outer loop
      vertex 20 -20 0
      vertex 1.94856 -14.125 0
      vertex 2.01796 -13.9951 0
    endloop
  endfacet
  facet normal 0 0 -1
    outer loop
      vertex 20 -20 0
      vertex 1.87081 -14.25 0
      vertex 1.94856 -14.125 0
    endloop
  endfacet
  facet normal 0 0 -1
    outer loop
      vertex 20 -20 0
      vertex 1.78504 -14.3697 0
      vertex 1.87081 -14.25 0
    endloop
  endfacet
  facet normal 0 0 -1
    outer loop
      vertex 20 -20 0
      vertex 1.69164 -14.4835 0
      vertex 1.78504 -14.3697 0
    endloop
  endfacet
  facet normal 0 0 -1
    outer loop
      vertex 20 -20 0
      vertex 1.59099 -14.591 0
      vertex 1.69164 -14.4835 0
    endloop
  endfacet
  facet normal 0 0 -1
    outer loop
      vertex 20 -20 0
      vertex 1.48353 -14.6916 0
      vertex 1.59099 -14.591 0
    endloop
  endfacet
  facet normal 0 0 -1
    outer loop
      vertex 20 -20 0
      vertex 1.36971 -14.785 0
      vertex 1.48353 -14.6916 0
    endloop
  endfacet
  facet normal 0 0 -1
    outer loop
      vertex 20 -20 0
      vertex 1.25003 -14.8708 0
      vertex 1.36971 -14.785 0
    endloop
  endfacet
  facet normal 0 0 -1
    outer loop
      vertex 20 -20 0
      vertex 1.125 -14.9486 0
      vertex 1.25003 -14.8708 0
    endloop
  endfacet
  facet normal 0 0 -1
    outer loop
      vertex 20 -20 0
      vertex 0.995149 -15.018 0
      vertex 1.125 -14.9486 0
    endloop
  endfacet
  facet normal 0 0 -1
    outer loop
      vertex 20 -20 0
      vertex 0.861037 -15.0787 0
      vertex 0.995149 -15.018 0
    endloop
  endfacet
  facet normal 0 0 -1
    outer loop
      vertex 20 -20 0
      vertex 0.723238 -15.1306 0
      vertex 0.861037 -15.0787 0
    endloop
  endfacet
  facet normal 0 0 -1
    outer loop
      vertex 20 -20 0
      vertex 0.582342 -15.1733 0
      vertex 0.723238 -15.1306 0
    endloop
  endfacet
  facet normal 0 0 -1
    outer loop
      vertex 20 -20 0
      vertex 0.438952 -15.2068 0
      vertex 0.582342 -15.1733 0
    endloop
  endfacet
  facet normal 0 0 -1
    outer loop
      vertex 20 -20 0
      vertex 0.293683 -15.2308 0
      vertex 0.438952 -15.2068 0
    endloop
  endfacet
  facet normal 0 0 -1
    outer loop
      vertex 20 -20 0
      vertex 0.147157 -15.2452 0
      vertex 0.293683 -15.2308 0
    endloop
  endfacet
  facet normal 0 0 -1
    outer loop
      vertex 20 -20 0
      vertex 0 -15.25 0
      vertex 0.147157 -15.2452 0
    endloop
  endfacet
  facet normal 0 0 -1
    outer loop
      vertex -20 -20 0
      vertex 0 -15.25 0
      vertex 20 -20 0
    endloop
  endfacet
  facet normal -0 0 -1
    outer loop
      vertex 0 -15.25 0
      vertex -20 -20 0
      vertex -0.147157 -15.2452 0
    endloop
  endfacet
  facet normal -0 0 -1
    outer loop
      vertex -0.147157 -15.2452 0
      vertex -20 -20 0
      vertex -0.293683 -15.2308 0
    endloop
  endfacet
  facet normal -0 0 -1
    outer loop
      vertex -0.293683 -15.2308 0
      vertex -20 -20 0
      vertex -0.438952 -15.2068 0
    endloop
  endfacet
  facet normal 0 0 -1
    outer loop
      vertex -2.23075 12.7063 0
      vertex -20 20 0
      vertex -2.24518 12.8528 0
    endloop
  endfacet
  facet normal -0 0 -1
    outer loop
      vertex -2.24518 -13.1472 0
      vertex -20 -20 0
      vertex -2.25 -13 0
    endloop
  endfacet
  facet normal -0 0 -1
    outer loop
      vertex -2.23075 -13.2937 0
      vertex -20 -20 0
      vertex -2.24518 -13.1472 0
    endloop
  endfacet
  facet normal -0 0 -1
    outer loop
      vertex -2.20677 -13.439 0
      vertex -20 -20 0
      vertex -2.23075 -13.2937 0
    endloop
  endfacet
  facet normal -0 0 -1
    outer loop
      vertex -2.17333 -13.5823 0
      vertex -20 -20 0
      vertex -2.20677 -13.439 0
    endloop
  endfacet
  facet normal -0 0 -1
    outer loop
      vertex -2.13059 -13.7232 0
      vertex -20 -20 0
      vertex -2.17333 -13.5823 0
    endloop
  endfacet
  facet normal -0 0 -1
    outer loop
      vertex -2.07873 -13.861 0
      vertex -20 -20 0
      vertex -2.13059 -13.7232 0
    endloop
  endfacet
  facet normal -0 0 -1
    outer loop
      vertex -2.01796 -13.9951 0
      vertex -20 -20 0
      vertex -2.07873 -13.861 0
    endloop
  endfacet
  facet normal -0 0 -1
    outer loop
      vertex -1.94856 -14.125 0
      vertex -20 -20 0
      vertex -2.01796 -13.9951 0
    endloop
  endfacet
  facet normal -0 0 -1
    outer loop
      vertex -1.87081 -14.25 0
      vertex -20 -20 0
      vertex -1.94856 -14.125 0
    endloop
  endfacet
  facet normal -0 0 -1
    outer loop
      vertex -1.78504 -14.3697 0
      vertex -20 -20 0
      vertex -1.87081 -14.25 0
    endloop
  endfacet
  facet normal -0 0 -1
    outer loop
      vertex -1.69164 -14.4835 0
      vertex -20 -20 0
      vertex -1.78504 -14.3697 0
    endloop
  endfacet
  facet normal -0 0 -1
    outer loop
      vertex -1.59099 -14.591 0
      vertex -20 -20 0
      vertex -1.69164 -14.4835 0
    endloop
  endfacet
  facet normal -0 0 -1
    outer loop
      vertex -1.48353 -14.6916 0
      vertex -20 -20 0
      vertex -1.59099 -14.591 0
    endloop
  endfacet
  facet normal -0 0 -1
    outer loop
      vertex -1.36971 -14.785 0
      vertex -20 -20 0
      vertex -1.48353 -14.6916 0
    endloop
  endfacet
  facet normal -0 0 -1
    outer loop
      vertex -1.25003 -14.8708 0
      vertex -20 -20 0
      vertex -1.36971 -14.785 0
    endloop
  endfacet
  facet normal -0 0 -1
    outer loop
      vertex -1.125 -14.9486 0
      vertex -20 -20 0
      vertex -1.25003 -14.8708 0
    endloop
  endfacet
  facet normal -0 0 -1
    outer loop
      vertex -0.995149 -15.018 0
      vertex -20 -20 0
      vertex -1.125 -14.9486 0
    endloop
  endfacet
  facet normal -0 0 -1
    outer loop
      vertex -0.861037 -15.0787 0
      vertex -20 -20 0
      vertex -0.995149 -15.018 0
    endloop
  endfacet
  facet normal -0 0 -1
    outer loop
      vertex -0.723238 -15.1306 0
      vertex -20 -20 0
      vertex -0.861037 -15.0787 0
    endloop
  endfacet
  facet normal -0 0 -1
    outer loop
      vertex -0.582342 -15.1733 0
      vertex -20 -20 0
      vertex -0.723238 -15.1306 0
    endloop
  endfacet
  facet normal -0 0 -1
    outer loop
      vertex -0.438952 -15.2068 0
      vertex -20 -20 0
      vertex -0.582342 -15.1733 0
    endloop
  endfacet
  facet normal 0 0 -1
    outer loop
      vertex 2.23075 -12.7063 0
      vertex 20 -20 0
      vertex 2.24518 -12.8528 0
    endloop
  endfacet
  facet normal 0 0 -1
    outer loop
      vertex 2.24518 13.1472 0
      vertex 20 20 0
      vertex 2.25 13 0
    endloop
  endfacet
  facet normal 0 0 -1
    outer loop
      vertex 2.23075 13.2937 0
      vertex 20 20 0
      vertex 2.24518 13.1472 0
    endloop
  endfacet
  facet normal 0 0 -1
    outer loop
      vertex 2.20677 13.439 0
      vertex 20 20 0
      vertex 2.23075 13.2937 0
    endloop
  endfacet
  facet normal 0 0 -1
    outer loop
      vertex 2.17333 13.5823 0
      vertex 20 20 0
      vertex 2.20677 13.439 0
    endloop
  endfacet
  facet normal 0 0 -1
    outer loop
      vertex 2.13059 13.7232 0
      vertex 20 20 0
      vertex 2.17333 13.5823 0
    endloop
  endfacet
  facet normal 0 0 -1
    outer loop
      vertex 2.07873 13.861 0
      vertex 20 20 0
      vertex 2.13059 13.7232 0
    endloop
  endfacet
  facet normal 0 0 -1
    outer loop
      vertex 2.01796 13.9951 0
      vertex 20 20 0
      vertex 2.07873 13.861 0
    endloop
  endfacet
  facet normal 0 0 -1
    outer loop
      vertex 1.94856 14.125 0
      vertex 20 20 0
      vertex 2.01796 13.9951 0
    endloop
  endfacet
  facet normal 0 0 -1
    outer loop
      vertex 1.87081 14.25 0
      vertex 20 20 0
      vertex 1.94856 14.125 0
    endloop
  endfacet
  facet normal 0 0 -1
    outer loop
      vertex 1.78504 14.3697 0
      vertex 20 20 0
      vertex 1.87081 14.25 0
    endloop
  endfacet
  facet normal 0 0 -1
    outer loop
      vertex 1.69164 14.4835 0
      vertex 20 20 0
      vertex 1.78504 14.3697 0
    endloop
  endfacet
  facet normal 0 0 -1
    outer loop
      vertex 1.59099 14.591 0
      vertex 20 20 0
      vertex 1.69164 14.4835 0
    endloop
  endfacet
  facet normal 0 0 -1
    outer loop
      vertex 1.48353 14.6916 0
      vertex 20 20 0
      vertex 1.59099 14.591 0
    endloop
  endfacet
  facet normal 0 0 -1
    outer loop
      vertex 1.36971 14.785 0
      vertex 20 20 0
      vertex 1.48353 14.6916 0
    endloop
  endfacet
  facet normal 0 0 -1
    outer loop
      vertex 1.25003 14.8708 0
      vertex 20 20 0
      vertex 1.36971 14.785 0
    endloop
  endfacet
  facet normal 0 0 -1
    outer loop
      vertex 1.125 14.9486 0
      vertex 20 20 0
      vertex 1.25003 14.8708 0
    endloop
  endfacet
  facet normal 0 0 -1
    outer loop
      vertex 0.995149 15.018 0
      vertex 20 20 0
      vertex 1.125 14.9486 0
    endloop
  endfacet
  facet normal 0 0 -1
    outer loop
      vertex 0.861037 15.0787 0
      vertex 20 20 0
      vertex 0.995149 15.018 0
    endloop
  endfacet
  facet normal 0 0 -1
    outer loop
      vertex 0.723238 15.1306 0
      vertex 20 20 0
      vertex 0.861037 15.0787 0
    endloop
  endfacet
  facet normal 0 0 -1
    outer loop
      vertex 0.582342 15.1733 0
      vertex 20 20 0
      vertex 0.723238 15.1306 0
    endloop
  endfacet
  facet normal 0 0 -1
    outer loop
      vertex 0.438952 15.2068 0
      vertex 20 20 0
      vertex 0.582342 15.1733 0
    endloop
  endfacet
  facet normal 0 0 -1
    outer loop
      vertex 0.293683 15.2308 0
      vertex 20 20 0
      vertex 0.438952 15.2068 0
    endloop
  endfacet
  facet normal 0 0 -1
    outer loop
      vertex 0.147157 15.2452 0
      vertex 20 20 0
      vertex 0.293683 15.2308 0
    endloop
  endfacet
  facet normal 0 0 -1
    outer loop
      vertex 0 15.25 0
      vertex 20 20 0
      vertex 0.147157 15.2452 0
    endloop
  endfacet
  facet normal 0 0 -1
    outer loop
      vertex -20 20 0
      vertex 0 15.25 0
      vertex -0.147157 15.2452 0
    endloop
  endfacet
  facet normal 0 0 -1
    outer loop
      vertex -20 20 0
      vertex -0.147157 15.2452 0
      vertex -0.293683 15.2308 0
    endloop
  endfacet
  facet normal 0 0 -1
    outer loop
      vertex -20 20 0
      vertex -0.293683 15.2308 0
      vertex -0.438952 15.2068 0
    endloop
  endfacet
  facet normal 0 0 -1
    outer loop
      vertex -20 20 0
      vertex -0.438952 15.2068 0
      vertex -0.582342 15.1733 0
    endloop
  endfacet
  facet normal 0 0 -1
    outer loop
      vertex -2.24518 12.8528 0
      vertex -20 20 0
      vertex -2.25 13 0
    endloop
  endfacet
  facet normal 0 0 -1
    outer loop
      vertex -2.25 13 0
      vertex -20 20 0
      vertex -2.24518 13.1472 0
    endloop
  endfacet
  facet normal 0 0 -1
    outer loop
      vertex -2.24518 13.1472 0
      vertex -20 20 0
      vertex -2.23075 13.2937 0
    endloop
  endfacet
  facet normal 0 0 -1
    outer loop
      vertex -2.23075 13.2937 0
      vertex -20 20 0
      vertex -2.20677 13.439 0
    endloop
  endfacet
  facet normal 0 0 -1
    outer loop
      vertex -2.20677 13.439 0
      vertex -20 20 0
      vertex -2.17333 13.5823 0
    endloop
  endfacet
  facet normal 0 0 -1
    outer loop
      vertex -2.17333 13.5823 0
      vertex -20 20 0
      vertex -2.13059 13.7232 0
    endloop
  endfacet
  facet normal 0 0 -1
    outer loop
      vertex -2.13059 13.7232 0
      vertex -20 20 0
      vertex -2.07873 13.861 0
    endloop
  endfacet
  facet normal 0 0 -1
    outer loop
      vertex 0 15.25 0
      vertex -20 20 0
      vertex 20 20 0
    endloop
  endfacet
  facet normal 0 0 -1
    outer loop
      vertex -0.723238 15.1306 0
      vertex -20 20 0
      vertex -0.582342 15.1733 0
    endloop
  endfacet
  facet normal 0 0 -1
    outer loop
      vertex -0.861037 15.0787 0
      vertex -20 20 0
      vertex -0.723238 15.1306 0
    endloop
  endfacet
  facet normal 0 0 -1
    outer loop
      vertex -0.995149 15.018 0
      vertex -20 20 0
      vertex -0.861037 15.0787 0
    endloop
  endfacet
  facet normal 0 0 -1
    outer loop
      vertex -1.125 14.9486 0
      vertex -20 20 0
      vertex -0.995149 15.018 0
    endloop
  endfacet
  facet normal 0 0 -1
    outer loop
      vertex -1.25003 14.8708 0
      vertex -20 20 0
      vertex -1.125 14.9486 0
    endloop
  endfacet
  facet normal 0 0 -1
    outer loop
      vertex -1.36971 14.785 0
      vertex -20 20 0
      vertex -1.25003 14.8708 0
    endloop
  endfacet
  facet normal 0 0 -1
    outer loop
      vertex -1.48353 14.6916 0
      vertex -20 20 0
      vertex -1.36971 14.785 0
    endloop
  endfacet
  facet normal 0 0 -1
    outer loop
      vertex -1.59099 14.591 0
      vertex -20 20 0
      vertex -1.48353 14.6916 0
    endloop
  endfacet
  facet normal 0 0 -1
    outer loop
      vertex -1.69164 14.4835 0
      vertex -20 20 0
      vertex -1.59099 14.591 0
    endloop
  endfacet
  facet normal 0 0 -1
    outer loop
      vertex -1.78504 14.3697 0
      vertex -20 20 0
      vertex -1.69164 14.4835 0
    endloop
  endfacet
  facet normal 0 0 -1
    outer loop
      vertex -1.87081 14.25 0
      vertex -20 20 0
      vertex -1.78504 14.3697 0
    endloop
  endfacet
  facet normal 0 0 -1
    outer loop
      vertex -1.94856 14.125 0
      vertex -20 20 0
      vertex -1.87081 14.25 0
    endloop
  endfacet
  facet normal 0 0 -1
    outer loop
      vertex -2.01796 13.9951 0
      vertex -20 20 0
      vertex -1.94856 14.125 0
    endloop
  endfacet
  facet normal 0 0 -1
    outer loop
      vertex -2.07873 13.861 0
      vertex -20 20 0
      vertex -2.01796 13.9951 0
    endloop
  endfacet
  facet normal -1 0 0
    outer loop
      vertex -20 -20 0
      vertex -20 20 75
      vertex -20 20 0
    endloop
  endfacet
  facet normal -1 -0 0
    outer loop
      vertex -20 20 75
      vertex -20 -20 0
      vertex -20 -20 75
    endloop
  endfacet
  facet normal 0 1 -0
    outer loop
      vertex 20 20 0
      vertex -20 20 75
      vertex 20 20 75
    endloop
  endfacet
  facet normal 0 1 0
    outer loop
      vertex -20 20 75
      vertex 20 20 0
      vertex -20 20 0
    endloop
  endfacet
  facet normal 0 -1 0
    outer loop
      vertex -20 -20 0
      vertex 20 -20 75
      vertex -20 -20 75
    endloop
  endfacet
  facet normal 0 -1 -0
    outer loop
      vertex 20 -20 75
      vertex -20 -20 0
      vertex 20 -20 0
    endloop
  endfacet
  facet normal 0.14721 0.891571 0.428287
    outer loop
      vertex -3.00471 -5.05104 69
      vertex -3.55924 -7.84172 75
      vertex -2.67221 -5.10594 69
    endloop
  endfacet
  facet normal 0.143392 0.892218 0.428235
    outer loop
      vertex -3.55924 -7.84172 75
      vertex -3.00471 -5.05104 69
      vertex -3.5598 -7.84163 75
    endloop
  endfacet
  facet normal -0.147209 0.891571 0.428287
    outer loop
      vertex 3.04359 -7.92686 75
      vertex 3.55924 -7.84172 75
      vertex 2.67221 -5.10594 69
    endloop
  endfacet
  facet normal -0.698536 0.573252 0.428286
    outer loop
      vertex 8.01151 -5.27121 75
      vertex 8.34306 -4.8672 75
      vertex 6.08577 -3.13512 69
    endloop
  endfacet
  facet normal 0.734517 0.526361 0.428286
    outer loop
      vertex -8.34306 -4.8672 75
      vertex -6.08577 -3.13512 69
      vertex -8.64749 -4.44238 75
    endloop
  endfacet
  facet normal -0.310144 0.848816 0.42816
    outer loop
      vertex 3.97082 -4.75798 69
      vertex 5.05913 -7.38685 75
      vertex 5.05965 -7.38666 75
    endloop
  endfacet
  facet normal -0.318304 0.845727 0.428286
    outer loop
      vertex 5.05913 -7.38685 75
      vertex 3.97082 -4.75798 69
      vertex 3.65541 -4.87669 69
    endloop
  endfacet
  facet normal -0.659545 0.617715 0.428286
    outer loop
      vertex 5.6416 -3.6416 69
      vertex 7.65388 -5.65309 75
      vertex 5.87197 -3.39563 69
    endloop
  endfacet
  facet normal -0.662782 0.614285 0.428222
    outer loop
      vertex 7.65388 -5.65309 75
      vertex 5.6416 -3.6416 69
      vertex 7.6535 -5.6535 75
    endloop
  endfacet
  facet normal 0.614285 -0.662782 0.428222
    outer loop
      vertex -5.6416 3.6416 69
      vertex -7.65309 5.65388 75
      vertex -7.6535 5.6535 75
    endloop
  endfacet
  facet normal 0.617715 -0.659545 0.428286
    outer loop
      vertex -7.65309 5.65388 75
      vertex -5.6416 3.6416 69
      vertex -5.39563 3.87197 69
    endloop
  endfacet
  facet normal 0.734518 0.52636 0.428286
    outer loop
      vertex -8.64781 -4.44193 75
      vertex -6.08577 -3.13512 69
      vertex -6.28207 -2.86119 69
    endloop
  endfacet
  facet normal 0.736355 0.52363 0.428476
    outer loop
      vertex -6.08577 -3.13512 69
      vertex -8.64781 -4.44193 75
      vertex -8.64749 -4.44238 75
    endloop
  endfacet
  facet normal -0.0885599 0.899293 0.428287
    outer loop
      vertex 3.04359 -7.92686 75
      vertex 2.67221 -5.10594 69
      vertex 2.52347 -7.97808 75
    endloop
  endfacet
  facet normal 0.271433 -0.862198 0.427714
    outer loop
      vertex -3.65541 4.87669 69
      vertex -4.06932 7.72283 75
      vertex -4.06986 7.72266 75
    endloop
  endfacet
  facet normal 0.262323 -0.86473 0.428287
    outer loop
      vertex -4.06932 7.72283 75
      vertex -3.65541 4.87669 69
      vertex -3.33292 4.97452 69
    endloop
  endfacet
  facet normal -0.843379 -0.324377 0.428359
    outer loop
      vertex 6.75798 1.97082 69
      vertex 9.38685 3.05913 75
      vertex 9.38665 3.05965 75
    endloop
  endfacet
  facet normal -0.845727 -0.318304 0.428286
    outer loop
      vertex 9.38685 3.05913 75
      vertex 6.75798 1.97082 69
      vertex 6.87669 1.65541 69
    endloop
  endfacet
  facet normal -0.211544 0.878722 0.427898
    outer loop
      vertex 3.33292 -4.97452 69
      vertex 3.5598 -7.84163 75
      vertex 3.56034 -7.8415 75
    endloop
  endfacet
  facet normal -0.205176 0.880041 0.428288
    outer loop
      vertex 3.5598 -7.84163 75
      vertex 3.33292 -4.97452 69
      vertex 3.00471 -5.05104 69
    endloop
  endfacet
  facet normal 0.698536 0.573252 0.428286
    outer loop
      vertex -8.01151 -5.27121 75
      vertex -6.08577 -3.13512 69
      vertex -8.34306 -4.8672 75
    endloop
  endfacet
  facet normal 0.211544 -0.878722 0.427898
    outer loop
      vertex -3.33292 4.97452 69
      vertex -3.5598 7.84163 75
      vertex -3.56034 7.8415 75
    endloop
  endfacet
  facet normal 0.205176 -0.880041 0.428288
    outer loop
      vertex -3.5598 7.84163 75
      vertex -3.33292 4.97452 69
      vertex -3.00471 5.05104 69
    endloop
  endfacet
  facet normal -0.88004 0.205184 0.428287
    outer loop
      vertex 9.72283 -2.06932 75
      vertex 9.8415 -1.56034 75
      vertex 6.97452 -1.33292 69
    endloop
  endfacet
  facet normal -0.734518 0.52636 0.428286
    outer loop
      vertex 6.08577 -3.13512 69
      vertex 8.64781 -4.44193 75
      vertex 6.28207 -2.86119 69
    endloop
  endfacet
  facet normal -0.736355 0.52363 0.428476
    outer loop
      vertex 8.64781 -4.44193 75
      vertex 6.08577 -3.13512 69
      vertex 8.64749 -4.44238 75
    endloop
  endfacet
  facet normal -0.767372 0.477191 0.428286
    outer loop
      vertex 8.64781 -4.44193 75
      vertex 8.9238 -3.99811 75
      vertex 6.28207 -2.86119 69
    endloop
  endfacet
  facet normal -0.372932 0.823099 0.428287
    outer loop
      vertex 5.06016 -7.38642 75
      vertex 5.53621 -7.17073 75
      vertex 4.27779 -4.61889 69
    endloop
  endfacet
  facet normal -0.384929 0.817975 0.427488
    outer loop
      vertex 4.27779 -4.61889 69
      vertex 5.05965 -7.38666 75
      vertex 5.06016 -7.38642 75
    endloop
  endfacet
  facet normal -0.372948 0.823092 0.428287
    outer loop
      vertex 5.05965 -7.38666 75
      vertex 4.27779 -4.61889 69
      vertex 3.97082 -4.75798 69
    endloop
  endfacet
  facet normal 0.845727 0.318304 0.428286
    outer loop
      vertex -9.38685 -3.05913 75
      vertex -6.75798 -1.97082 69
      vertex -6.87669 -1.65541 69
    endloop
  endfacet
  facet normal 0.843379 0.324377 0.428359
    outer loop
      vertex -6.75798 -1.97082 69
      vertex -9.38685 -3.05913 75
      vertex -9.38665 -3.05965 75
    endloop
  endfacet
  facet normal -0.205184 0.88004 0.428287
    outer loop
      vertex 3.56034 -7.8415 75
      vertex 4.06932 -7.72283 75
      vertex 3.33292 -4.97452 69
    endloop
  endfacet
  facet normal 0.823092 0.372948 0.428286
    outer loop
      vertex -9.38665 -3.05965 75
      vertex -6.61889 -2.27779 69
      vertex -6.75798 -1.97082 69
    endloop
  endfacet
  facet normal 0.823709 0.371477 0.428379
    outer loop
      vertex -6.61889 -2.27779 69
      vertex -9.38665 -3.05965 75
      vertex -9.38642 -3.06016 75
    endloop
  endfacet
  facet normal 0 0.903554 0.428474
    outer loop
      vertex 2 -5.15 69
      vertex -2 -7.99526 75
      vertex 2 -7.99526 75
    endloop
  endfacet
  facet normal 0 0.903554 0.428474
    outer loop
      vertex -2 -7.99526 75
      vertex 2 -5.15 69
      vertex -2 -5.15 69
    endloop
  endfacet
  facet normal -0.0962914 0.89872 0.427821
    outer loop
      vertex 2.67221 -5.10594 69
      vertex 2.52291 -7.97814 75
      vertex 2.52347 -7.97808 75
    endloop
  endfacet
  facet normal -0.088567 0.899292 0.428287
    outer loop
      vertex 2.52291 -7.97814 75
      vertex 2.67221 -5.10594 69
      vertex 2.33683 -5.13897 69
    endloop
  endfacet
  facet normal -0.262309 0.864734 0.428287
    outer loop
      vertex 4.06986 -7.72266 75
      vertex 4.56999 -7.57095 75
      vertex 3.65541 -4.87669 69
    endloop
  endfacet
  facet normal 0.659534 0.617726 0.428287
    outer loop
      vertex -7.65388 -5.65309 75
      vertex -5.87197 -3.39563 69
      vertex -8.01115 -5.27164 75
    endloop
  endfacet
  facet normal -0.143392 0.892218 0.428235
    outer loop
      vertex 3.00471 -5.05104 69
      vertex 3.55924 -7.84172 75
      vertex 3.5598 -7.84163 75
    endloop
  endfacet
  facet normal -0.14721 0.891571 0.428287
    outer loop
      vertex 3.55924 -7.84172 75
      vertex 3.00471 -5.05104 69
      vertex 2.67221 -5.10594 69
    endloop
  endfacet
  facet normal 0.659545 0.617715 0.428286
    outer loop
      vertex -7.65388 -5.65309 75
      vertex -5.6416 -3.6416 69
      vertex -5.87197 -3.39563 69
    endloop
  endfacet
  facet normal 0.662782 0.614285 0.428222
    outer loop
      vertex -5.6416 -3.6416 69
      vertex -7.65388 -5.65309 75
      vertex -7.6535 -5.6535 75
    endloop
  endfacet
  facet normal 0.0295664 0.903159 0.428287
    outer loop
      vertex -2.00056 -7.99524 75
      vertex -2.33683 -5.13897 69
      vertex -2.52291 -7.97814 75
    endloop
  endfacet
  facet normal 0.891571 -0.147209 0.428287
    outer loop
      vertex -7.10594 0.67221 69
      vertex -9.84172 1.55924 75
      vertex -9.92686 1.04359 75
    endloop
  endfacet
  facet normal 0.032253 0.903084 0.428251
    outer loop
      vertex -2 -5.15 69
      vertex -2.00056 -7.99524 75
      vertex -2 -7.99526 75
    endloop
  endfacet
  facet normal 0.0295753 0.903159 0.428287
    outer loop
      vertex -2.00056 -7.99524 75
      vertex -2 -5.15 69
      vertex -2.33683 -5.13897 69
    endloop
  endfacet
  facet normal 0.477176 0.767381 0.428287
    outer loop
      vertex -4.86119 -4.28207 69
      vertex -5.99763 -6.9241 75
      vertex -4.575 -4.46003 69
    endloop
  endfacet
  facet normal 0.47896 0.766336 0.428166
    outer loop
      vertex -5.99763 -6.9241 75
      vertex -4.86119 -4.28207 69
      vertex -5.99811 -6.9238 75
    endloop
  endfacet
  facet normal 0.147209 0.891571 0.428287
    outer loop
      vertex -3.04359 -7.92686 75
      vertex -2.67221 -5.10594 69
      vertex -3.55924 -7.84172 75
    endloop
  endfacet
  facet normal -0.891571 0.147209 0.428287
    outer loop
      vertex 9.84172 -1.55924 75
      vertex 9.92686 -1.04359 75
      vertex 7.10594 -0.67221 69
    endloop
  endfacet
  facet normal -0.899293 -0.0885604 0.428287
    outer loop
      vertex 9.97808 0.523473 75
      vertex 9.92686 1.04359 75
      vertex 7.10594 0.67221 69
    endloop
  endfacet
  facet normal -0.0295753 0.903159 0.428287
    outer loop
      vertex 2 -5.15 69
      vertex 2.00056 -7.99524 75
      vertex 2.33683 -5.13897 69
    endloop
  endfacet
  facet normal -0.032253 0.903084 0.428251
    outer loop
      vertex 2.00056 -7.99524 75
      vertex 2 -5.15 69
      vertex 2 -7.99526 75
    endloop
  endfacet
  facet normal -0.526361 0.734517 0.428286
    outer loop
      vertex 6.44238 -6.64749 75
      vertex 6.8672 -6.34306 75
      vertex 5.13512 -4.08577 69
    endloop
  endfacet
  facet normal -0.416931 0.801791 0.428135
    outer loop
      vertex 4.575 -4.46003 69
      vertex 5.99713 -6.92436 75
      vertex 5.99763 -6.9241 75
    endloop
  endfacet
  facet normal -0.42597 0.796944 0.428286
    outer loop
      vertex 5.99713 -6.92436 75
      vertex 4.575 -4.46003 69
      vertex 4.27779 -4.61889 69
    endloop
  endfacet
  facet normal -0.614285 0.662782 0.428222
    outer loop
      vertex 5.6416 -3.6416 69
      vertex 7.65309 -5.65388 75
      vertex 7.6535 -5.6535 75
    endloop
  endfacet
  facet normal -0.617715 0.659545 0.428286
    outer loop
      vertex 7.65309 -5.65388 75
      vertex 5.6416 -3.6416 69
      vertex 5.39563 -3.87197 69
    endloop
  endfacet
  facet normal -0.52363 0.736355 0.428476
    outer loop
      vertex 5.13512 -4.08577 69
      vertex 6.44193 -6.64781 75
      vertex 6.44238 -6.64749 75
    endloop
  endfacet
  facet normal -0.52636 0.734518 0.428286
    outer loop
      vertex 6.44193 -6.64781 75
      vertex 5.13512 -4.08577 69
      vertex 4.86119 -4.28207 69
    endloop
  endfacet
  facet normal 0.205176 0.880041 0.428288
    outer loop
      vertex -3.33292 -4.97452 69
      vertex -3.5598 -7.84163 75
      vertex -3.00471 -5.05104 69
    endloop
  endfacet
  facet normal 0.211544 0.878722 0.427898
    outer loop
      vertex -3.5598 -7.84163 75
      vertex -3.33292 -4.97452 69
      vertex -3.56034 -7.8415 75
    endloop
  endfacet
  facet normal 0.42597 0.796944 0.428286
    outer loop
      vertex -4.575 -4.46003 69
      vertex -5.99713 -6.92436 75
      vertex -4.27779 -4.61889 69
    endloop
  endfacet
  facet normal 0.416931 0.801791 0.428135
    outer loop
      vertex -5.99713 -6.92436 75
      vertex -4.575 -4.46003 69
      vertex -5.99763 -6.9241 75
    endloop
  endfacet
  facet normal -0.698518 0.573273 0.428288
    outer loop
      vertex 5.87197 -3.39563 69
      vertex 8.01151 -5.27121 75
      vertex 6.08577 -3.13512 69
    endloop
  endfacet
  facet normal -0.69284 0.580052 0.428382
    outer loop
      vertex 8.01151 -5.27121 75
      vertex 5.87197 -3.39563 69
      vertex 8.01115 -5.27164 75
    endloop
  endfacet
  facet normal -0.659534 -0.617726 0.428287
    outer loop
      vertex 8.01115 5.27164 75
      vertex 7.65388 5.65309 75
      vertex 5.87197 3.39563 69
    endloop
  endfacet
  facet normal -0.823099 0.372932 0.428287
    outer loop
      vertex 9.17073 -3.53621 75
      vertex 9.38642 -3.06016 75
      vertex 6.61889 -2.27779 69
    endloop
  endfacet
  facet normal 0.425978 0.79694 0.428287
    outer loop
      vertex -5.53621 -7.17073 75
      vertex -4.27779 -4.61889 69
      vertex -5.99713 -6.92436 75
    endloop
  endfacet
  facet normal 0.79694 0.425978 0.428287
    outer loop
      vertex -8.92436 -3.99713 75
      vertex -6.61889 -2.27779 69
      vertex -9.17073 -3.53621 75
    endloop
  endfacet
  facet normal 0.372932 -0.823099 0.428287
    outer loop
      vertex -4.27779 4.61889 69
      vertex -5.06016 7.38642 75
      vertex -5.53621 7.17073 75
    endloop
  endfacet
  facet normal 0.734517 -0.526361 0.428286
    outer loop
      vertex -6.08577 3.13512 69
      vertex -8.34306 4.8672 75
      vertex -8.64749 4.44238 75
    endloop
  endfacet
  facet normal -0.42597 -0.796944 0.428286
    outer loop
      vertex 4.575 4.46003 69
      vertex 5.99713 6.92436 75
      vertex 4.27779 4.61889 69
    endloop
  endfacet
  facet normal -0.416931 -0.801791 0.428135
    outer loop
      vertex 5.99713 6.92436 75
      vertex 4.575 4.46003 69
      vertex 5.99763 6.9241 75
    endloop
  endfacet
  facet normal 0.205184 0.88004 0.428287
    outer loop
      vertex -3.56034 -7.8415 75
      vertex -3.33292 -4.97452 69
      vertex -4.06932 -7.72283 75
    endloop
  endfacet
  facet normal 0.262309 -0.864734 0.428287
    outer loop
      vertex -3.65541 4.87669 69
      vertex -4.06986 7.72266 75
      vertex -4.56999 7.57095 75
    endloop
  endfacet
  facet normal 0.477191 -0.767372 0.428286
    outer loop
      vertex -4.86119 4.28207 69
      vertex -5.99811 6.9238 75
      vertex -6.44193 6.64781 75
    endloop
  endfacet
  facet normal 0.384929 -0.817975 0.427488
    outer loop
      vertex -4.27779 4.61889 69
      vertex -5.05965 7.38666 75
      vertex -5.06016 7.38642 75
    endloop
  endfacet
  facet normal 0.372948 -0.823092 0.428287
    outer loop
      vertex -5.05965 7.38666 75
      vertex -4.27779 4.61889 69
      vertex -3.97082 4.75798 69
    endloop
  endfacet
  facet normal -0.580052 0.69284 0.428382
    outer loop
      vertex 5.39563 -3.87197 69
      vertex 7.27121 -6.01151 75
      vertex 7.27164 -6.01115 75
    endloop
  endfacet
  facet normal -0.573273 0.698518 0.428288
    outer loop
      vertex 7.27121 -6.01151 75
      vertex 5.39563 -3.87197 69
      vertex 5.13512 -4.08577 69
    endloop
  endfacet
  facet normal 0.698518 0.573273 0.428288
    outer loop
      vertex -8.01151 -5.27121 75
      vertex -5.87197 -3.39563 69
      vertex -6.08577 -3.13512 69
    endloop
  endfacet
  facet normal 0.69284 0.580052 0.428382
    outer loop
      vertex -5.87197 -3.39563 69
      vertex -8.01151 -5.27121 75
      vertex -8.01115 -5.27164 75
    endloop
  endfacet
  facet normal -0.0885599 -0.899293 0.428287
    outer loop
      vertex 2.67221 5.10594 69
      vertex 3.04359 7.92686 75
      vertex 2.52347 7.97808 75
    endloop
  endfacet
  facet normal 0.801791 -0.416931 0.428135
    outer loop
      vertex -8.92436 3.99713 75
      vertex -6.46003 2.575 69
      vertex -8.9241 3.99763 75
    endloop
  endfacet
  facet normal 0.796944 -0.42597 0.428286
    outer loop
      vertex -6.46003 2.575 69
      vertex -8.92436 3.99713 75
      vertex -6.61889 2.27779 69
    endloop
  endfacet
  facet normal 0 -0.903554 0.428474
    outer loop
      vertex -2 5.15 69
      vertex 2 7.99526 75
      vertex -2 7.99526 75
    endloop
  endfacet
  facet normal 0 -0.903554 0.428474
    outer loop
      vertex 2 7.99526 75
      vertex -2 5.15 69
      vertex 2 5.15 69
    endloop
  endfacet
  facet normal 0.823099 0.372932 0.428287
    outer loop
      vertex -9.17073 -3.53621 75
      vertex -6.61889 -2.27779 69
      vertex -9.38642 -3.06016 75
    endloop
  endfacet
  facet normal -0.891571 -0.147209 0.428287
    outer loop
      vertex 9.92686 1.04359 75
      vertex 9.84172 1.55924 75
      vertex 7.10594 0.67221 69
    endloop
  endfacet
  facet normal -0.767372 -0.477191 0.428286
    outer loop
      vertex 8.9238 3.99811 75
      vertex 8.64781 4.44193 75
      vertex 6.28207 2.86119 69
    endloop
  endfacet
  facet normal -0.864734 0.262309 0.428287
    outer loop
      vertex 9.57095 -2.56999 75
      vertex 9.72266 -2.06986 75
      vertex 6.87669 -1.65541 69
    endloop
  endfacet
  facet normal -0.0295664 0.903159 0.428287
    outer loop
      vertex 2.52291 -7.97814 75
      vertex 2.33683 -5.13897 69
      vertex 2.00056 -7.99524 75
    endloop
  endfacet
  facet normal 0.147209 -0.891571 0.428287
    outer loop
      vertex -2.67221 5.10594 69
      vertex -3.04359 7.92686 75
      vertex -3.55924 7.84172 75
    endloop
  endfacet
  facet normal -0.862198 -0.271433 0.427714
    outer loop
      vertex 6.87669 1.65541 69
      vertex 9.72283 2.06932 75
      vertex 9.72266 2.06986 75
    endloop
  endfacet
  facet normal -0.86473 -0.262323 0.428287
    outer loop
      vertex 9.72283 2.06932 75
      vertex 6.87669 1.65541 69
      vertex 6.97452 1.33292 69
    endloop
  endfacet
  facet normal 0.88004 -0.205184 0.428287
    outer loop
      vertex -6.97452 1.33292 69
      vertex -9.72283 2.06932 75
      vertex -9.8415 1.56034 75
    endloop
  endfacet
  facet normal -0.372932 -0.823099 0.428287
    outer loop
      vertex 5.53621 7.17073 75
      vertex 5.06016 7.38642 75
      vertex 4.27779 4.61889 69
    endloop
  endfacet
  facet normal 0.698536 -0.573252 0.428286
    outer loop
      vertex -6.08577 3.13512 69
      vertex -8.01151 5.27121 75
      vertex -8.34306 4.8672 75
    endloop
  endfacet
  facet normal -0.477191 -0.767372 0.428286
    outer loop
      vertex 6.44193 6.64781 75
      vertex 5.99811 6.9238 75
      vertex 4.86119 4.28207 69
    endloop
  endfacet
  facet normal 0.86473 0.262323 0.428287
    outer loop
      vertex -9.72283 -2.06932 75
      vertex -6.87669 -1.65541 69
      vertex -6.97452 -1.33292 69
    endloop
  endfacet
  facet normal 0.862198 0.271433 0.427714
    outer loop
      vertex -6.87669 -1.65541 69
      vertex -9.72283 -2.06932 75
      vertex -9.72266 -2.06986 75
    endloop
  endfacet
  facet normal 0.617715 0.659545 0.428286
    outer loop
      vertex -5.6416 -3.6416 69
      vertex -7.65309 -5.65388 75
      vertex -5.39563 -3.87197 69
    endloop
  endfacet
  facet normal 0.614285 0.662782 0.428222
    outer loop
      vertex -7.65309 -5.65388 75
      vertex -5.6416 -3.6416 69
      vertex -7.6535 -5.6535 75
    endloop
  endfacet
  facet normal 0.573273 0.698518 0.428288
    outer loop
      vertex -5.39563 -3.87197 69
      vertex -7.27121 -6.01151 75
      vertex -5.13512 -4.08577 69
    endloop
  endfacet
  facet normal 0.580052 0.69284 0.428382
    outer loop
      vertex -7.27121 -6.01151 75
      vertex -5.39563 -3.87197 69
      vertex -7.27164 -6.01115 75
    endloop
  endfacet
  facet normal 0.864734 0.262309 0.428287
    outer loop
      vertex -9.57095 -2.56999 75
      vertex -6.87669 -1.65541 69
      vertex -9.72266 -2.06986 75
    endloop
  endfacet
  facet normal -0.69284 -0.580052 0.428382
    outer loop
      vertex 5.87197 3.39563 69
      vertex 8.01151 5.27121 75
      vertex 8.01115 5.27164 75
    endloop
  endfacet
  facet normal -0.698518 -0.573273 0.428288
    outer loop
      vertex 8.01151 5.27121 75
      vertex 5.87197 3.39563 69
      vertex 6.08577 3.13512 69
    endloop
  endfacet
  facet normal 0.767372 0.477191 0.428286
    outer loop
      vertex -8.64781 -4.44193 75
      vertex -6.28207 -2.86119 69
      vertex -8.9238 -3.99811 75
    endloop
  endfacet
  facet normal 0.864734 -0.262309 0.428287
    outer loop
      vertex -6.87669 1.65541 69
      vertex -9.57095 2.56999 75
      vertex -9.72266 2.06986 75
    endloop
  endfacet
  facet normal -0.734517 0.526361 0.428286
    outer loop
      vertex 8.34306 -4.8672 75
      vertex 8.64749 -4.44238 75
      vertex 6.08577 -3.13512 69
    endloop
  endfacet
  facet normal -0.903159 -0.0295662 0.428287
    outer loop
      vertex 9.99524 0.000560401 75
      vertex 9.97814 0.522915 75
      vertex 7.13897 0.336825 69
    endloop
  endfacet
  facet normal 0.0962914 -0.89872 0.427821
    outer loop
      vertex -2.67221 5.10594 69
      vertex -2.52291 7.97814 75
      vertex -2.52347 7.97808 75
    endloop
  endfacet
  facet normal 0.088567 -0.899292 0.428287
    outer loop
      vertex -2.52291 7.97814 75
      vertex -2.67221 5.10594 69
      vertex -2.33683 5.13897 69
    endloop
  endfacet
  facet normal -0.845724 0.318309 0.428287
    outer loop
      vertex 9.38685 -3.05913 75
      vertex 9.57095 -2.56999 75
      vertex 6.87669 -1.65541 69
    endloop
  endfacet
  facet normal -0.86473 0.262323 0.428287
    outer loop
      vertex 6.87669 -1.65541 69
      vertex 9.72283 -2.06932 75
      vertex 6.97452 -1.33292 69
    endloop
  endfacet
  facet normal -0.862198 0.271433 0.427714
    outer loop
      vertex 9.72283 -2.06932 75
      vertex 6.87669 -1.65541 69
      vertex 9.72266 -2.06986 75
    endloop
  endfacet
  facet normal 0.903085 -0.0322299 0.428252
    outer loop
      vertex -7.15 0 69
      vertex -9.99524 0.000560401 75
      vertex -9.99526 0 75
    endloop
  endfacet
  facet normal 0.903159 -0.0295757 0.428287
    outer loop
      vertex -9.99524 0.000560401 75
      vertex -7.15 0 69
      vertex -7.13897 0.336825 69
    endloop
  endfacet
  facet normal 0.372932 0.823099 0.428287
    outer loop
      vertex -5.06016 -7.38642 75
      vertex -4.27779 -4.61889 69
      vertex -5.53621 -7.17073 75
    endloop
  endfacet
  facet normal 0.526361 0.734517 0.428286
    outer loop
      vertex -6.44238 -6.64749 75
      vertex -5.13512 -4.08577 69
      vertex -6.8672 -6.34306 75
    endloop
  endfacet
  facet normal 0.617726 -0.659534 0.428287
    outer loop
      vertex -5.39563 3.87197 69
      vertex -7.27164 6.01115 75
      vertex -7.65309 5.65388 75
    endloop
  endfacet
  facet normal 0.526361 -0.734517 0.428286
    outer loop
      vertex -5.13512 4.08577 69
      vertex -6.44238 6.64749 75
      vertex -6.8672 6.34306 75
    endloop
  endfacet
  facet normal -0.318309 0.845724 0.428287
    outer loop
      vertex 4.56999 -7.57095 75
      vertex 5.05913 -7.38685 75
      vertex 3.65541 -4.87669 69
    endloop
  endfacet
  facet normal -0.425978 0.79694 0.428287
    outer loop
      vertex 5.53621 -7.17073 75
      vertex 5.99713 -6.92436 75
      vertex 4.27779 -4.61889 69
    endloop
  endfacet
  facet normal -0.271433 0.862198 0.427714
    outer loop
      vertex 3.65541 -4.87669 69
      vertex 4.06932 -7.72283 75
      vertex 4.06986 -7.72266 75
    endloop
  endfacet
  facet normal -0.262323 0.86473 0.428287
    outer loop
      vertex 4.06932 -7.72283 75
      vertex 3.65541 -4.87669 69
      vertex 3.33292 -4.97452 69
    endloop
  endfacet
  facet normal 0.823709 -0.371477 0.428379
    outer loop
      vertex -9.38665 3.05965 75
      vertex -6.61889 2.27779 69
      vertex -9.38642 3.06016 75
    endloop
  endfacet
  facet normal 0.823092 -0.372948 0.428286
    outer loop
      vertex -6.61889 2.27779 69
      vertex -9.38665 3.05965 75
      vertex -6.75798 1.97082 69
    endloop
  endfacet
  facet normal 0.878722 -0.211544 0.427898
    outer loop
      vertex -9.84163 1.5598 75
      vertex -6.97452 1.33292 69
      vertex -9.8415 1.56034 75
    endloop
  endfacet
  facet normal 0.880041 -0.205176 0.428288
    outer loop
      vertex -6.97452 1.33292 69
      vertex -9.84163 1.5598 75
      vertex -7.05104 1.00471 69
    endloop
  endfacet
  facet normal -0.736355 -0.52363 0.428476
    outer loop
      vertex 6.08577 3.13512 69
      vertex 8.64781 4.44193 75
      vertex 8.64749 4.44238 75
    endloop
  endfacet
  facet normal -0.734518 -0.52636 0.428286
    outer loop
      vertex 8.64781 4.44193 75
      vertex 6.08577 3.13512 69
      vertex 6.28207 2.86119 69
    endloop
  endfacet
  facet normal -0.318309 -0.845724 0.428287
    outer loop
      vertex 5.05913 7.38685 75
      vertex 4.56999 7.57095 75
      vertex 3.65541 4.87669 69
    endloop
  endfacet
  facet normal -0.659534 0.617726 0.428287
    outer loop
      vertex 7.65388 -5.65309 75
      vertex 8.01115 -5.27164 75
      vertex 5.87197 -3.39563 69
    endloop
  endfacet
  facet normal -0.205184 -0.88004 0.428287
    outer loop
      vertex 4.06932 7.72283 75
      vertex 3.56034 7.8415 75
      vertex 3.33292 4.97452 69
    endloop
  endfacet
  facet normal 0.52363 -0.736355 0.428476
    outer loop
      vertex -5.13512 4.08577 69
      vertex -6.44193 6.64781 75
      vertex -6.44238 6.64749 75
    endloop
  endfacet
  facet normal 0.52636 -0.734518 0.428286
    outer loop
      vertex -6.44193 6.64781 75
      vertex -5.13512 4.08577 69
      vertex -4.86119 4.28207 69
    endloop
  endfacet
  facet normal -0.617715 -0.659545 0.428286
    outer loop
      vertex 5.6416 3.6416 69
      vertex 7.65309 5.65388 75
      vertex 5.39563 3.87197 69
    endloop
  endfacet
  facet normal -0.614285 -0.662782 0.428222
    outer loop
      vertex 7.65309 5.65388 75
      vertex 5.6416 3.6416 69
      vertex 7.6535 5.6535 75
    endloop
  endfacet
  facet normal -0.573273 -0.698518 0.428288
    outer loop
      vertex 5.39563 3.87197 69
      vertex 7.27121 6.01151 75
      vertex 5.13512 4.08577 69
    endloop
  endfacet
  facet normal -0.580052 -0.69284 0.428382
    outer loop
      vertex 7.27121 6.01151 75
      vertex 5.39563 3.87197 69
      vertex 7.27164 6.01115 75
    endloop
  endfacet
  facet normal 0.892218 -0.143392 0.428235
    outer loop
      vertex -9.84172 1.55924 75
      vertex -7.05104 1.00471 69
      vertex -9.84163 1.5598 75
    endloop
  endfacet
  facet normal 0.891571 -0.14721 0.428287
    outer loop
      vertex -7.05104 1.00471 69
      vertex -9.84172 1.55924 75
      vertex -7.10594 0.67221 69
    endloop
  endfacet
  facet normal -0.147209 -0.891571 0.428287
    outer loop
      vertex 3.55924 7.84172 75
      vertex 3.04359 7.92686 75
      vertex 2.67221 5.10594 69
    endloop
  endfacet
  facet normal -0.845724 -0.318309 0.428287
    outer loop
      vertex 9.57095 2.56999 75
      vertex 9.38685 3.05913 75
      vertex 6.87669 1.65541 69
    endloop
  endfacet
  facet normal 0.372948 0.823092 0.428287
    outer loop
      vertex -4.27779 -4.61889 69
      vertex -5.05965 -7.38666 75
      vertex -3.97082 -4.75798 69
    endloop
  endfacet
  facet normal 0.384929 0.817975 0.427488
    outer loop
      vertex -5.05965 -7.38666 75
      vertex -4.27779 -4.61889 69
      vertex -5.06016 -7.38642 75
    endloop
  endfacet
  facet normal 0.736355 -0.52363 0.428476
    outer loop
      vertex -8.64781 4.44193 75
      vertex -6.08577 3.13512 69
      vertex -8.64749 4.44238 75
    endloop
  endfacet
  facet normal 0.734518 -0.52636 0.428286
    outer loop
      vertex -6.08577 3.13512 69
      vertex -8.64781 4.44193 75
      vertex -6.28207 2.86119 69
    endloop
  endfacet
  facet normal 0.88004 0.205184 0.428287
    outer loop
      vertex -9.72283 -2.06932 75
      vertex -6.97452 -1.33292 69
      vertex -9.8415 -1.56034 75
    endloop
  endfacet
  facet normal 0.796944 0.42597 0.428286
    outer loop
      vertex -8.92436 -3.99713 75
      vertex -6.46003 -2.575 69
      vertex -6.61889 -2.27779 69
    endloop
  endfacet
  facet normal 0.801791 0.416931 0.428135
    outer loop
      vertex -6.46003 -2.575 69
      vertex -8.92436 -3.99713 75
      vertex -8.9241 -3.99763 75
    endloop
  endfacet
  facet normal 0.0885599 0.899293 0.428287
    outer loop
      vertex -2.52347 -7.97808 75
      vertex -2.67221 -5.10594 69
      vertex -3.04359 -7.92686 75
    endloop
  endfacet
  facet normal 0.573252 0.698536 0.428286
    outer loop
      vertex -6.8672 -6.34306 75
      vertex -5.13512 -4.08577 69
      vertex -7.27121 -6.01151 75
    endloop
  endfacet
  facet normal 0.143392 -0.892218 0.428235
    outer loop
      vertex -3.00471 5.05104 69
      vertex -3.55924 7.84172 75
      vertex -3.5598 7.84163 75
    endloop
  endfacet
  facet normal 0.14721 -0.891571 0.428287
    outer loop
      vertex -3.55924 7.84172 75
      vertex -3.00471 5.05104 69
      vertex -2.67221 5.10594 69
    endloop
  endfacet
  facet normal -0.526361 -0.734517 0.428286
    outer loop
      vertex 6.8672 6.34306 75
      vertex 6.44238 6.64749 75
      vertex 5.13512 4.08577 69
    endloop
  endfacet
  facet normal 0.318309 0.845724 0.428287
    outer loop
      vertex -4.56999 -7.57095 75
      vertex -3.65541 -4.87669 69
      vertex -5.05913 -7.38685 75
    endloop
  endfacet
  facet normal 0.767381 0.477176 0.428287
    outer loop
      vertex -8.9241 -3.99763 75
      vertex -6.28207 -2.86119 69
      vertex -6.46003 -2.575 69
    endloop
  endfacet
  facet normal 0.766336 0.47896 0.428166
    outer loop
      vertex -6.28207 -2.86119 69
      vertex -8.9241 -3.99763 75
      vertex -8.9238 -3.99811 75
    endloop
  endfacet
  facet normal 0.898518 0.0966149 0.428171
    outer loop
      vertex -9.97808 -0.523473 75
      vertex -7.13897 -0.336825 69
      vertex -9.97814 -0.522915 75
    endloop
  endfacet
  facet normal 0.899292 0.0885657 0.428287
    outer loop
      vertex -7.13897 -0.336825 69
      vertex -9.97808 -0.523473 75
      vertex -7.10594 -0.67221 69
    endloop
  endfacet
  facet normal 0.899293 -0.0885604 0.428287
    outer loop
      vertex -7.10594 0.67221 69
      vertex -9.92686 1.04359 75
      vertex -9.97808 0.523473 75
    endloop
  endfacet
  facet normal -0.898693 -0.0966337 0.4278
    outer loop
      vertex 7.10594 0.67221 69
      vertex 9.97814 0.522915 75
      vertex 9.97808 0.523473 75
    endloop
  endfacet
  facet normal -0.899292 -0.0885657 0.428287
    outer loop
      vertex 9.97814 0.522915 75
      vertex 7.10594 0.67221 69
      vertex 7.13897 0.336825 69
    endloop
  endfacet
  facet normal -0.573252 -0.698536 0.428286
    outer loop
      vertex 7.27121 6.01151 75
      vertex 6.8672 6.34306 75
      vertex 5.13512 4.08577 69
    endloop
  endfacet
  facet normal -0.845727 0.318304 0.428286
    outer loop
      vertex 6.75798 -1.97082 69
      vertex 9.38685 -3.05913 75
      vertex 6.87669 -1.65541 69
    endloop
  endfacet
  facet normal -0.843379 0.324377 0.428359
    outer loop
      vertex 9.38685 -3.05913 75
      vertex 6.75798 -1.97082 69
      vertex 9.38665 -3.05965 75
    endloop
  endfacet
  facet normal 0.47896 -0.766336 0.428166
    outer loop
      vertex -4.86119 4.28207 69
      vertex -5.99763 6.9241 75
      vertex -5.99811 6.9238 75
    endloop
  endfacet
  facet normal 0.477176 -0.767381 0.428287
    outer loop
      vertex -5.99763 6.9241 75
      vertex -4.86119 4.28207 69
      vertex -4.575 4.46003 69
    endloop
  endfacet
  facet normal 0.0295753 -0.903159 0.428287
    outer loop
      vertex -2 5.15 69
      vertex -2.00056 7.99524 75
      vertex -2.33683 5.13897 69
    endloop
  endfacet
  facet normal 0.032253 -0.903084 0.428251
    outer loop
      vertex -2.00056 7.99524 75
      vertex -2 5.15 69
      vertex -2 7.99526 75
    endloop
  endfacet
  facet normal 0.903085 0.0322299 0.428252
    outer loop
      vertex -9.99524 -0.000560401 75
      vertex -7.15 0 69
      vertex -9.99526 0 75
    endloop
  endfacet
  facet normal 0.903159 0.0295757 0.428287
    outer loop
      vertex -7.15 0 69
      vertex -9.99524 -0.000560401 75
      vertex -7.13897 -0.336825 69
    endloop
  endfacet
  facet normal 0.903159 0.0295662 0.428287
    outer loop
      vertex -9.97814 -0.522915 75
      vertex -7.13897 -0.336825 69
      vertex -9.99524 -0.000560401 75
    endloop
  endfacet
  facet normal 0.891571 0.14721 0.428287
    outer loop
      vertex -9.84172 -1.55924 75
      vertex -7.05104 -1.00471 69
      vertex -7.10594 -0.67221 69
    endloop
  endfacet
  facet normal 0.892218 0.143392 0.428235
    outer loop
      vertex -7.05104 -1.00471 69
      vertex -9.84172 -1.55924 75
      vertex -9.84163 -1.5598 75
    endloop
  endfacet
  facet normal 0.891571 0.147209 0.428287
    outer loop
      vertex -9.84172 -1.55924 75
      vertex -7.10594 -0.67221 69
      vertex -9.92686 -1.04359 75
    endloop
  endfacet
  facet normal -0.477176 -0.767381 0.428287
    outer loop
      vertex 4.86119 4.28207 69
      vertex 5.99763 6.9241 75
      vertex 4.575 4.46003 69
    endloop
  endfacet
  facet normal -0.47896 -0.766336 0.428166
    outer loop
      vertex 5.99763 6.9241 75
      vertex 4.86119 4.28207 69
      vertex 5.99811 6.9238 75
    endloop
  endfacet
  facet normal -0.823709 -0.371477 0.428379
    outer loop
      vertex 6.61889 2.27779 69
      vertex 9.38665 3.05965 75
      vertex 9.38642 3.06016 75
    endloop
  endfacet
  facet normal -0.823092 -0.372948 0.428286
    outer loop
      vertex 9.38665 3.05965 75
      vertex 6.61889 2.27779 69
      vertex 6.75798 1.97082 69
    endloop
  endfacet
  facet normal 0.79694 -0.425978 0.428287
    outer loop
      vertex -6.61889 2.27779 69
      vertex -8.92436 3.99713 75
      vertex -9.17073 3.53621 75
    endloop
  endfacet
  facet normal -0.796944 0.42597 0.428286
    outer loop
      vertex 6.46003 -2.575 69
      vertex 8.92436 -3.99713 75
      vertex 6.61889 -2.27779 69
    endloop
  endfacet
  facet normal -0.801791 0.416931 0.428135
    outer loop
      vertex 8.92436 -3.99713 75
      vertex 6.46003 -2.575 69
      vertex 8.9241 -3.99763 75
    endloop
  endfacet
  facet normal -0.79694 0.425978 0.428287
    outer loop
      vertex 8.92436 -3.99713 75
      vertex 9.17073 -3.53621 75
      vertex 6.61889 -2.27779 69
    endloop
  endfacet
  facet normal 0.899293 0.0885604 0.428287
    outer loop
      vertex -9.92686 -1.04359 75
      vertex -7.10594 -0.67221 69
      vertex -9.97808 -0.523473 75
    endloop
  endfacet
  facet normal -0.372948 -0.823092 0.428287
    outer loop
      vertex 4.27779 4.61889 69
      vertex 5.05965 7.38666 75
      vertex 3.97082 4.75798 69
    endloop
  endfacet
  facet normal -0.384929 -0.817975 0.427488
    outer loop
      vertex 5.05965 7.38666 75
      vertex 4.27779 4.61889 69
      vertex 5.06016 7.38642 75
    endloop
  endfacet
  facet normal -0.617726 -0.659534 0.428287
    outer loop
      vertex 7.65309 5.65388 75
      vertex 7.27164 6.01115 75
      vertex 5.39563 3.87197 69
    endloop
  endfacet
  facet normal -0.617726 0.659534 0.428287
    outer loop
      vertex 7.27164 -6.01115 75
      vertex 7.65309 -5.65388 75
      vertex 5.39563 -3.87197 69
    endloop
  endfacet
  facet normal -0.573252 0.698536 0.428286
    outer loop
      vertex 6.8672 -6.34306 75
      vertex 7.27121 -6.01151 75
      vertex 5.13512 -4.08577 69
    endloop
  endfacet
  facet normal -0.698536 -0.573252 0.428286
    outer loop
      vertex 8.34306 4.8672 75
      vertex 8.01151 5.27121 75
      vertex 6.08577 3.13512 69
    endloop
  endfacet
  facet normal 0.0962735 0.898552 0.428176
    outer loop
      vertex -2.33683 -5.13897 69
      vertex -2.52347 -7.97808 75
      vertex -2.52291 -7.97814 75
    endloop
  endfacet
  facet normal 0.0885671 0.899292 0.428287
    outer loop
      vertex -2.52347 -7.97808 75
      vertex -2.33683 -5.13897 69
      vertex -2.67221 -5.10594 69
    endloop
  endfacet
  facet normal -0.766336 -0.47896 0.428166
    outer loop
      vertex 6.28207 2.86119 69
      vertex 8.9241 3.99763 75
      vertex 8.9238 3.99811 75
    endloop
  endfacet
  facet normal -0.767381 -0.477176 0.428287
    outer loop
      vertex 8.9241 3.99763 75
      vertex 6.28207 2.86119 69
      vertex 6.46003 2.575 69
    endloop
  endfacet
  facet normal -0.0962735 -0.898552 0.428176
    outer loop
      vertex 2.33683 5.13897 69
      vertex 2.52347 7.97808 75
      vertex 2.52291 7.97814 75
    endloop
  endfacet
  facet normal -0.0885671 -0.899292 0.428287
    outer loop
      vertex 2.52347 7.97808 75
      vertex 2.33683 5.13897 69
      vertex 2.67221 5.10594 69
    endloop
  endfacet
  facet normal 0.52636 0.734518 0.428286
    outer loop
      vertex -5.13512 -4.08577 69
      vertex -6.44193 -6.64781 75
      vertex -4.86119 -4.28207 69
    endloop
  endfacet
  facet normal 0.52363 0.736355 0.428476
    outer loop
      vertex -6.44193 -6.64781 75
      vertex -5.13512 -4.08577 69
      vertex -6.44238 -6.64749 75
    endloop
  endfacet
  facet normal 0.662782 -0.614285 0.428222
    outer loop
      vertex -7.65388 5.65309 75
      vertex -5.6416 3.6416 69
      vertex -7.6535 5.6535 75
    endloop
  endfacet
  facet normal 0.659545 -0.617715 0.428286
    outer loop
      vertex -5.6416 3.6416 69
      vertex -7.65388 5.65309 75
      vertex -5.87197 3.39563 69
    endloop
  endfacet
  facet normal 0.0885599 -0.899293 0.428287
    outer loop
      vertex -2.67221 5.10594 69
      vertex -2.52347 7.97808 75
      vertex -3.04359 7.92686 75
    endloop
  endfacet
  facet normal -0.903085 0.0322299 0.428252
    outer loop
      vertex 7.15 0 69
      vertex 9.99524 -0.000560401 75
      vertex 9.99526 0 75
    endloop
  endfacet
  facet normal -0.903159 0.0295757 0.428287
    outer loop
      vertex 9.99524 -0.000560401 75
      vertex 7.15 0 69
      vertex 7.13897 -0.336825 69
    endloop
  endfacet
  facet normal 0.416931 -0.801791 0.428135
    outer loop
      vertex -4.575 4.46003 69
      vertex -5.99713 6.92436 75
      vertex -5.99763 6.9241 75
    endloop
  endfacet
  facet normal 0.42597 -0.796944 0.428286
    outer loop
      vertex -5.99713 6.92436 75
      vertex -4.575 4.46003 69
      vertex -4.27779 4.61889 69
    endloop
  endfacet
  facet normal 0.659534 -0.617726 0.428287
    outer loop
      vertex -5.87197 3.39563 69
      vertex -7.65388 5.65309 75
      vertex -8.01115 5.27164 75
    endloop
  endfacet
  facet normal -0.823092 0.372948 0.428286
    outer loop
      vertex 6.61889 -2.27779 69
      vertex 9.38665 -3.05965 75
      vertex 6.75798 -1.97082 69
    endloop
  endfacet
  facet normal -0.823709 0.371477 0.428379
    outer loop
      vertex 9.38665 -3.05965 75
      vertex 6.61889 -2.27779 69
      vertex 9.38642 -3.06016 75
    endloop
  endfacet
  facet normal -0.205176 -0.880041 0.428288
    outer loop
      vertex 3.33292 4.97452 69
      vertex 3.5598 7.84163 75
      vertex 3.00471 5.05104 69
    endloop
  endfacet
  facet normal -0.211544 -0.878722 0.427898
    outer loop
      vertex 3.5598 7.84163 75
      vertex 3.33292 4.97452 69
      vertex 3.56034 7.8415 75
    endloop
  endfacet
  facet normal -0.734517 -0.526361 0.428286
    outer loop
      vertex 8.64749 4.44238 75
      vertex 8.34306 4.8672 75
      vertex 6.08577 3.13512 69
    endloop
  endfacet
  facet normal 0.0295664 -0.903159 0.428287
    outer loop
      vertex -2.33683 5.13897 69
      vertex -2.00056 7.99524 75
      vertex -2.52291 7.97814 75
    endloop
  endfacet
  facet normal -0.903159 -0.0295757 0.428287
    outer loop
      vertex 7.15 0 69
      vertex 9.99524 0.000560401 75
      vertex 7.13897 0.336825 69
    endloop
  endfacet
  facet normal -0.903085 -0.0322299 0.428252
    outer loop
      vertex 9.99524 0.000560401 75
      vertex 7.15 0 69
      vertex 9.99526 0 75
    endloop
  endfacet
  facet normal 0.69284 -0.580052 0.428382
    outer loop
      vertex -8.01151 5.27121 75
      vertex -5.87197 3.39563 69
      vertex -8.01115 5.27164 75
    endloop
  endfacet
  facet normal 0.698518 -0.573273 0.428288
    outer loop
      vertex -5.87197 3.39563 69
      vertex -8.01151 5.27121 75
      vertex -6.08577 3.13512 69
    endloop
  endfacet
  facet normal 0.845724 0.318309 0.428287
    outer loop
      vertex -9.38685 -3.05913 75
      vertex -6.87669 -1.65541 69
      vertex -9.57095 -2.56999 75
    endloop
  endfacet
  facet normal 0.477191 0.767372 0.428286
    outer loop
      vertex -5.99811 -6.9238 75
      vertex -4.86119 -4.28207 69
      vertex -6.44193 -6.64781 75
    endloop
  endfacet
  facet normal 0.617726 0.659534 0.428287
    outer loop
      vertex -7.27164 -6.01115 75
      vertex -5.39563 -3.87197 69
      vertex -7.65309 -5.65388 75
    endloop
  endfacet
  facet normal 0.766336 -0.47896 0.428166
    outer loop
      vertex -8.9241 3.99763 75
      vertex -6.28207 2.86119 69
      vertex -8.9238 3.99811 75
    endloop
  endfacet
  facet normal 0.767381 -0.477176 0.428287
    outer loop
      vertex -6.28207 2.86119 69
      vertex -8.9241 3.99763 75
      vertex -6.46003 2.575 69
    endloop
  endfacet
  facet normal 0.573252 -0.698536 0.428286
    outer loop
      vertex -5.13512 4.08577 69
      vertex -6.8672 6.34306 75
      vertex -7.27121 6.01151 75
    endloop
  endfacet
  facet normal -0.767381 0.477176 0.428287
    outer loop
      vertex 6.28207 -2.86119 69
      vertex 8.9241 -3.99763 75
      vertex 6.46003 -2.575 69
    endloop
  endfacet
  facet normal -0.766336 0.47896 0.428166
    outer loop
      vertex 8.9241 -3.99763 75
      vertex 6.28207 -2.86119 69
      vertex 8.9238 -3.99811 75
    endloop
  endfacet
  facet normal 0.880041 0.205176 0.428288
    outer loop
      vertex -9.84163 -1.5598 75
      vertex -6.97452 -1.33292 69
      vertex -7.05104 -1.00471 69
    endloop
  endfacet
  facet normal 0.878722 0.211544 0.427898
    outer loop
      vertex -6.97452 -1.33292 69
      vertex -9.84163 -1.5598 75
      vertex -9.8415 -1.56034 75
    endloop
  endfacet
  facet normal -0.262323 -0.86473 0.428287
    outer loop
      vertex 3.65541 4.87669 69
      vertex 4.06932 7.72283 75
      vertex 3.33292 4.97452 69
    endloop
  endfacet
  facet normal -0.271433 -0.862198 0.427714
    outer loop
      vertex 4.06932 7.72283 75
      vertex 3.65541 4.87669 69
      vertex 4.06986 7.72266 75
    endloop
  endfacet
  facet normal 0.580052 -0.69284 0.428382
    outer loop
      vertex -5.39563 3.87197 69
      vertex -7.27121 6.01151 75
      vertex -7.27164 6.01115 75
    endloop
  endfacet
  facet normal 0.573273 -0.698518 0.428288
    outer loop
      vertex -7.27121 6.01151 75
      vertex -5.39563 3.87197 69
      vertex -5.13512 4.08577 69
    endloop
  endfacet
  facet normal 0.318304 0.845727 0.428286
    outer loop
      vertex -3.97082 -4.75798 69
      vertex -5.05913 -7.38685 75
      vertex -3.65541 -4.87669 69
    endloop
  endfacet
  facet normal 0.310144 0.848816 0.42816
    outer loop
      vertex -5.05913 -7.38685 75
      vertex -3.97082 -4.75798 69
      vertex -5.05965 -7.38666 75
    endloop
  endfacet
  facet normal -0.892218 -0.143392 0.428235
    outer loop
      vertex 7.05104 1.00471 69
      vertex 9.84172 1.55924 75
      vertex 9.84163 1.5598 75
    endloop
  endfacet
  facet normal -0.891571 -0.14721 0.428287
    outer loop
      vertex 9.84172 1.55924 75
      vertex 7.05104 1.00471 69
      vertex 7.10594 0.67221 69
    endloop
  endfacet
  facet normal 0.903159 -0.0295662 0.428287
    outer loop
      vertex -7.13897 0.336825 69
      vertex -9.97814 0.522915 75
      vertex -9.99524 0.000560401 75
    endloop
  endfacet
  facet normal 0.898693 -0.0966337 0.4278
    outer loop
      vertex -9.97814 0.522915 75
      vertex -7.10594 0.67221 69
      vertex -9.97808 0.523473 75
    endloop
  endfacet
  facet normal 0.899292 -0.0885657 0.428287
    outer loop
      vertex -7.10594 0.67221 69
      vertex -9.97814 0.522915 75
      vertex -7.13897 0.336825 69
    endloop
  endfacet
  facet normal -0.79694 -0.425978 0.428287
    outer loop
      vertex 9.17073 3.53621 75
      vertex 8.92436 3.99713 75
      vertex 6.61889 2.27779 69
    endloop
  endfacet
  facet normal 0.262309 0.864734 0.428287
    outer loop
      vertex -4.06986 -7.72266 75
      vertex -3.65541 -4.87669 69
      vertex -4.56999 -7.57095 75
    endloop
  endfacet
  facet normal 0.205184 -0.88004 0.428287
    outer loop
      vertex -3.33292 4.97452 69
      vertex -3.56034 7.8415 75
      vertex -4.06932 7.72283 75
    endloop
  endfacet
  facet normal 0.425978 -0.79694 0.428287
    outer loop
      vertex -4.27779 4.61889 69
      vertex -5.53621 7.17073 75
      vertex -5.99713 6.92436 75
    endloop
  endfacet
  facet normal -0.864734 -0.262309 0.428287
    outer loop
      vertex 9.72266 2.06986 75
      vertex 9.57095 2.56999 75
      vertex 6.87669 1.65541 69
    endloop
  endfacet
  facet normal -0.878722 -0.211544 0.427898
    outer loop
      vertex 6.97452 1.33292 69
      vertex 9.84163 1.5598 75
      vertex 9.8415 1.56034 75
    endloop
  endfacet
  facet normal -0.880041 -0.205176 0.428288
    outer loop
      vertex 9.84163 1.5598 75
      vertex 6.97452 1.33292 69
      vertex 7.05104 1.00471 69
    endloop
  endfacet
  facet normal -0.318304 -0.845727 0.428286
    outer loop
      vertex 3.97082 4.75798 69
      vertex 5.05913 7.38685 75
      vertex 3.65541 4.87669 69
    endloop
  endfacet
  facet normal -0.310144 -0.848816 0.42816
    outer loop
      vertex 5.05913 7.38685 75
      vertex 3.97082 4.75798 69
      vertex 5.05965 7.38666 75
    endloop
  endfacet
  facet normal 0.823099 -0.372932 0.428287
    outer loop
      vertex -6.61889 2.27779 69
      vertex -9.17073 3.53621 75
      vertex -9.38642 3.06016 75
    endloop
  endfacet
  facet normal -0.262309 -0.864734 0.428287
    outer loop
      vertex 4.56999 7.57095 75
      vertex 4.06986 7.72266 75
      vertex 3.65541 4.87669 69
    endloop
  endfacet
  facet normal -0.477191 0.767372 0.428286
    outer loop
      vertex 5.99811 -6.9238 75
      vertex 6.44193 -6.64781 75
      vertex 4.86119 -4.28207 69
    endloop
  endfacet
  facet normal -0.47896 0.766336 0.428166
    outer loop
      vertex 4.86119 -4.28207 69
      vertex 5.99763 -6.9241 75
      vertex 5.99811 -6.9238 75
    endloop
  endfacet
  facet normal -0.477176 0.767381 0.428287
    outer loop
      vertex 5.99763 -6.9241 75
      vertex 4.86119 -4.28207 69
      vertex 4.575 -4.46003 69
    endloop
  endfacet
  facet normal -0.88004 -0.205184 0.428287
    outer loop
      vertex 9.8415 1.56034 75
      vertex 9.72283 2.06932 75
      vertex 6.97452 1.33292 69
    endloop
  endfacet
  facet normal -0.14721 -0.891571 0.428287
    outer loop
      vertex 3.00471 5.05104 69
      vertex 3.55924 7.84172 75
      vertex 2.67221 5.10594 69
    endloop
  endfacet
  facet normal -0.143392 -0.892218 0.428235
    outer loop
      vertex 3.55924 7.84172 75
      vertex 3.00471 5.05104 69
      vertex 3.5598 7.84163 75
    endloop
  endfacet
  facet normal 0.767372 -0.477191 0.428286
    outer loop
      vertex -6.28207 2.86119 69
      vertex -8.64781 4.44193 75
      vertex -8.9238 3.99811 75
    endloop
  endfacet
  facet normal -0.891571 0.14721 0.428287
    outer loop
      vertex 7.05104 -1.00471 69
      vertex 9.84172 -1.55924 75
      vertex 7.10594 -0.67221 69
    endloop
  endfacet
  facet normal -0.892218 0.143392 0.428235
    outer loop
      vertex 9.84172 -1.55924 75
      vertex 7.05104 -1.00471 69
      vertex 9.84163 -1.5598 75
    endloop
  endfacet
  facet normal -0.880041 0.205176 0.428288
    outer loop
      vertex 6.97452 -1.33292 69
      vertex 9.84163 -1.5598 75
      vertex 7.05104 -1.00471 69
    endloop
  endfacet
  facet normal -0.878722 0.211544 0.427898
    outer loop
      vertex 9.84163 -1.5598 75
      vertex 6.97452 -1.33292 69
      vertex 9.8415 -1.56034 75
    endloop
  endfacet
  facet normal -0.662782 -0.614285 0.428222
    outer loop
      vertex 5.6416 3.6416 69
      vertex 7.65388 5.65309 75
      vertex 7.6535 5.6535 75
    endloop
  endfacet
  facet normal -0.659545 -0.617715 0.428286
    outer loop
      vertex 7.65388 5.65309 75
      vertex 5.6416 3.6416 69
      vertex 5.87197 3.39563 69
    endloop
  endfacet
  facet normal -0.903159 0.0295662 0.428287
    outer loop
      vertex 9.97814 -0.522915 75
      vertex 9.99524 -0.000560401 75
      vertex 7.13897 -0.336825 69
    endloop
  endfacet
  facet normal -0.899293 0.0885604 0.428287
    outer loop
      vertex 9.92686 -1.04359 75
      vertex 9.97808 -0.523473 75
      vertex 7.10594 -0.67221 69
    endloop
  endfacet
  facet normal -0.425978 -0.79694 0.428287
    outer loop
      vertex 5.99713 6.92436 75
      vertex 5.53621 7.17073 75
      vertex 4.27779 4.61889 69
    endloop
  endfacet
  facet normal 0.262323 0.86473 0.428287
    outer loop
      vertex -3.65541 -4.87669 69
      vertex -4.06932 -7.72283 75
      vertex -3.33292 -4.97452 69
    endloop
  endfacet
  facet normal 0.271433 0.862198 0.427714
    outer loop
      vertex -4.06932 -7.72283 75
      vertex -3.65541 -4.87669 69
      vertex -4.06986 -7.72266 75
    endloop
  endfacet
  facet normal 0.845724 -0.318309 0.428287
    outer loop
      vertex -6.87669 1.65541 69
      vertex -9.38685 3.05913 75
      vertex -9.57095 2.56999 75
    endloop
  endfacet
  facet normal -0.898518 0.0966149 0.428171
    outer loop
      vertex 7.13897 -0.336825 69
      vertex 9.97808 -0.523473 75
      vertex 9.97814 -0.522915 75
    endloop
  endfacet
  facet normal -0.899292 0.0885657 0.428287
    outer loop
      vertex 9.97808 -0.523473 75
      vertex 7.13897 -0.336825 69
      vertex 7.10594 -0.67221 69
    endloop
  endfacet
  facet normal 0.862198 -0.271433 0.427714
    outer loop
      vertex -9.72283 2.06932 75
      vertex -6.87669 1.65541 69
      vertex -9.72266 2.06986 75
    endloop
  endfacet
  facet normal 0.86473 -0.262323 0.428287
    outer loop
      vertex -6.87669 1.65541 69
      vertex -9.72283 2.06932 75
      vertex -6.97452 1.33292 69
    endloop
  endfacet
  facet normal -0.52636 -0.734518 0.428286
    outer loop
      vertex 5.13512 4.08577 69
      vertex 6.44193 6.64781 75
      vertex 4.86119 4.28207 69
    endloop
  endfacet
  facet normal -0.52363 -0.736355 0.428476
    outer loop
      vertex 6.44193 6.64781 75
      vertex 5.13512 4.08577 69
      vertex 6.44238 6.64749 75
    endloop
  endfacet
  facet normal -0.823099 -0.372932 0.428287
    outer loop
      vertex 9.38642 3.06016 75
      vertex 9.17073 3.53621 75
      vertex 6.61889 2.27779 69
    endloop
  endfacet
  facet normal -0.801791 -0.416931 0.428135
    outer loop
      vertex 6.46003 2.575 69
      vertex 8.92436 3.99713 75
      vertex 8.9241 3.99763 75
    endloop
  endfacet
  facet normal -0.796944 -0.42597 0.428286
    outer loop
      vertex 8.92436 3.99713 75
      vertex 6.46003 2.575 69
      vertex 6.61889 2.27779 69
    endloop
  endfacet
  facet normal 0.843379 -0.324377 0.428359
    outer loop
      vertex -9.38685 3.05913 75
      vertex -6.75798 1.97082 69
      vertex -9.38665 3.05965 75
    endloop
  endfacet
  facet normal 0.845727 -0.318304 0.428286
    outer loop
      vertex -6.75798 1.97082 69
      vertex -9.38685 3.05913 75
      vertex -6.87669 1.65541 69
    endloop
  endfacet
  facet normal -0.032253 -0.903084 0.428251
    outer loop
      vertex 2 5.15 69
      vertex 2.00056 7.99524 75
      vertex 2 7.99526 75
    endloop
  endfacet
  facet normal -0.0295753 -0.903159 0.428287
    outer loop
      vertex 2.00056 7.99524 75
      vertex 2 5.15 69
      vertex 2.33683 5.13897 69
    endloop
  endfacet
  facet normal -0.0295664 -0.903159 0.428287
    outer loop
      vertex 2.33683 5.13897 69
      vertex 2.52291 7.97814 75
      vertex 2.00056 7.99524 75
    endloop
  endfacet
  facet normal 0.310144 -0.848816 0.42816
    outer loop
      vertex -3.97082 4.75798 69
      vertex -5.05913 7.38685 75
      vertex -5.05965 7.38666 75
    endloop
  endfacet
  facet normal 0.318304 -0.845727 0.428286
    outer loop
      vertex -5.05913 7.38685 75
      vertex -3.97082 4.75798 69
      vertex -3.65541 4.87669 69
    endloop
  endfacet
  facet normal 0.318309 -0.845724 0.428287
    outer loop
      vertex -3.65541 4.87669 69
      vertex -4.56999 7.57095 75
      vertex -5.05913 7.38685 75
    endloop
  endfacet
  facet normal -0.81284 0.582487 0
    outer loop
      vertex 6.08577 -3.13512 53
      vertex 6.28207 -2.86119 69
      vertex 6.28207 -2.86119 53
    endloop
  endfacet
  facet normal -0.81284 0.582487 0
    outer loop
      vertex 6.28207 -2.86119 69
      vertex 6.08577 -3.13512 53
      vertex 6.08577 -3.13512 69
    endloop
  endfacet
  facet normal 0.729873 -0.683583 0
    outer loop
      vertex -5.87197 3.39563 69
      vertex -5.6416 3.6416 53
      vertex -5.6416 3.6416 69
    endloop
  endfacet
  facet normal 0.729873 -0.683583 0
    outer loop
      vertex -5.6416 3.6416 53
      vertex -5.87197 3.39563 69
      vertex -5.87197 3.39563 53
    endloop
  endfacet
  facet normal 0.352245 0.935908 -0
    outer loop
      vertex -3.65541 -4.87669 53
      vertex -3.97082 -4.75798 69
      vertex -3.65541 -4.87669 69
    endloop
  endfacet
  facet normal 0.352245 0.935908 0
    outer loop
      vertex -3.97082 -4.75798 69
      vertex -3.65541 -4.87669 53
      vertex -3.97082 -4.75798 53
    endloop
  endfacet
  facet normal 0.290295 0.956937 -0
    outer loop
      vertex -3.33292 -4.97452 53
      vertex -3.65541 -4.87669 69
      vertex -3.33292 -4.97452 69
    endloop
  endfacet
  facet normal 0.290295 0.956937 0
    outer loop
      vertex -3.65541 -4.87669 69
      vertex -3.33292 -4.97452 53
      vertex -3.65541 -4.87669 53
    endloop
  endfacet
  facet normal -0.412716 -0.91086 0
    outer loop
      vertex 3.97082 4.75798 53
      vertex 4.27779 4.61889 69
      vertex 3.97082 4.75798 69
    endloop
  endfacet
  facet normal -0.412716 -0.91086 -0
    outer loop
      vertex 4.27779 4.61889 69
      vertex 3.97082 4.75798 53
      vertex 4.27779 4.61889 53
    endloop
  endfacet
  facet normal -0.683583 -0.729873 0
    outer loop
      vertex 5.39563 3.87197 53
      vertex 5.6416 3.6416 69
      vertex 5.39563 3.87197 69
    endloop
  endfacet
  facet normal -0.683583 -0.729873 -0
    outer loop
      vertex 5.6416 3.6416 69
      vertex 5.39563 3.87197 53
      vertex 5.6416 3.6416 53
    endloop
  endfacet
  facet normal 0.986641 0.162907 0
    outer loop
      vertex -7.05104 -1.00471 69
      vertex -7.10594 -0.67221 53
      vertex -7.10594 -0.67221 69
    endloop
  endfacet
  facet normal 0.986641 0.162907 0
    outer loop
      vertex -7.10594 -0.67221 53
      vertex -7.05104 -1.00471 69
      vertex -7.05104 -1.00471 53
    endloop
  endfacet
  facet normal 0.935908 0.352245 0
    outer loop
      vertex -6.75798 -1.97082 69
      vertex -6.87669 -1.65541 53
      vertex -6.87669 -1.65541 69
    endloop
  endfacet
  facet normal 0.935908 0.352245 0
    outer loop
      vertex -6.87669 -1.65541 53
      vertex -6.75798 -1.97082 69
      vertex -6.75798 -1.97082 53
    endloop
  endfacet
  facet normal 0.849208 -0.528058 0
    outer loop
      vertex -6.46003 2.575 69
      vertex -6.28207 2.86119 53
      vertex -6.28207 2.86119 69
    endloop
  endfacet
  facet normal 0.849208 -0.528058 0
    outer loop
      vertex -6.28207 2.86119 53
      vertex -6.46003 2.575 69
      vertex -6.46003 2.575 53
    endloop
  endfacet
  facet normal 0.0327289 0.999464 -0
    outer loop
      vertex -2 -5.15 53
      vertex -2.33683 -5.13897 69
      vertex -2 -5.15 69
    endloop
  endfacet
  facet normal 0.0327289 0.999464 0
    outer loop
      vertex -2.33683 -5.13897 69
      vertex -2 -5.15 53
      vertex -2.33683 -5.13897 53
    endloop
  endfacet
  facet normal -0.986641 -0.162907 0
    outer loop
      vertex 7.10594 0.67221 53
      vertex 7.05104 1.00471 69
      vertex 7.05104 1.00471 53
    endloop
  endfacet
  facet normal -0.986641 -0.162907 0
    outer loop
      vertex 7.05104 1.00471 69
      vertex 7.10594 0.67221 53
      vertex 7.10594 0.67221 69
    endloop
  endfacet
  facet normal 0.528058 0.849208 -0
    outer loop
      vertex -4.575 -4.46003 53
      vertex -4.86119 -4.28207 69
      vertex -4.575 -4.46003 69
    endloop
  endfacet
  facet normal 0.528058 0.849208 0
    outer loop
      vertex -4.86119 -4.28207 69
      vertex -4.575 -4.46003 53
      vertex -4.86119 -4.28207 53
    endloop
  endfacet
  facet normal 0.471392 0.881924 -0
    outer loop
      vertex -4.27779 -4.61889 53
      vertex -4.575 -4.46003 69
      vertex -4.27779 -4.61889 69
    endloop
  endfacet
  facet normal 0.471392 0.881924 0
    outer loop
      vertex -4.575 -4.46003 69
      vertex -4.27779 -4.61889 53
      vertex -4.575 -4.46003 53
    endloop
  endfacet
  facet normal 0 0 1
    outer loop
      vertex 7.13897 0.336825 53
      vertex 7.13897 -0.336825 53
      vertex 7.15 0 53
    endloop
  endfacet
  facet normal 0 0 1
    outer loop
      vertex 7.10594 0.67221 53
      vertex 7.13897 -0.336825 53
      vertex 7.13897 0.336825 53
    endloop
  endfacet
  facet normal 0 0 1
    outer loop
      vertex 7.10594 0.67221 53
      vertex 7.10594 -0.67221 53
      vertex 7.13897 -0.336825 53
    endloop
  endfacet
  facet normal 0 0 1
    outer loop
      vertex 7.05104 1.00471 53
      vertex 7.10594 -0.67221 53
      vertex 7.10594 0.67221 53
    endloop
  endfacet
  facet normal 0 0 1
    outer loop
      vertex 7.05104 1.00471 53
      vertex 7.05104 -1.00471 53
      vertex 7.10594 -0.67221 53
    endloop
  endfacet
  facet normal 0 0 1
    outer loop
      vertex 6.97452 1.33292 53
      vertex 7.05104 -1.00471 53
      vertex 7.05104 1.00471 53
    endloop
  endfacet
  facet normal 0 0 1
    outer loop
      vertex 6.97452 1.33292 53
      vertex 6.97452 -1.33292 53
      vertex 7.05104 -1.00471 53
    endloop
  endfacet
  facet normal 0 0 1
    outer loop
      vertex 6.87669 1.65541 53
      vertex 6.97452 -1.33292 53
      vertex 6.97452 1.33292 53
    endloop
  endfacet
  facet normal 0 0 1
    outer loop
      vertex 6.87669 1.65541 53
      vertex 6.87669 -1.65541 53
      vertex 6.97452 -1.33292 53
    endloop
  endfacet
  facet normal 0 0 1
    outer loop
      vertex 6.75798 1.97082 53
      vertex 6.87669 -1.65541 53
      vertex 6.87669 1.65541 53
    endloop
  endfacet
  facet normal 0 0 1
    outer loop
      vertex 6.75798 1.97082 53
      vertex 6.75798 -1.97082 53
      vertex 6.87669 -1.65541 53
    endloop
  endfacet
  facet normal 0 0 1
    outer loop
      vertex 6.61889 2.27779 53
      vertex 6.75798 -1.97082 53
      vertex 6.75798 1.97082 53
    endloop
  endfacet
  facet normal 0 0 1
    outer loop
      vertex 6.61889 2.27779 53
      vertex 6.61889 -2.27779 53
      vertex 6.75798 -1.97082 53
    endloop
  endfacet
  facet normal 0 0 1
    outer loop
      vertex 6.46003 2.575 53
      vertex 6.61889 -2.27779 53
      vertex 6.61889 2.27779 53
    endloop
  endfacet
  facet normal 0 0 1
    outer loop
      vertex 6.46003 2.575 53
      vertex 6.46003 -2.575 53
      vertex 6.61889 -2.27779 53
    endloop
  endfacet
  facet normal 0 0 1
    outer loop
      vertex 6.28207 2.86119 53
      vertex 6.46003 -2.575 53
      vertex 6.46003 2.575 53
    endloop
  endfacet
  facet normal 0 0 1
    outer loop
      vertex 6.28207 2.86119 53
      vertex 6.28207 -2.86119 53
      vertex 6.46003 -2.575 53
    endloop
  endfacet
  facet normal 0 0 1
    outer loop
      vertex 6.08577 3.13512 53
      vertex 6.28207 -2.86119 53
      vertex 6.28207 2.86119 53
    endloop
  endfacet
  facet normal 0 0 1
    outer loop
      vertex 6.08577 3.13512 53
      vertex 6.08577 -3.13512 53
      vertex 6.28207 -2.86119 53
    endloop
  endfacet
  facet normal 0 0 1
    outer loop
      vertex 5.87197 3.39563 53
      vertex 6.08577 -3.13512 53
      vertex 6.08577 3.13512 53
    endloop
  endfacet
  facet normal 0 0 1
    outer loop
      vertex 5.87197 3.39563 53
      vertex 5.87197 -3.39563 53
      vertex 6.08577 -3.13512 53
    endloop
  endfacet
  facet normal 0 0 1
    outer loop
      vertex 5.6416 3.6416 53
      vertex 5.87197 -3.39563 53
      vertex 5.87197 3.39563 53
    endloop
  endfacet
  facet normal 0 0 1
    outer loop
      vertex 5.6416 3.6416 53
      vertex 5.6416 -3.6416 53
      vertex 5.87197 -3.39563 53
    endloop
  endfacet
  facet normal 0 0 1
    outer loop
      vertex 5.39563 3.87197 53
      vertex 5.6416 -3.6416 53
      vertex 5.6416 3.6416 53
    endloop
  endfacet
  facet normal 0 0 1
    outer loop
      vertex 5.39563 3.87197 53
      vertex 5.39563 -3.87197 53
      vertex 5.6416 -3.6416 53
    endloop
  endfacet
  facet normal 0 0 1
    outer loop
      vertex 5.13512 4.08577 53
      vertex 5.39563 -3.87197 53
      vertex 5.39563 3.87197 53
    endloop
  endfacet
  facet normal 0 0 1
    outer loop
      vertex 5.13512 4.08577 53
      vertex 5.13512 -4.08577 53
      vertex 5.39563 -3.87197 53
    endloop
  endfacet
  facet normal 0 0 1
    outer loop
      vertex 4.86119 4.28207 53
      vertex 5.13512 -4.08577 53
      vertex 5.13512 4.08577 53
    endloop
  endfacet
  facet normal 0 0 1
    outer loop
      vertex 4.86119 4.28207 53
      vertex 4.86119 -4.28207 53
      vertex 5.13512 -4.08577 53
    endloop
  endfacet
  facet normal 0 0 1
    outer loop
      vertex 4.575 4.46003 53
      vertex 4.86119 -4.28207 53
      vertex 4.86119 4.28207 53
    endloop
  endfacet
  facet normal 0 0 1
    outer loop
      vertex 4.575 4.46003 53
      vertex 4.575 -4.46003 53
      vertex 4.86119 -4.28207 53
    endloop
  endfacet
  facet normal 0 0 1
    outer loop
      vertex 4.27779 4.61889 53
      vertex 4.575 -4.46003 53
      vertex 4.575 4.46003 53
    endloop
  endfacet
  facet normal 0 0 1
    outer loop
      vertex 4.27779 4.61889 53
      vertex 4.27779 -4.61889 53
      vertex 4.575 -4.46003 53
    endloop
  endfacet
  facet normal 0 0 1
    outer loop
      vertex 3.97082 4.75798 53
      vertex 4.27779 -4.61889 53
      vertex 4.27779 4.61889 53
    endloop
  endfacet
  facet normal 0 0 1
    outer loop
      vertex 3.97082 4.75798 53
      vertex 3.97082 -4.75798 53
      vertex 4.27779 -4.61889 53
    endloop
  endfacet
  facet normal 0 0 1
    outer loop
      vertex 3.65541 4.87669 53
      vertex 3.97082 -4.75798 53
      vertex 3.97082 4.75798 53
    endloop
  endfacet
  facet normal 0 0 1
    outer loop
      vertex 3.65541 4.87669 53
      vertex 3.65541 -4.87669 53
      vertex 3.97082 -4.75798 53
    endloop
  endfacet
  facet normal 0 0 1
    outer loop
      vertex 3.33292 4.97452 53
      vertex 3.65541 -4.87669 53
      vertex 3.65541 4.87669 53
    endloop
  endfacet
  facet normal 0 0 1
    outer loop
      vertex 3.33292 4.97452 53
      vertex 3.33292 -4.97452 53
      vertex 3.65541 -4.87669 53
    endloop
  endfacet
  facet normal 0 0 1
    outer loop
      vertex 3.00471 5.05104 53
      vertex 3.33292 -4.97452 53
      vertex 3.33292 4.97452 53
    endloop
  endfacet
  facet normal 0 0 1
    outer loop
      vertex 3.00471 5.05104 53
      vertex 3.00471 -5.05104 53
      vertex 3.33292 -4.97452 53
    endloop
  endfacet
  facet normal 0 0 1
    outer loop
      vertex 2.67221 5.10594 53
      vertex 3.00471 -5.05104 53
      vertex 3.00471 5.05104 53
    endloop
  endfacet
  facet normal 0 0 1
    outer loop
      vertex 2.67221 5.10594 53
      vertex 2.67221 -5.10594 53
      vertex 3.00471 -5.05104 53
    endloop
  endfacet
  facet normal 0 0 1
    outer loop
      vertex 2.33683 5.13897 53
      vertex 2.67221 -5.10594 53
      vertex 2.67221 5.10594 53
    endloop
  endfacet
  facet normal 0 0 1
    outer loop
      vertex 2.33683 5.13897 53
      vertex 2.33683 -5.13897 53
      vertex 2.67221 -5.10594 53
    endloop
  endfacet
  facet normal 0 0 1
    outer loop
      vertex 2 5.15 53
      vertex 2.33683 -5.13897 53
      vertex 2.33683 5.13897 53
    endloop
  endfacet
  facet normal 0 0 1
    outer loop
      vertex 2 5.15 53
      vertex 2 -5.15 53
      vertex 2.33683 -5.13897 53
    endloop
  endfacet
  facet normal -0 0 1
    outer loop
      vertex -2 5.15 53
      vertex 2 -5.15 53
      vertex 2 5.15 53
    endloop
  endfacet
  facet normal 0 0 1
    outer loop
      vertex -2 5.15 53
      vertex -2 -5.15 53
      vertex 2 -5.15 53
    endloop
  endfacet
  facet normal -0 0 1
    outer loop
      vertex -2.33683 5.13897 53
      vertex -2 -5.15 53
      vertex -2 5.15 53
    endloop
  endfacet
  facet normal 0 0 1
    outer loop
      vertex -2.33683 5.13897 53
      vertex -2.33683 -5.13897 53
      vertex -2 -5.15 53
    endloop
  endfacet
  facet normal -0 0 1
    outer loop
      vertex -2.67221 5.10594 53
      vertex -2.33683 -5.13897 53
      vertex -2.33683 5.13897 53
    endloop
  endfacet
  facet normal 0 0 1
    outer loop
      vertex -2.67221 5.10594 53
      vertex -2.67221 -5.10594 53
      vertex -2.33683 -5.13897 53
    endloop
  endfacet
  facet normal -0 0 1
    outer loop
      vertex -3.00471 5.05104 53
      vertex -2.67221 -5.10594 53
      vertex -2.67221 5.10594 53
    endloop
  endfacet
  facet normal 0 0 1
    outer loop
      vertex -3.00471 5.05104 53
      vertex -3.00471 -5.05104 53
      vertex -2.67221 -5.10594 53
    endloop
  endfacet
  facet normal -0 0 1
    outer loop
      vertex -3.33292 4.97452 53
      vertex -3.00471 -5.05104 53
      vertex -3.00471 5.05104 53
    endloop
  endfacet
  facet normal 0 0 1
    outer loop
      vertex -3.33292 4.97452 53
      vertex -3.33292 -4.97452 53
      vertex -3.00471 -5.05104 53
    endloop
  endfacet
  facet normal -0 0 1
    outer loop
      vertex -3.65541 4.87669 53
      vertex -3.33292 -4.97452 53
      vertex -3.33292 4.97452 53
    endloop
  endfacet
  facet normal 0 0 1
    outer loop
      vertex -3.65541 4.87669 53
      vertex -3.65541 -4.87669 53
      vertex -3.33292 -4.97452 53
    endloop
  endfacet
  facet normal -0 0 1
    outer loop
      vertex -3.97082 4.75798 53
      vertex -3.65541 -4.87669 53
      vertex -3.65541 4.87669 53
    endloop
  endfacet
  facet normal 0 0 1
    outer loop
      vertex -3.97082 4.75798 53
      vertex -3.97082 -4.75798 53
      vertex -3.65541 -4.87669 53
    endloop
  endfacet
  facet normal -0 0 1
    outer loop
      vertex -4.27779 4.61889 53
      vertex -3.97082 -4.75798 53
      vertex -3.97082 4.75798 53
    endloop
  endfacet
  facet normal 0 0 1
    outer loop
      vertex -4.27779 4.61889 53
      vertex -4.27779 -4.61889 53
      vertex -3.97082 -4.75798 53
    endloop
  endfacet
  facet normal -0 0 1
    outer loop
      vertex -4.575 4.46003 53
      vertex -4.27779 -4.61889 53
      vertex -4.27779 4.61889 53
    endloop
  endfacet
  facet normal 0 0 1
    outer loop
      vertex -4.575 4.46003 53
      vertex -4.575 -4.46003 53
      vertex -4.27779 -4.61889 53
    endloop
  endfacet
  facet normal -0 0 1
    outer loop
      vertex -4.86119 4.28207 53
      vertex -4.575 -4.46003 53
      vertex -4.575 4.46003 53
    endloop
  endfacet
  facet normal 0 0 1
    outer loop
      vertex -4.86119 4.28207 53
      vertex -4.86119 -4.28207 53
      vertex -4.575 -4.46003 53
    endloop
  endfacet
  facet normal -0 0 1
    outer loop
      vertex -5.13512 4.08577 53
      vertex -4.86119 -4.28207 53
      vertex -4.86119 4.28207 53
    endloop
  endfacet
  facet normal 0 0 1
    outer loop
      vertex -5.13512 4.08577 53
      vertex -5.13512 -4.08577 53
      vertex -4.86119 -4.28207 53
    endloop
  endfacet
  facet normal -0 0 1
    outer loop
      vertex -5.39563 3.87197 53
      vertex -5.13512 -4.08577 53
      vertex -5.13512 4.08577 53
    endloop
  endfacet
  facet normal 0 0 1
    outer loop
      vertex -5.39563 3.87197 53
      vertex -5.39563 -3.87197 53
      vertex -5.13512 -4.08577 53
    endloop
  endfacet
  facet normal -0 0 1
    outer loop
      vertex -5.6416 3.6416 53
      vertex -5.39563 -3.87197 53
      vertex -5.39563 3.87197 53
    endloop
  endfacet
  facet normal 0 0 1
    outer loop
      vertex -5.6416 3.6416 53
      vertex -5.6416 -3.6416 53
      vertex -5.39563 -3.87197 53
    endloop
  endfacet
  facet normal -0 0 1
    outer loop
      vertex -5.87197 3.39563 53
      vertex -5.6416 -3.6416 53
      vertex -5.6416 3.6416 53
    endloop
  endfacet
  facet normal 0 0 1
    outer loop
      vertex -5.87197 3.39563 53
      vertex -5.87197 -3.39563 53
      vertex -5.6416 -3.6416 53
    endloop
  endfacet
  facet normal -0 0 1
    outer loop
      vertex -6.08577 3.13512 53
      vertex -5.87197 -3.39563 53
      vertex -5.87197 3.39563 53
    endloop
  endfacet
  facet normal 0 0 1
    outer loop
      vertex -6.08577 3.13512 53
      vertex -6.08577 -3.13512 53
      vertex -5.87197 -3.39563 53
    endloop
  endfacet
  facet normal -0 0 1
    outer loop
      vertex -6.28207 2.86119 53
      vertex -6.08577 -3.13512 53
      vertex -6.08577 3.13512 53
    endloop
  endfacet
  facet normal 0 0 1
    outer loop
      vertex -6.28207 2.86119 53
      vertex -6.28207 -2.86119 53
      vertex -6.08577 -3.13512 53
    endloop
  endfacet
  facet normal -0 0 1
    outer loop
      vertex -6.46003 2.575 53
      vertex -6.28207 -2.86119 53
      vertex -6.28207 2.86119 53
    endloop
  endfacet
  facet normal 0 0 1
    outer loop
      vertex -6.46003 2.575 53
      vertex -6.46003 -2.575 53
      vertex -6.28207 -2.86119 53
    endloop
  endfacet
  facet normal -0 0 1
    outer loop
      vertex -6.61889 2.27779 53
      vertex -6.46003 -2.575 53
      vertex -6.46003 2.575 53
    endloop
  endfacet
  facet normal 0 0 1
    outer loop
      vertex -6.61889 2.27779 53
      vertex -6.61889 -2.27779 53
      vertex -6.46003 -2.575 53
    endloop
  endfacet
  facet normal -0 0 1
    outer loop
      vertex -6.75798 1.97082 53
      vertex -6.61889 -2.27779 53
      vertex -6.61889 2.27779 53
    endloop
  endfacet
  facet normal 0 0 1
    outer loop
      vertex -6.75798 1.97082 53
      vertex -6.75798 -1.97082 53
      vertex -6.61889 -2.27779 53
    endloop
  endfacet
  facet normal -0 0 1
    outer loop
      vertex -6.87669 1.65541 53
      vertex -6.75798 -1.97082 53
      vertex -6.75798 1.97082 53
    endloop
  endfacet
  facet normal 0 0 1
    outer loop
      vertex -6.87669 1.65541 53
      vertex -6.87669 -1.65541 53
      vertex -6.75798 -1.97082 53
    endloop
  endfacet
  facet normal -0 0 1
    outer loop
      vertex -6.97452 1.33292 53
      vertex -6.87669 -1.65541 53
      vertex -6.87669 1.65541 53
    endloop
  endfacet
  facet normal 0 0 1
    outer loop
      vertex -6.97452 1.33292 53
      vertex -6.97452 -1.33292 53
      vertex -6.87669 -1.65541 53
    endloop
  endfacet
  facet normal -0 0 1
    outer loop
      vertex -7.05104 1.00471 53
      vertex -6.97452 -1.33292 53
      vertex -6.97452 1.33292 53
    endloop
  endfacet
  facet normal 0 0 1
    outer loop
      vertex -7.05104 1.00471 53
      vertex -7.05104 -1.00471 53
      vertex -6.97452 -1.33292 53
    endloop
  endfacet
  facet normal -0 0 1
    outer loop
      vertex -7.10594 0.67221 53
      vertex -7.05104 -1.00471 53
      vertex -7.05104 1.00471 53
    endloop
  endfacet
  facet normal 0 0 1
    outer loop
      vertex -7.10594 0.67221 53
      vertex -7.10594 -0.67221 53
      vertex -7.05104 -1.00471 53
    endloop
  endfacet
  facet normal -0 0 1
    outer loop
      vertex -7.13897 0.336825 53
      vertex -7.10594 -0.67221 53
      vertex -7.10594 0.67221 53
    endloop
  endfacet
  facet normal 0 0 1
    outer loop
      vertex -7.13897 0.336825 53
      vertex -7.13897 -0.336825 53
      vertex -7.10594 -0.67221 53
    endloop
  endfacet
  facet normal 0 -0 1
    outer loop
      vertex -7.13897 -0.336825 53
      vertex -7.13897 0.336825 53
      vertex -7.15 0 53
    endloop
  endfacet
  facet normal 0.973882 -0.227054 0
    outer loop
      vertex -7.05104 1.00471 69
      vertex -6.97452 1.33292 53
      vertex -6.97452 1.33292 69
    endloop
  endfacet
  facet normal 0.973882 -0.227054 0
    outer loop
      vertex -6.97452 1.33292 53
      vertex -7.05104 1.00471 69
      vertex -7.05104 1.00471 53
    endloop
  endfacet
  facet normal -0.0327289 -0.999464 0
    outer loop
      vertex 2 5.15 53
      vertex 2.33683 5.13897 69
      vertex 2 5.15 69
    endloop
  endfacet
  facet normal -0.0327289 -0.999464 -0
    outer loop
      vertex 2.33683 5.13897 69
      vertex 2 5.15 53
      vertex 2.33683 5.13897 53
    endloop
  endfacet
  facet normal 0.973882 0.227054 0
    outer loop
      vertex -6.97452 -1.33292 69
      vertex -7.05104 -1.00471 53
      vertex -7.05104 -1.00471 69
    endloop
  endfacet
  facet normal 0.973882 0.227054 0
    outer loop
      vertex -7.05104 -1.00471 53
      vertex -6.97452 -1.33292 69
      vertex -6.97452 -1.33292 53
    endloop
  endfacet
  facet normal 0.634402 0.773003 -0
    outer loop
      vertex -5.13512 -4.08577 53
      vertex -5.39563 -3.87197 69
      vertex -5.13512 -4.08577 69
    endloop
  endfacet
  facet normal 0.634402 0.773003 0
    outer loop
      vertex -5.39563 -3.87197 69
      vertex -5.13512 -4.08577 53
      vertex -5.39563 -3.87197 53
    endloop
  endfacet
  facet normal 0.956937 0.290295 0
    outer loop
      vertex -6.87669 -1.65541 69
      vertex -6.97452 -1.33292 53
      vertex -6.97452 -1.33292 69
    endloop
  endfacet
  facet normal 0.956937 0.290295 0
    outer loop
      vertex -6.97452 -1.33292 53
      vertex -6.87669 -1.65541 69
      vertex -6.87669 -1.65541 53
    endloop
  endfacet
  facet normal 0.91086 0.412716 0
    outer loop
      vertex -6.61889 -2.27779 69
      vertex -6.75798 -1.97082 53
      vertex -6.75798 -1.97082 69
    endloop
  endfacet
  facet normal 0.91086 0.412716 0
    outer loop
      vertex -6.75798 -1.97082 53
      vertex -6.61889 -2.27779 69
      vertex -6.61889 -2.27779 53
    endloop
  endfacet
  facet normal -0.0327289 0.999464 0
    outer loop
      vertex 2.33683 -5.13897 53
      vertex 2 -5.15 69
      vertex 2.33683 -5.13897 69
    endloop
  endfacet
  facet normal -0.0327289 0.999464 0
    outer loop
      vertex 2 -5.15 69
      vertex 2.33683 -5.13897 53
      vertex 2 -5.15 53
    endloop
  endfacet
  facet normal -0.995185 -0.0980097 0
    outer loop
      vertex 7.13897 0.336825 53
      vertex 7.10594 0.67221 69
      vertex 7.10594 0.67221 53
    endloop
  endfacet
  facet normal -0.995185 -0.0980097 0
    outer loop
      vertex 7.10594 0.67221 69
      vertex 7.13897 0.336825 53
      vertex 7.13897 0.336825 69
    endloop
  endfacet
  facet normal 0.683583 0.729873 -0
    outer loop
      vertex -5.39563 -3.87197 53
      vertex -5.6416 -3.6416 69
      vertex -5.39563 -3.87197 69
    endloop
  endfacet
  facet normal 0.683583 0.729873 0
    outer loop
      vertex -5.6416 -3.6416 69
      vertex -5.39563 -3.87197 53
      vertex -5.6416 -3.6416 53
    endloop
  endfacet
  facet normal -0.849208 -0.528058 0
    outer loop
      vertex 6.46003 2.575 53
      vertex 6.28207 2.86119 69
      vertex 6.28207 2.86119 53
    endloop
  endfacet
  facet normal -0.849208 -0.528058 0
    outer loop
      vertex 6.28207 2.86119 69
      vertex 6.46003 2.575 53
      vertex 6.46003 2.575 69
    endloop
  endfacet
  facet normal 0.729873 0.683583 0
    outer loop
      vertex -5.6416 -3.6416 69
      vertex -5.87197 -3.39563 53
      vertex -5.87197 -3.39563 69
    endloop
  endfacet
  facet normal 0.729873 0.683583 0
    outer loop
      vertex -5.87197 -3.39563 53
      vertex -5.6416 -3.6416 69
      vertex -5.6416 -3.6416 53
    endloop
  endfacet
  facet normal -0.773003 0.634402 0
    outer loop
      vertex 5.87197 -3.39563 53
      vertex 6.08577 -3.13512 69
      vertex 6.08577 -3.13512 53
    endloop
  endfacet
  facet normal -0.773003 0.634402 0
    outer loop
      vertex 6.08577 -3.13512 69
      vertex 5.87197 -3.39563 53
      vertex 5.87197 -3.39563 69
    endloop
  endfacet
  facet normal 0.881924 0.471392 0
    outer loop
      vertex -6.46003 -2.575 69
      vertex -6.61889 -2.27779 53
      vertex -6.61889 -2.27779 69
    endloop
  endfacet
  facet normal 0.881924 0.471392 0
    outer loop
      vertex -6.61889 -2.27779 53
      vertex -6.46003 -2.575 69
      vertex -6.46003 -2.575 53
    endloop
  endfacet
  facet normal 0 1 -0
    outer loop
      vertex 2 -5.15 53
      vertex -2 -5.15 69
      vertex 2 -5.15 69
    endloop
  endfacet
  facet normal 0 1 0
    outer loop
      vertex -2 -5.15 69
      vertex 2 -5.15 53
      vertex -2 -5.15 53
    endloop
  endfacet
  facet normal 0.91086 -0.412716 0
    outer loop
      vertex -6.75798 1.97082 69
      vertex -6.61889 2.27779 53
      vertex -6.61889 2.27779 69
    endloop
  endfacet
  facet normal 0.91086 -0.412716 0
    outer loop
      vertex -6.61889 2.27779 53
      vertex -6.75798 1.97082 69
      vertex -6.75798 1.97082 53
    endloop
  endfacet
  facet normal -0.935908 -0.352245 0
    outer loop
      vertex 6.87669 1.65541 53
      vertex 6.75798 1.97082 69
      vertex 6.75798 1.97082 53
    endloop
  endfacet
  facet normal -0.935908 -0.352245 0
    outer loop
      vertex 6.75798 1.97082 69
      vertex 6.87669 1.65541 53
      vertex 6.87669 1.65541 69
    endloop
  endfacet
  facet normal -0.973882 -0.227054 0
    outer loop
      vertex 7.05104 1.00471 53
      vertex 6.97452 1.33292 69
      vertex 6.97452 1.33292 53
    endloop
  endfacet
  facet normal -0.973882 -0.227054 0
    outer loop
      vertex 6.97452 1.33292 69
      vertex 7.05104 1.00471 53
      vertex 7.05104 1.00471 69
    endloop
  endfacet
  facet normal -0.91086 -0.412716 0
    outer loop
      vertex 6.75798 1.97082 53
      vertex 6.61889 2.27779 69
      vertex 6.61889 2.27779 53
    endloop
  endfacet
  facet normal -0.91086 -0.412716 0
    outer loop
      vertex 6.61889 2.27779 69
      vertex 6.75798 1.97082 53
      vertex 6.75798 1.97082 69
    endloop
  endfacet
  facet normal -0.956937 -0.290295 0
    outer loop
      vertex 6.97452 1.33292 53
      vertex 6.87669 1.65541 69
      vertex 6.87669 1.65541 53
    endloop
  endfacet
  facet normal -0.956937 -0.290295 0
    outer loop
      vertex 6.87669 1.65541 69
      vertex 6.97452 1.33292 53
      vertex 6.97452 1.33292 69
    endloop
  endfacet
  facet normal 0.995185 -0.0980097 0
    outer loop
      vertex -7.13897 0.336825 69
      vertex -7.10594 0.67221 53
      vertex -7.10594 0.67221 69
    endloop
  endfacet
  facet normal 0.995185 -0.0980097 0
    outer loop
      vertex -7.10594 0.67221 53
      vertex -7.13897 0.336825 69
      vertex -7.13897 0.336825 53
    endloop
  endfacet
  facet normal 0.227054 0.973882 -0
    outer loop
      vertex -3.00471 -5.05104 53
      vertex -3.33292 -4.97452 69
      vertex -3.00471 -5.05104 69
    endloop
  endfacet
  facet normal 0.227054 0.973882 0
    outer loop
      vertex -3.33292 -4.97452 69
      vertex -3.00471 -5.05104 53
      vertex -3.33292 -4.97452 53
    endloop
  endfacet
  facet normal 0.773003 0.634402 0
    outer loop
      vertex -5.87197 -3.39563 69
      vertex -6.08577 -3.13512 53
      vertex -6.08577 -3.13512 69
    endloop
  endfacet
  facet normal 0.773003 0.634402 0
    outer loop
      vertex -6.08577 -3.13512 53
      vertex -5.87197 -3.39563 69
      vertex -5.87197 -3.39563 53
    endloop
  endfacet
  facet normal -0.471392 -0.881924 0
    outer loop
      vertex 4.27779 4.61889 53
      vertex 4.575 4.46003 69
      vertex 4.27779 4.61889 69
    endloop
  endfacet
  facet normal -0.471392 -0.881924 -0
    outer loop
      vertex 4.575 4.46003 69
      vertex 4.27779 4.61889 53
      vertex 4.575 4.46003 53
    endloop
  endfacet
  facet normal -0.290295 0.956937 0
    outer loop
      vertex 3.65541 -4.87669 53
      vertex 3.33292 -4.97452 69
      vertex 3.65541 -4.87669 69
    endloop
  endfacet
  facet normal -0.290295 0.956937 0
    outer loop
      vertex 3.33292 -4.97452 69
      vertex 3.65541 -4.87669 53
      vertex 3.33292 -4.97452 53
    endloop
  endfacet
  facet normal 0 -1 0
    outer loop
      vertex -2 5.15 53
      vertex 2 5.15 69
      vertex -2 5.15 69
    endloop
  endfacet
  facet normal 0 -1 -0
    outer loop
      vertex 2 5.15 69
      vertex -2 5.15 53
      vertex 2 5.15 53
    endloop
  endfacet
  facet normal -0.999464 -0.0327294 0
    outer loop
      vertex 7.15 0 53
      vertex 7.13897 0.336825 69
      vertex 7.13897 0.336825 53
    endloop
  endfacet
  facet normal -0.999464 -0.0327294 0
    outer loop
      vertex 7.13897 0.336825 69
      vertex 7.15 0 53
      vertex 7.15 0 69
    endloop
  endfacet
  facet normal -0.227054 -0.973882 0
    outer loop
      vertex 3.00471 5.05104 53
      vertex 3.33292 4.97452 69
      vertex 3.00471 5.05104 69
    endloop
  endfacet
  facet normal -0.227054 -0.973882 -0
    outer loop
      vertex 3.33292 4.97452 69
      vertex 3.00471 5.05104 53
      vertex 3.33292 4.97452 53
    endloop
  endfacet
  facet normal 0.582487 0.81284 -0
    outer loop
      vertex -4.86119 -4.28207 53
      vertex -5.13512 -4.08577 69
      vertex -4.86119 -4.28207 69
    endloop
  endfacet
  facet normal 0.582487 0.81284 0
    outer loop
      vertex -5.13512 -4.08577 69
      vertex -4.86119 -4.28207 53
      vertex -5.13512 -4.08577 53
    endloop
  endfacet
  facet normal -0.956937 0.290295 0
    outer loop
      vertex 6.87669 -1.65541 53
      vertex 6.97452 -1.33292 69
      vertex 6.97452 -1.33292 53
    endloop
  endfacet
  facet normal -0.956937 0.290295 0
    outer loop
      vertex 6.97452 -1.33292 69
      vertex 6.87669 -1.65541 53
      vertex 6.87669 -1.65541 69
    endloop
  endfacet
  facet normal -0.881924 -0.471392 0
    outer loop
      vertex 6.61889 2.27779 53
      vertex 6.46003 2.575 69
      vertex 6.46003 2.575 53
    endloop
  endfacet
  facet normal -0.881924 -0.471392 0
    outer loop
      vertex 6.46003 2.575 69
      vertex 6.61889 2.27779 53
      vertex 6.61889 2.27779 69
    endloop
  endfacet
  facet normal -0.471392 0.881924 0
    outer loop
      vertex 4.575 -4.46003 53
      vertex 4.27779 -4.61889 69
      vertex 4.575 -4.46003 69
    endloop
  endfacet
  facet normal -0.471392 0.881924 0
    outer loop
      vertex 4.27779 -4.61889 69
      vertex 4.575 -4.46003 53
      vertex 4.27779 -4.61889 53
    endloop
  endfacet
  facet normal -0.91086 0.412716 0
    outer loop
      vertex 6.61889 -2.27779 53
      vertex 6.75798 -1.97082 69
      vertex 6.75798 -1.97082 53
    endloop
  endfacet
  facet normal -0.91086 0.412716 0
    outer loop
      vertex 6.75798 -1.97082 69
      vertex 6.61889 -2.27779 53
      vertex 6.61889 -2.27779 69
    endloop
  endfacet
  facet normal -0.162907 0.986641 0
    outer loop
      vertex 3.00471 -5.05104 53
      vertex 2.67221 -5.10594 69
      vertex 3.00471 -5.05104 69
    endloop
  endfacet
  facet normal -0.162907 0.986641 0
    outer loop
      vertex 2.67221 -5.10594 69
      vertex 3.00471 -5.05104 53
      vertex 2.67221 -5.10594 53
    endloop
  endfacet
  facet normal -0.412716 0.91086 0
    outer loop
      vertex 4.27779 -4.61889 53
      vertex 3.97082 -4.75798 69
      vertex 4.27779 -4.61889 69
    endloop
  endfacet
  facet normal -0.412716 0.91086 0
    outer loop
      vertex 3.97082 -4.75798 69
      vertex 4.27779 -4.61889 53
      vertex 3.97082 -4.75798 53
    endloop
  endfacet
  facet normal 0.999464 0.0327294 0
    outer loop
      vertex -7.13897 -0.336825 69
      vertex -7.15 0 53
      vertex -7.15 0 69
    endloop
  endfacet
  facet normal 0.999464 0.0327294 0
    outer loop
      vertex -7.15 0 53
      vertex -7.13897 -0.336825 69
      vertex -7.13897 -0.336825 53
    endloop
  endfacet
  facet normal -0.849208 0.528058 0
    outer loop
      vertex 6.28207 -2.86119 53
      vertex 6.46003 -2.575 69
      vertex 6.46003 -2.575 53
    endloop
  endfacet
  facet normal -0.849208 0.528058 0
    outer loop
      vertex 6.46003 -2.575 69
      vertex 6.28207 -2.86119 53
      vertex 6.28207 -2.86119 69
    endloop
  endfacet
  facet normal 0.412716 0.91086 -0
    outer loop
      vertex -3.97082 -4.75798 53
      vertex -4.27779 -4.61889 69
      vertex -3.97082 -4.75798 69
    endloop
  endfacet
  facet normal 0.412716 0.91086 0
    outer loop
      vertex -4.27779 -4.61889 69
      vertex -3.97082 -4.75798 53
      vertex -4.27779 -4.61889 53
    endloop
  endfacet
  facet normal 0.290295 -0.956937 0
    outer loop
      vertex -3.65541 4.87669 53
      vertex -3.33292 4.97452 69
      vertex -3.65541 4.87669 69
    endloop
  endfacet
  facet normal 0.290295 -0.956937 0
    outer loop
      vertex -3.33292 4.97452 69
      vertex -3.65541 4.87669 53
      vertex -3.33292 4.97452 53
    endloop
  endfacet
  facet normal 0.999464 -0.0327294 0
    outer loop
      vertex -7.15 0 69
      vertex -7.13897 0.336825 53
      vertex -7.13897 0.336825 69
    endloop
  endfacet
  facet normal 0.999464 -0.0327294 0
    outer loop
      vertex -7.13897 0.336825 53
      vertex -7.15 0 69
      vertex -7.15 0 53
    endloop
  endfacet
  facet normal 0.683583 -0.729873 0
    outer loop
      vertex -5.6416 3.6416 53
      vertex -5.39563 3.87197 69
      vertex -5.6416 3.6416 69
    endloop
  endfacet
  facet normal 0.683583 -0.729873 0
    outer loop
      vertex -5.39563 3.87197 69
      vertex -5.6416 3.6416 53
      vertex -5.39563 3.87197 53
    endloop
  endfacet
  facet normal 0.0980111 -0.995185 0
    outer loop
      vertex -2.67221 5.10594 53
      vertex -2.33683 5.13897 69
      vertex -2.67221 5.10594 69
    endloop
  endfacet
  facet normal 0.0980111 -0.995185 0
    outer loop
      vertex -2.33683 5.13897 69
      vertex -2.67221 5.10594 53
      vertex -2.33683 5.13897 53
    endloop
  endfacet
  facet normal -0.81284 -0.582487 0
    outer loop
      vertex 6.28207 2.86119 53
      vertex 6.08577 3.13512 69
      vertex 6.08577 3.13512 53
    endloop
  endfacet
  facet normal -0.81284 -0.582487 0
    outer loop
      vertex 6.08577 3.13512 69
      vertex 6.28207 2.86119 53
      vertex 6.28207 2.86119 69
    endloop
  endfacet
  facet normal -0.995185 0.0980097 0
    outer loop
      vertex 7.10594 -0.67221 53
      vertex 7.13897 -0.336825 69
      vertex 7.13897 -0.336825 53
    endloop
  endfacet
  facet normal -0.995185 0.0980097 0
    outer loop
      vertex 7.13897 -0.336825 69
      vertex 7.10594 -0.67221 53
      vertex 7.10594 -0.67221 69
    endloop
  endfacet
  facet normal 0.162907 0.986641 -0
    outer loop
      vertex -2.67221 -5.10594 53
      vertex -3.00471 -5.05104 69
      vertex -2.67221 -5.10594 69
    endloop
  endfacet
  facet normal 0.162907 0.986641 0
    outer loop
      vertex -3.00471 -5.05104 69
      vertex -2.67221 -5.10594 53
      vertex -3.00471 -5.05104 53
    endloop
  endfacet
  facet normal -0.683583 0.729873 0
    outer loop
      vertex 5.6416 -3.6416 53
      vertex 5.39563 -3.87197 69
      vertex 5.6416 -3.6416 69
    endloop
  endfacet
  facet normal -0.683583 0.729873 0
    outer loop
      vertex 5.39563 -3.87197 69
      vertex 5.6416 -3.6416 53
      vertex 5.39563 -3.87197 53
    endloop
  endfacet
  facet normal 0.0327289 -0.999464 0
    outer loop
      vertex -2.33683 5.13897 53
      vertex -2 5.15 69
      vertex -2.33683 5.13897 69
    endloop
  endfacet
  facet normal 0.0327289 -0.999464 0
    outer loop
      vertex -2 5.15 69
      vertex -2.33683 5.13897 53
      vertex -2 5.15 53
    endloop
  endfacet
  facet normal 0.935908 -0.352245 0
    outer loop
      vertex -6.87669 1.65541 69
      vertex -6.75798 1.97082 53
      vertex -6.75798 1.97082 69
    endloop
  endfacet
  facet normal 0.935908 -0.352245 0
    outer loop
      vertex -6.75798 1.97082 53
      vertex -6.87669 1.65541 69
      vertex -6.87669 1.65541 53
    endloop
  endfacet
  facet normal 0.0980111 0.995185 -0
    outer loop
      vertex -2.33683 -5.13897 53
      vertex -2.67221 -5.10594 69
      vertex -2.33683 -5.13897 69
    endloop
  endfacet
  facet normal 0.0980111 0.995185 0
    outer loop
      vertex -2.67221 -5.10594 69
      vertex -2.33683 -5.13897 53
      vertex -2.67221 -5.10594 53
    endloop
  endfacet
  facet normal -0.729873 0.683583 0
    outer loop
      vertex 5.6416 -3.6416 53
      vertex 5.87197 -3.39563 69
      vertex 5.87197 -3.39563 53
    endloop
  endfacet
  facet normal -0.729873 0.683583 0
    outer loop
      vertex 5.87197 -3.39563 69
      vertex 5.6416 -3.6416 53
      vertex 5.6416 -3.6416 69
    endloop
  endfacet
  facet normal 0.81284 0.582487 0
    outer loop
      vertex -6.08577 -3.13512 69
      vertex -6.28207 -2.86119 53
      vertex -6.28207 -2.86119 69
    endloop
  endfacet
  facet normal 0.81284 0.582487 0
    outer loop
      vertex -6.28207 -2.86119 53
      vertex -6.08577 -3.13512 69
      vertex -6.08577 -3.13512 53
    endloop
  endfacet
  facet normal 0.528058 -0.849208 0
    outer loop
      vertex -4.86119 4.28207 53
      vertex -4.575 4.46003 69
      vertex -4.86119 4.28207 69
    endloop
  endfacet
  facet normal 0.528058 -0.849208 0
    outer loop
      vertex -4.575 4.46003 69
      vertex -4.86119 4.28207 53
      vertex -4.575 4.46003 53
    endloop
  endfacet
  facet normal 0.773003 -0.634402 0
    outer loop
      vertex -6.08577 3.13512 69
      vertex -5.87197 3.39563 53
      vertex -5.87197 3.39563 69
    endloop
  endfacet
  facet normal 0.773003 -0.634402 0
    outer loop
      vertex -5.87197 3.39563 53
      vertex -6.08577 3.13512 69
      vertex -6.08577 3.13512 53
    endloop
  endfacet
  facet normal -0.634402 -0.773003 0
    outer loop
      vertex 5.13512 4.08577 53
      vertex 5.39563 3.87197 69
      vertex 5.13512 4.08577 69
    endloop
  endfacet
  facet normal -0.634402 -0.773003 -0
    outer loop
      vertex 5.39563 3.87197 69
      vertex 5.13512 4.08577 53
      vertex 5.39563 3.87197 53
    endloop
  endfacet
  facet normal -0.881924 0.471392 0
    outer loop
      vertex 6.46003 -2.575 53
      vertex 6.61889 -2.27779 69
      vertex 6.61889 -2.27779 53
    endloop
  endfacet
  facet normal -0.881924 0.471392 0
    outer loop
      vertex 6.61889 -2.27779 69
      vertex 6.46003 -2.575 53
      vertex 6.46003 -2.575 69
    endloop
  endfacet
  facet normal -0.528058 -0.849208 0
    outer loop
      vertex 4.575 4.46003 53
      vertex 4.86119 4.28207 69
      vertex 4.575 4.46003 69
    endloop
  endfacet
  facet normal -0.528058 -0.849208 -0
    outer loop
      vertex 4.86119 4.28207 69
      vertex 4.575 4.46003 53
      vertex 4.86119 4.28207 53
    endloop
  endfacet
  facet normal 0.471392 -0.881924 0
    outer loop
      vertex -4.575 4.46003 53
      vertex -4.27779 4.61889 69
      vertex -4.575 4.46003 69
    endloop
  endfacet
  facet normal 0.471392 -0.881924 0
    outer loop
      vertex -4.27779 4.61889 69
      vertex -4.575 4.46003 53
      vertex -4.27779 4.61889 53
    endloop
  endfacet
  facet normal -0.162907 -0.986641 0
    outer loop
      vertex 2.67221 5.10594 53
      vertex 3.00471 5.05104 69
      vertex 2.67221 5.10594 69
    endloop
  endfacet
  facet normal -0.162907 -0.986641 -0
    outer loop
      vertex 3.00471 5.05104 69
      vertex 2.67221 5.10594 53
      vertex 3.00471 5.05104 53
    endloop
  endfacet
  facet normal 0.956937 -0.290295 0
    outer loop
      vertex -6.97452 1.33292 69
      vertex -6.87669 1.65541 53
      vertex -6.87669 1.65541 69
    endloop
  endfacet
  facet normal 0.956937 -0.290295 0
    outer loop
      vertex -6.87669 1.65541 53
      vertex -6.97452 1.33292 69
      vertex -6.97452 1.33292 53
    endloop
  endfacet
  facet normal -0.935908 0.352245 0
    outer loop
      vertex 6.75798 -1.97082 53
      vertex 6.87669 -1.65541 69
      vertex 6.87669 -1.65541 53
    endloop
  endfacet
  facet normal -0.935908 0.352245 0
    outer loop
      vertex 6.87669 -1.65541 69
      vertex 6.75798 -1.97082 53
      vertex 6.75798 -1.97082 69
    endloop
  endfacet
  facet normal -0.0980111 0.995185 0
    outer loop
      vertex 2.67221 -5.10594 53
      vertex 2.33683 -5.13897 69
      vertex 2.67221 -5.10594 69
    endloop
  endfacet
  facet normal -0.0980111 0.995185 0
    outer loop
      vertex 2.33683 -5.13897 69
      vertex 2.67221 -5.10594 53
      vertex 2.33683 -5.13897 53
    endloop
  endfacet
  facet normal 0.582487 -0.81284 0
    outer loop
      vertex -5.13512 4.08577 53
      vertex -4.86119 4.28207 69
      vertex -5.13512 4.08577 69
    endloop
  endfacet
  facet normal 0.582487 -0.81284 0
    outer loop
      vertex -4.86119 4.28207 69
      vertex -5.13512 4.08577 53
      vertex -4.86119 4.28207 53
    endloop
  endfacet
  facet normal 0.227054 -0.973882 0
    outer loop
      vertex -3.33292 4.97452 53
      vertex -3.00471 5.05104 69
      vertex -3.33292 4.97452 69
    endloop
  endfacet
  facet normal 0.227054 -0.973882 0
    outer loop
      vertex -3.00471 5.05104 69
      vertex -3.33292 4.97452 53
      vertex -3.00471 5.05104 53
    endloop
  endfacet
  facet normal -0.528058 0.849208 0
    outer loop
      vertex 4.86119 -4.28207 53
      vertex 4.575 -4.46003 69
      vertex 4.86119 -4.28207 69
    endloop
  endfacet
  facet normal -0.528058 0.849208 0
    outer loop
      vertex 4.575 -4.46003 69
      vertex 4.86119 -4.28207 53
      vertex 4.575 -4.46003 53
    endloop
  endfacet
  facet normal 0.412716 -0.91086 0
    outer loop
      vertex -4.27779 4.61889 53
      vertex -3.97082 4.75798 69
      vertex -4.27779 4.61889 69
    endloop
  endfacet
  facet normal 0.412716 -0.91086 0
    outer loop
      vertex -3.97082 4.75798 69
      vertex -4.27779 4.61889 53
      vertex -3.97082 4.75798 53
    endloop
  endfacet
  facet normal -0.227054 0.973882 0
    outer loop
      vertex 3.33292 -4.97452 53
      vertex 3.00471 -5.05104 69
      vertex 3.33292 -4.97452 69
    endloop
  endfacet
  facet normal -0.227054 0.973882 0
    outer loop
      vertex 3.00471 -5.05104 69
      vertex 3.33292 -4.97452 53
      vertex 3.00471 -5.05104 53
    endloop
  endfacet
  facet normal -0.773003 -0.634402 0
    outer loop
      vertex 6.08577 3.13512 53
      vertex 5.87197 3.39563 69
      vertex 5.87197 3.39563 53
    endloop
  endfacet
  facet normal -0.773003 -0.634402 0
    outer loop
      vertex 5.87197 3.39563 69
      vertex 6.08577 3.13512 53
      vertex 6.08577 3.13512 69
    endloop
  endfacet
  facet normal -0.634402 0.773003 0
    outer loop
      vertex 5.39563 -3.87197 53
      vertex 5.13512 -4.08577 69
      vertex 5.39563 -3.87197 69
    endloop
  endfacet
  facet normal -0.634402 0.773003 0
    outer loop
      vertex 5.13512 -4.08577 69
      vertex 5.39563 -3.87197 53
      vertex 5.13512 -4.08577 53
    endloop
  endfacet
  facet normal -0.352245 0.935908 0
    outer loop
      vertex 3.97082 -4.75798 53
      vertex 3.65541 -4.87669 69
      vertex 3.97082 -4.75798 69
    endloop
  endfacet
  facet normal -0.352245 0.935908 0
    outer loop
      vertex 3.65541 -4.87669 69
      vertex 3.97082 -4.75798 53
      vertex 3.65541 -4.87669 53
    endloop
  endfacet
  facet normal 0.162907 -0.986641 0
    outer loop
      vertex -3.00471 5.05104 53
      vertex -2.67221 5.10594 69
      vertex -3.00471 5.05104 69
    endloop
  endfacet
  facet normal 0.162907 -0.986641 0
    outer loop
      vertex -2.67221 5.10594 69
      vertex -3.00471 5.05104 53
      vertex -2.67221 5.10594 53
    endloop
  endfacet
  facet normal 0.995185 0.0980097 0
    outer loop
      vertex -7.10594 -0.67221 69
      vertex -7.13897 -0.336825 53
      vertex -7.13897 -0.336825 69
    endloop
  endfacet
  facet normal 0.995185 0.0980097 0
    outer loop
      vertex -7.13897 -0.336825 53
      vertex -7.10594 -0.67221 69
      vertex -7.10594 -0.67221 53
    endloop
  endfacet
  facet normal -0.582487 -0.81284 0
    outer loop
      vertex 4.86119 4.28207 53
      vertex 5.13512 4.08577 69
      vertex 4.86119 4.28207 69
    endloop
  endfacet
  facet normal -0.582487 -0.81284 -0
    outer loop
      vertex 5.13512 4.08577 69
      vertex 4.86119 4.28207 53
      vertex 5.13512 4.08577 53
    endloop
  endfacet
  facet normal 0.986641 -0.162907 0
    outer loop
      vertex -7.10594 0.67221 69
      vertex -7.05104 1.00471 53
      vertex -7.05104 1.00471 69
    endloop
  endfacet
  facet normal 0.986641 -0.162907 0
    outer loop
      vertex -7.05104 1.00471 53
      vertex -7.10594 0.67221 69
      vertex -7.10594 0.67221 53
    endloop
  endfacet
  facet normal 0.849208 0.528058 0
    outer loop
      vertex -6.28207 -2.86119 69
      vertex -6.46003 -2.575 53
      vertex -6.46003 -2.575 69
    endloop
  endfacet
  facet normal 0.849208 0.528058 0
    outer loop
      vertex -6.46003 -2.575 53
      vertex -6.28207 -2.86119 69
      vertex -6.28207 -2.86119 53
    endloop
  endfacet
  facet normal 0.881924 -0.471392 0
    outer loop
      vertex -6.61889 2.27779 69
      vertex -6.46003 2.575 53
      vertex -6.46003 2.575 69
    endloop
  endfacet
  facet normal 0.881924 -0.471392 0
    outer loop
      vertex -6.46003 2.575 53
      vertex -6.61889 2.27779 69
      vertex -6.61889 2.27779 53
    endloop
  endfacet
  facet normal 0.352245 -0.935908 0
    outer loop
      vertex -3.97082 4.75798 53
      vertex -3.65541 4.87669 69
      vertex -3.97082 4.75798 69
    endloop
  endfacet
  facet normal 0.352245 -0.935908 0
    outer loop
      vertex -3.65541 4.87669 69
      vertex -3.97082 4.75798 53
      vertex -3.65541 4.87669 53
    endloop
  endfacet
  facet normal -0.999464 0.0327294 0
    outer loop
      vertex 7.13897 -0.336825 53
      vertex 7.15 0 69
      vertex 7.15 0 53
    endloop
  endfacet
  facet normal -0.999464 0.0327294 0
    outer loop
      vertex 7.15 0 69
      vertex 7.13897 -0.336825 53
      vertex 7.13897 -0.336825 69
    endloop
  endfacet
  facet normal -0.290295 -0.956937 0
    outer loop
      vertex 3.33292 4.97452 53
      vertex 3.65541 4.87669 69
      vertex 3.33292 4.97452 69
    endloop
  endfacet
  facet normal -0.290295 -0.956937 -0
    outer loop
      vertex 3.65541 4.87669 69
      vertex 3.33292 4.97452 53
      vertex 3.65541 4.87669 53
    endloop
  endfacet
  facet normal -0.973882 0.227054 0
    outer loop
      vertex 6.97452 -1.33292 53
      vertex 7.05104 -1.00471 69
      vertex 7.05104 -1.00471 53
    endloop
  endfacet
  facet normal -0.973882 0.227054 0
    outer loop
      vertex 7.05104 -1.00471 69
      vertex 6.97452 -1.33292 53
      vertex 6.97452 -1.33292 69
    endloop
  endfacet
  facet normal 0.81284 -0.582487 0
    outer loop
      vertex -6.28207 2.86119 69
      vertex -6.08577 3.13512 53
      vertex -6.08577 3.13512 69
    endloop
  endfacet
  facet normal 0.81284 -0.582487 0
    outer loop
      vertex -6.08577 3.13512 53
      vertex -6.28207 2.86119 69
      vertex -6.28207 2.86119 53
    endloop
  endfacet
  facet normal -0.0980111 -0.995185 0
    outer loop
      vertex 2.33683 5.13897 53
      vertex 2.67221 5.10594 69
      vertex 2.33683 5.13897 69
    endloop
  endfacet
  facet normal -0.0980111 -0.995185 -0
    outer loop
      vertex 2.67221 5.10594 69
      vertex 2.33683 5.13897 53
      vertex 2.67221 5.10594 53
    endloop
  endfacet
  facet normal -0.352245 -0.935908 0
    outer loop
      vertex 3.65541 4.87669 53
      vertex 3.97082 4.75798 69
      vertex 3.65541 4.87669 69
    endloop
  endfacet
  facet normal -0.352245 -0.935908 -0
    outer loop
      vertex 3.97082 4.75798 69
      vertex 3.65541 4.87669 53
      vertex 3.97082 4.75798 53
    endloop
  endfacet
  facet normal 0.634402 -0.773003 0
    outer loop
      vertex -5.39563 3.87197 53
      vertex -5.13512 4.08577 69
      vertex -5.39563 3.87197 69
    endloop
  endfacet
  facet normal 0.634402 -0.773003 0
    outer loop
      vertex -5.13512 4.08577 69
      vertex -5.39563 3.87197 53
      vertex -5.13512 4.08577 53
    endloop
  endfacet
  facet normal -0.986641 0.162907 0
    outer loop
      vertex 7.05104 -1.00471 53
      vertex 7.10594 -0.67221 69
      vertex 7.10594 -0.67221 53
    endloop
  endfacet
  facet normal -0.986641 0.162907 0
    outer loop
      vertex 7.10594 -0.67221 69
      vertex 7.05104 -1.00471 53
      vertex 7.05104 -1.00471 69
    endloop
  endfacet
  facet normal -0.729873 -0.683583 0
    outer loop
      vertex 5.87197 3.39563 53
      vertex 5.6416 3.6416 69
      vertex 5.6416 3.6416 53
    endloop
  endfacet
  facet normal -0.729873 -0.683583 0
    outer loop
      vertex 5.6416 3.6416 69
      vertex 5.87197 3.39563 53
      vertex 5.87197 3.39563 69
    endloop
  endfacet
  facet normal -0.582487 0.81284 0
    outer loop
      vertex 5.13512 -4.08577 53
      vertex 4.86119 -4.28207 69
      vertex 5.13512 -4.08577 69
    endloop
  endfacet
  facet normal -0.582487 0.81284 0
    outer loop
      vertex 4.86119 -4.28207 69
      vertex 5.13512 -4.08577 53
      vertex 4.86119 -4.28207 53
    endloop
  endfacet
endsolid OpenSCAD_Model
