solid OpenSCAD_Model
  facet normal -0.032727 -0.999464 0
    outer loop
      vertex -12 2.25 3
      vertex -11.8528 2.24518 25
      vertex -12 2.25 25
    endloop
  endfacet
  facet normal -0.032727 -0.999464 -0
    outer loop
      vertex -11.8528 2.24518 25
      vertex -12 2.25 3
      vertex -11.8528 2.24518 3
    endloop
  endfacet
  facet normal -0.995186 -0.0980067 0
    outer loop
      vertex -9.75482 0.147157 3
      vertex -9.76925 0.293683 25
      vertex -9.76925 0.293683 3
    endloop
  endfacet
  facet normal -0.995186 -0.0980067 0
    outer loop
      vertex -9.76925 0.293683 25
      vertex -9.75482 0.147157 3
      vertex -9.75482 0.147157 25
    endloop
  endfacet
  facet normal -0.999464 -0.0327366 0
    outer loop
      vertex -9.75 0 3
      vertex -9.75482 0.147157 25
      vertex -9.75482 0.147157 3
    endloop
  endfacet
  facet normal -0.999464 -0.0327366 0
    outer loop
      vertex -9.75482 0.147157 25
      vertex -9.75 0 3
      vertex -9.75 0 25
    endloop
  endfacet
  facet normal -0.986648 -0.162869 0
    outer loop
      vertex -9.76925 0.293683 3
      vertex -9.79323 0.438952 25
      vertex -9.79323 0.438952 3
    endloop
  endfacet
  facet normal -0.986648 -0.162869 0
    outer loop
      vertex -9.79323 0.438952 25
      vertex -9.76925 0.293683 3
      vertex -9.76925 0.293683 25
    endloop
  endfacet
  facet normal 0.973778 0.227502 0
    outer loop
      vertex -14.1733 -0.582342 25
      vertex -14.2068 -0.438952 3
      vertex -14.2068 -0.438952 25
    endloop
  endfacet
  facet normal 0.973778 0.227502 0
    outer loop
      vertex -14.2068 -0.438952 3
      vertex -14.1733 -0.582342 25
      vertex -14.1733 -0.582342 3
    endloop
  endfacet
  facet normal -0.0980239 0.995184 0
    outer loop
      vertex -11.7063 -2.23075 3
      vertex -11.8528 -2.24518 25
      vertex -11.7063 -2.23075 25
    endloop
  endfacet
  facet normal -0.0980239 0.995184 0
    outer loop
      vertex -11.8528 -2.24518 25
      vertex -11.7063 -2.23075 3
      vertex -11.8528 -2.24518 3
    endloop
  endfacet
  facet normal 0.582452 0.812865 -0
    outer loop
      vertex -13.25 -1.87081 3
      vertex -13.3697 -1.78504 25
      vertex -13.25 -1.87081 25
    endloop
  endfacet
  facet normal 0.582452 0.812865 0
    outer loop
      vertex -13.3697 -1.78504 25
      vertex -13.25 -1.87081 3
      vertex -13.3697 -1.78504 3
    endloop
  endfacet
  facet normal -0.032727 0.999464 0
    outer loop
      vertex -11.8528 -2.24518 3
      vertex -12 -2.25 25
      vertex -11.8528 -2.24518 25
    endloop
  endfacet
  facet normal -0.032727 0.999464 0
    outer loop
      vertex -12 -2.25 25
      vertex -11.8528 -2.24518 3
      vertex -12 -2.25 3
    endloop
  endfacet
  facet normal 0.986626 -0.163001 0
    outer loop
      vertex -14.2308 0.293683 25
      vertex -14.2068 0.438952 3
      vertex -14.2068 0.438952 25
    endloop
  endfacet
  facet normal 0.986626 -0.163001 0
    outer loop
      vertex -14.2068 0.438952 3
      vertex -14.2308 0.293683 25
      vertex -14.2308 0.293683 3
    endloop
  endfacet
  facet normal -0.882053 -0.471149 0
    outer loop
      vertex -9.98204 0.995149 3
      vertex -10.0514 1.125 25
      vertex -10.0514 1.125 3
    endloop
  endfacet
  facet normal -0.882053 -0.471149 0
    outer loop
      vertex -10.0514 1.125 25
      vertex -9.98204 0.995149 3
      vertex -9.98204 0.995149 25
    endloop
  endfacet
  facet normal 0.935825 -0.352465 0
    outer loop
      vertex -14.1306 0.723238 25
      vertex -14.0787 0.861037 3
      vertex -14.0787 0.861037 25
    endloop
  endfacet
  facet normal 0.935825 -0.352465 0
    outer loop
      vertex -14.0787 0.861037 3
      vertex -14.1306 0.723238 25
      vertex -14.1306 0.723238 3
    endloop
  endfacet
  facet normal -0.956941 -0.290283 0
    outer loop
      vertex -9.82667 0.582342 3
      vertex -9.86941 0.723238 25
      vertex -9.86941 0.723238 3
    endloop
  endfacet
  facet normal -0.956941 -0.290283 0
    outer loop
      vertex -9.86941 0.723238 25
      vertex -9.82667 0.582342 3
      vertex -9.82667 0.582342 25
    endloop
  endfacet
  facet normal 0.730024 0.683421 0
    outer loop
      vertex -13.591 -1.59099 25
      vertex -13.6916 -1.48353 3
      vertex -13.6916 -1.48353 25
    endloop
  endfacet
  facet normal 0.730024 0.683421 0
    outer loop
      vertex -13.6916 -1.48353 3
      vertex -13.591 -1.59099 25
      vertex -13.591 -1.59099 3
    endloop
  endfacet
  facet normal -0.812723 -0.582651 0
    outer loop
      vertex -10.1292 1.25003 3
      vertex -10.215 1.36971 25
      vertex -10.215 1.36971 3
    endloop
  endfacet
  facet normal -0.812723 -0.582651 0
    outer loop
      vertex -10.215 1.36971 25
      vertex -10.1292 1.25003 3
      vertex -10.1292 1.25003 25
    endloop
  endfacet
  facet normal 0.412764 0.910838 -0
    outer loop
      vertex -12.861 -2.07873 3
      vertex -12.9951 -2.01796 25
      vertex -12.861 -2.07873 25
    endloop
  endfacet
  facet normal 0.412764 0.910838 0
    outer loop
      vertex -12.9951 -2.01796 25
      vertex -12.861 -2.07873 3
      vertex -12.9951 -2.01796 3
    endloop
  endfacet
  facet normal -0.773043 0.634354 0
    outer loop
      vertex -10.3084 -1.48353 3
      vertex -10.215 -1.36971 25
      vertex -10.215 -1.36971 3
    endloop
  endfacet
  facet normal -0.773043 0.634354 0
    outer loop
      vertex -10.215 -1.36971 25
      vertex -10.3084 -1.48353 3
      vertex -10.3084 -1.48353 25
    endloop
  endfacet
  facet normal -0.910852 -0.412733 0
    outer loop
      vertex -9.92127 0.861037 3
      vertex -9.98204 0.995149 25
      vertex -9.98204 0.995149 3
    endloop
  endfacet
  facet normal -0.910852 -0.412733 0
    outer loop
      vertex -9.98204 0.995149 25
      vertex -9.92127 0.861037 3
      vertex -9.92127 0.861037 25
    endloop
  endfacet
  facet normal -0.999464 0.0327366 0
    outer loop
      vertex -9.75482 -0.147157 3
      vertex -9.75 0 25
      vertex -9.75 0 3
    endloop
  endfacet
  facet normal -0.999464 0.0327366 0
    outer loop
      vertex -9.75 0 25
      vertex -9.75482 -0.147157 3
      vertex -9.75482 -0.147157 25
    endloop
  endfacet
  facet normal 0.582452 -0.812865 0
    outer loop
      vertex -13.3697 1.78504 3
      vertex -13.25 1.87081 25
      vertex -13.3697 1.78504 25
    endloop
  endfacet
  facet normal 0.582452 -0.812865 0
    outer loop
      vertex -13.25 1.87081 25
      vertex -13.3697 1.78504 3
      vertex -13.25 1.87081 3
    endloop
  endfacet
  facet normal 0.849046 0.528319 0
    outer loop
      vertex -13.8708 -1.25003 25
      vertex -13.9486 -1.125 3
      vertex -13.9486 -1.125 25
    endloop
  endfacet
  facet normal 0.849046 0.528319 0
    outer loop
      vertex -13.9486 -1.125 3
      vertex -13.8708 -1.25003 25
      vertex -13.8708 -1.25003 3
    endloop
  endfacet
  facet normal 0.935825 0.352465 0
    outer loop
      vertex -14.0787 -0.861037 25
      vertex -14.1306 -0.723238 3
      vertex -14.1306 -0.723238 25
    endloop
  endfacet
  facet normal 0.935825 0.352465 0
    outer loop
      vertex -14.1306 -0.723238 3
      vertex -14.0787 -0.861037 25
      vertex -14.0787 -0.861037 3
    endloop
  endfacet
  facet normal -0.849046 -0.528319 0
    outer loop
      vertex -10.0514 1.125 3
      vertex -10.1292 1.25003 25
      vertex -10.1292 1.25003 3
    endloop
  endfacet
  facet normal -0.849046 -0.528319 0
    outer loop
      vertex -10.1292 1.25003 25
      vertex -10.0514 1.125 3
      vertex -10.0514 1.125 25
    endloop
  endfacet
  facet normal 0.683467 -0.729982 0
    outer loop
      vertex -13.591 1.59099 3
      vertex -13.4835 1.69164 25
      vertex -13.591 1.59099 25
    endloop
  endfacet
  facet normal 0.683467 -0.729982 0
    outer loop
      vertex -13.4835 1.69164 25
      vertex -13.591 1.59099 3
      vertex -13.4835 1.69164 3
    endloop
  endfacet
  facet normal -0.352225 -0.935915 0
    outer loop
      vertex -11.2768 2.13059 3
      vertex -11.139 2.07873 25
      vertex -11.2768 2.13059 25
    endloop
  endfacet
  facet normal -0.352225 -0.935915 -0
    outer loop
      vertex -11.139 2.07873 25
      vertex -11.2768 2.13059 3
      vertex -11.139 2.07873 3
    endloop
  endfacet
  facet normal -0.227251 0.973836 0
    outer loop
      vertex -11.4177 -2.17333 3
      vertex -11.561 -2.20677 25
      vertex -11.4177 -2.17333 25
    endloop
  endfacet
  facet normal -0.227251 0.973836 0
    outer loop
      vertex -11.561 -2.20677 25
      vertex -11.4177 -2.17333 3
      vertex -11.561 -2.20677 3
    endloop
  endfacet
  facet normal -0.528166 0.849141 0
    outer loop
      vertex -10.75 -1.87081 3
      vertex -10.875 -1.94856 25
      vertex -10.75 -1.87081 25
    endloop
  endfacet
  facet normal -0.528166 0.849141 0
    outer loop
      vertex -10.875 -1.94856 25
      vertex -10.75 -1.87081 3
      vertex -10.875 -1.94856 3
    endloop
  endfacet
  facet normal 0.412764 -0.910838 0
    outer loop
      vertex -12.9951 2.01796 3
      vertex -12.861 2.07873 25
      vertex -12.9951 2.01796 25
    endloop
  endfacet
  facet normal 0.412764 -0.910838 0
    outer loop
      vertex -12.861 2.07873 25
      vertex -12.9951 2.01796 3
      vertex -12.861 2.07873 3
    endloop
  endfacet
  facet normal -0.582452 -0.812865 0
    outer loop
      vertex -10.75 1.87081 3
      vertex -10.6303 1.78504 25
      vertex -10.75 1.87081 25
    endloop
  endfacet
  facet normal -0.582452 -0.812865 -0
    outer loop
      vertex -10.6303 1.78504 25
      vertex -10.75 1.87081 3
      vertex -10.6303 1.78504 3
    endloop
  endfacet
  facet normal 0.634421 -0.772988 0
    outer loop
      vertex -13.4835 1.69164 3
      vertex -13.3697 1.78504 25
      vertex -13.4835 1.69164 25
    endloop
  endfacet
  facet normal 0.634421 -0.772988 0
    outer loop
      vertex -13.3697 1.78504 25
      vertex -13.4835 1.69164 3
      vertex -13.3697 1.78504 3
    endloop
  endfacet
  facet normal 0.290275 0.956943 -0
    outer loop
      vertex -12.5823 -2.17333 3
      vertex -12.7232 -2.13059 25
      vertex -12.5823 -2.17333 25
    endloop
  endfacet
  facet normal 0.290275 0.956943 0
    outer loop
      vertex -12.7232 -2.13059 25
      vertex -12.5823 -2.17333 3
      vertex -12.7232 -2.13059 3
    endloop
  endfacet
  facet normal -0.973868 0.227116 0
    outer loop
      vertex -9.82667 -0.582342 3
      vertex -9.79323 -0.438952 25
      vertex -9.79323 -0.438952 3
    endloop
  endfacet
  facet normal -0.973868 0.227116 0
    outer loop
      vertex -9.79323 -0.438952 25
      vertex -9.82667 -0.582342 3
      vertex -9.82667 -0.582342 25
    endloop
  endfacet
  facet normal 0.0980239 0.995184 -0
    outer loop
      vertex -12.1472 -2.24518 3
      vertex -12.2937 -2.23075 25
      vertex -12.1472 -2.24518 25
    endloop
  endfacet
  facet normal 0.0980239 0.995184 0
    outer loop
      vertex -12.2937 -2.23075 25
      vertex -12.1472 -2.24518 3
      vertex -12.2937 -2.23075 3
    endloop
  endfacet
  facet normal -0.528166 -0.849141 0
    outer loop
      vertex -10.875 1.94856 3
      vertex -10.75 1.87081 25
      vertex -10.875 1.94856 25
    endloop
  endfacet
  facet normal -0.528166 -0.849141 -0
    outer loop
      vertex -10.75 1.87081 25
      vertex -10.875 1.94856 3
      vertex -10.75 1.87081 3
    endloop
  endfacet
  facet normal -0.973868 -0.227116 0
    outer loop
      vertex -9.79323 0.438952 3
      vertex -9.82667 0.582342 25
      vertex -9.82667 0.582342 3
    endloop
  endfacet
  facet normal -0.973868 -0.227116 0
    outer loop
      vertex -9.82667 0.582342 25
      vertex -9.79323 0.438952 3
      vertex -9.79323 0.438952 25
    endloop
  endfacet
  facet normal -0.471222 -0.882014 0
    outer loop
      vertex -11.0049 2.01796 3
      vertex -10.875 1.94856 25
      vertex -11.0049 2.01796 25
    endloop
  endfacet
  facet normal -0.471222 -0.882014 -0
    outer loop
      vertex -10.875 1.94856 25
      vertex -11.0049 2.01796 3
      vertex -10.875 1.94856 3
    endloop
  endfacet
  facet normal -0.935915 0.352227 0
    outer loop
      vertex -9.92127 -0.861037 3
      vertex -9.86941 -0.723238 25
      vertex -9.86941 -0.723238 3
    endloop
  endfacet
  facet normal -0.935915 0.352227 0
    outer loop
      vertex -9.86941 -0.723238 25
      vertex -9.92127 -0.861037 3
      vertex -9.92127 -0.861037 25
    endloop
  endfacet
  facet normal -0.812723 0.582651 0
    outer loop
      vertex -10.215 -1.36971 3
      vertex -10.1292 -1.25003 25
      vertex -10.1292 -1.25003 3
    endloop
  endfacet
  facet normal -0.812723 0.582651 0
    outer loop
      vertex -10.1292 -1.25003 25
      vertex -10.215 -1.36971 3
      vertex -10.215 -1.36971 25
    endloop
  endfacet
  facet normal -0.471222 0.882014 0
    outer loop
      vertex -10.875 -1.94856 3
      vertex -11.0049 -2.01796 25
      vertex -10.875 -1.94856 25
    endloop
  endfacet
  facet normal -0.471222 0.882014 0
    outer loop
      vertex -11.0049 -2.01796 25
      vertex -10.875 -1.94856 3
      vertex -11.0049 -2.01796 3
    endloop
  endfacet
  facet normal -0.910852 0.412733 0
    outer loop
      vertex -9.98204 -0.995149 3
      vertex -9.92127 -0.861037 25
      vertex -9.92127 -0.861037 3
    endloop
  endfacet
  facet normal -0.910852 0.412733 0
    outer loop
      vertex -9.92127 -0.861037 25
      vertex -9.98204 -0.995149 3
      vertex -9.98204 -0.995149 25
    endloop
  endfacet
  facet normal -0.683467 -0.729982 0
    outer loop
      vertex -10.5165 1.69164 3
      vertex -10.409 1.59099 25
      vertex -10.5165 1.69164 25
    endloop
  endfacet
  facet normal -0.683467 -0.729982 -0
    outer loop
      vertex -10.409 1.59099 25
      vertex -10.5165 1.69164 3
      vertex -10.409 1.59099 3
    endloop
  endfacet
  facet normal 0.352225 -0.935915 0
    outer loop
      vertex -12.861 2.07873 3
      vertex -12.7232 2.13059 25
      vertex -12.861 2.07873 25
    endloop
  endfacet
  facet normal 0.352225 -0.935915 0
    outer loop
      vertex -12.7232 2.13059 25
      vertex -12.861 2.07873 3
      vertex -12.7232 2.13059 3
    endloop
  endfacet
  facet normal 0.528166 -0.849141 0
    outer loop
      vertex -13.25 1.87081 3
      vertex -13.125 1.94856 25
      vertex -13.25 1.87081 25
    endloop
  endfacet
  facet normal 0.528166 -0.849141 0
    outer loop
      vertex -13.125 1.94856 25
      vertex -13.25 1.87081 3
      vertex -13.125 1.94856 3
    endloop
  endfacet
  facet normal 0.352225 0.935915 -0
    outer loop
      vertex -12.7232 -2.13059 3
      vertex -12.861 -2.07873 25
      vertex -12.7232 -2.13059 25
    endloop
  endfacet
  facet normal 0.352225 0.935915 0
    outer loop
      vertex -12.861 -2.07873 25
      vertex -12.7232 -2.13059 3
      vertex -12.861 -2.07873 3
    endloop
  endfacet
  facet normal 0.849046 -0.528319 0
    outer loop
      vertex -13.9486 1.125 25
      vertex -13.8708 1.25003 3
      vertex -13.8708 1.25003 25
    endloop
  endfacet
  facet normal 0.849046 -0.528319 0
    outer loop
      vertex -13.8708 1.25003 3
      vertex -13.9486 1.125 25
      vertex -13.9486 1.125 3
    endloop
  endfacet
  facet normal -0.935915 -0.352227 0
    outer loop
      vertex -9.86941 0.723238 3
      vertex -9.92127 0.861037 25
      vertex -9.92127 0.861037 3
    endloop
  endfacet
  facet normal -0.935915 -0.352227 0
    outer loop
      vertex -9.92127 0.861037 25
      vertex -9.86941 0.723238 3
      vertex -9.86941 0.723238 25
    endloop
  endfacet
  facet normal 0.973778 -0.227502 0
    outer loop
      vertex -14.2068 0.438952 25
      vertex -14.1733 0.582342 3
      vertex -14.1733 0.582342 25
    endloop
  endfacet
  facet normal 0.973778 -0.227502 0
    outer loop
      vertex -14.1733 0.582342 3
      vertex -14.2068 0.438952 25
      vertex -14.2068 0.438952 3
    endloop
  endfacet
  facet normal -0.956941 0.290283 0
    outer loop
      vertex -9.86941 -0.723238 3
      vertex -9.82667 -0.582342 25
      vertex -9.82667 -0.582342 3
    endloop
  endfacet
  facet normal -0.956941 0.290283 0
    outer loop
      vertex -9.82667 -0.582342 25
      vertex -9.86941 -0.723238 3
      vertex -9.86941 -0.723238 25
    endloop
  endfacet
  facet normal -0.683467 0.729982 0
    outer loop
      vertex -10.409 -1.59099 3
      vertex -10.5165 -1.69164 25
      vertex -10.409 -1.59099 25
    endloop
  endfacet
  facet normal -0.683467 0.729982 0
    outer loop
      vertex -10.5165 -1.69164 25
      vertex -10.409 -1.59099 3
      vertex -10.5165 -1.69164 3
    endloop
  endfacet
  facet normal -0.412764 -0.910838 0
    outer loop
      vertex -11.139 2.07873 3
      vertex -11.0049 2.01796 25
      vertex -11.139 2.07873 25
    endloop
  endfacet
  facet normal -0.412764 -0.910838 -0
    outer loop
      vertex -11.0049 2.01796 25
      vertex -11.139 2.07873 3
      vertex -11.0049 2.01796 3
    endloop
  endfacet
  facet normal -0.227251 -0.973836 0
    outer loop
      vertex -11.561 2.20677 3
      vertex -11.4177 2.17333 25
      vertex -11.561 2.20677 25
    endloop
  endfacet
  facet normal -0.227251 -0.973836 -0
    outer loop
      vertex -11.4177 2.17333 25
      vertex -11.561 2.20677 3
      vertex -11.4177 2.17333 3
    endloop
  endfacet
  facet normal 0.812723 0.582651 0
    outer loop
      vertex -13.785 -1.36971 25
      vertex -13.8708 -1.25003 3
      vertex -13.8708 -1.25003 25
    endloop
  endfacet
  facet normal 0.812723 0.582651 0
    outer loop
      vertex -13.8708 -1.25003 3
      vertex -13.785 -1.36971 25
      vertex -13.785 -1.36971 3
    endloop
  endfacet
  facet normal -0.730024 0.683421 0
    outer loop
      vertex -10.409 -1.59099 3
      vertex -10.3084 -1.48353 25
      vertex -10.3084 -1.48353 3
    endloop
  endfacet
  facet normal -0.730024 0.683421 0
    outer loop
      vertex -10.3084 -1.48353 25
      vertex -10.409 -1.59099 3
      vertex -10.409 -1.59099 25
    endloop
  endfacet
  facet normal 0.032727 -0.999464 0
    outer loop
      vertex -12.1472 2.24518 3
      vertex -12 2.25 25
      vertex -12.1472 2.24518 25
    endloop
  endfacet
  facet normal 0.032727 -0.999464 0
    outer loop
      vertex -12 2.25 25
      vertex -12.1472 2.24518 3
      vertex -12 2.25 3
    endloop
  endfacet
  facet normal 0.999468 0.0326009 0
    outer loop
      vertex -14.2452 -0.147157 25
      vertex -14.25 0 3
      vertex -14.25 0 25
    endloop
  endfacet
  facet normal 0.999468 0.0326009 0
    outer loop
      vertex -14.25 0 3
      vertex -14.2452 -0.147157 25
      vertex -14.2452 -0.147157 3
    endloop
  endfacet
  facet normal 0.911031 -0.412339 0
    outer loop
      vertex -14.0787 0.861037 25
      vertex -14.018 0.995149 3
      vertex -14.018 0.995149 25
    endloop
  endfacet
  facet normal 0.911031 -0.412339 0
    outer loop
      vertex -14.018 0.995149 3
      vertex -14.0787 0.861037 25
      vertex -14.0787 0.861037 3
    endloop
  endfacet
  facet normal -0.773043 -0.634354 0
    outer loop
      vertex -10.215 1.36971 3
      vertex -10.3084 1.48353 25
      vertex -10.3084 1.48353 3
    endloop
  endfacet
  facet normal -0.773043 -0.634354 0
    outer loop
      vertex -10.3084 1.48353 25
      vertex -10.215 1.36971 3
      vertex -10.215 1.36971 25
    endloop
  endfacet
  facet normal 0.995206 0.0978049 0
    outer loop
      vertex -14.2308 -0.293683 25
      vertex -14.2452 -0.147157 3
      vertex -14.2452 -0.147157 25
    endloop
  endfacet
  facet normal 0.995206 0.0978049 0
    outer loop
      vertex -14.2452 -0.147157 3
      vertex -14.2308 -0.293683 25
      vertex -14.2308 -0.293683 3
    endloop
  endfacet
  facet normal 0.986626 0.163001 0
    outer loop
      vertex -14.2068 -0.438952 25
      vertex -14.2308 -0.293683 3
      vertex -14.2308 -0.293683 25
    endloop
  endfacet
  facet normal 0.986626 0.163001 0
    outer loop
      vertex -14.2308 -0.293683 3
      vertex -14.2068 -0.438952 25
      vertex -14.2068 -0.438952 3
    endloop
  endfacet
  facet normal -0.352225 0.935915 0
    outer loop
      vertex -11.139 -2.07873 3
      vertex -11.2768 -2.13059 25
      vertex -11.139 -2.07873 25
    endloop
  endfacet
  facet normal -0.352225 0.935915 0
    outer loop
      vertex -11.2768 -2.13059 25
      vertex -11.139 -2.07873 3
      vertex -11.2768 -2.13059 3
    endloop
  endfacet
  facet normal 0.0980239 -0.995184 0
    outer loop
      vertex -12.2937 2.23075 3
      vertex -12.1472 2.24518 25
      vertex -12.2937 2.23075 25
    endloop
  endfacet
  facet normal 0.0980239 -0.995184 0
    outer loop
      vertex -12.1472 2.24518 25
      vertex -12.2937 2.23075 3
      vertex -12.1472 2.24518 3
    endloop
  endfacet
  facet normal 0.911031 0.412339 0
    outer loop
      vertex -14.018 -0.995149 25
      vertex -14.0787 -0.861037 3
      vertex -14.0787 -0.861037 25
    endloop
  endfacet
  facet normal 0.911031 0.412339 0
    outer loop
      vertex -14.0787 -0.861037 3
      vertex -14.018 -0.995149 25
      vertex -14.018 -0.995149 3
    endloop
  endfacet
  facet normal -0.290275 0.956943 0
    outer loop
      vertex -11.2768 -2.13059 3
      vertex -11.4177 -2.17333 25
      vertex -11.2768 -2.13059 25
    endloop
  endfacet
  facet normal -0.290275 0.956943 0
    outer loop
      vertex -11.4177 -2.17333 25
      vertex -11.2768 -2.13059 3
      vertex -11.4177 -2.17333 3
    endloop
  endfacet
  facet normal -0.849046 0.528319 0
    outer loop
      vertex -10.1292 -1.25003 3
      vertex -10.0514 -1.125 25
      vertex -10.0514 -1.125 3
    endloop
  endfacet
  facet normal -0.849046 0.528319 0
    outer loop
      vertex -10.0514 -1.125 25
      vertex -10.1292 -1.25003 3
      vertex -10.1292 -1.25003 25
    endloop
  endfacet
  facet normal 0.730024 -0.683421 0
    outer loop
      vertex -13.6916 1.48353 25
      vertex -13.591 1.59099 3
      vertex -13.591 1.59099 25
    endloop
  endfacet
  facet normal 0.730024 -0.683421 0
    outer loop
      vertex -13.591 1.59099 3
      vertex -13.6916 1.48353 25
      vertex -13.6916 1.48353 3
    endloop
  endfacet
  facet normal -0.730024 -0.683421 0
    outer loop
      vertex -10.3084 1.48353 3
      vertex -10.409 1.59099 25
      vertex -10.409 1.59099 3
    endloop
  endfacet
  facet normal -0.730024 -0.683421 0
    outer loop
      vertex -10.409 1.59099 25
      vertex -10.3084 1.48353 3
      vertex -10.3084 1.48353 25
    endloop
  endfacet
  facet normal -0.0980239 -0.995184 0
    outer loop
      vertex -11.8528 2.24518 3
      vertex -11.7063 2.23075 25
      vertex -11.8528 2.24518 25
    endloop
  endfacet
  facet normal -0.0980239 -0.995184 -0
    outer loop
      vertex -11.7063 2.23075 25
      vertex -11.8528 2.24518 3
      vertex -11.7063 2.23075 3
    endloop
  endfacet
  facet normal -0.634421 -0.772988 0
    outer loop
      vertex -10.6303 1.78504 3
      vertex -10.5165 1.69164 25
      vertex -10.6303 1.78504 25
    endloop
  endfacet
  facet normal -0.634421 -0.772988 -0
    outer loop
      vertex -10.5165 1.69164 25
      vertex -10.6303 1.78504 3
      vertex -10.5165 1.69164 3
    endloop
  endfacet
  facet normal 0.290275 -0.956943 0
    outer loop
      vertex -12.7232 2.13059 3
      vertex -12.5823 2.17333 25
      vertex -12.7232 2.13059 25
    endloop
  endfacet
  facet normal 0.290275 -0.956943 0
    outer loop
      vertex -12.5823 2.17333 25
      vertex -12.7232 2.13059 3
      vertex -12.5823 2.17333 3
    endloop
  endfacet
  facet normal -0.634421 0.772988 0
    outer loop
      vertex -10.5165 -1.69164 3
      vertex -10.6303 -1.78504 25
      vertex -10.5165 -1.69164 25
    endloop
  endfacet
  facet normal -0.634421 0.772988 0
    outer loop
      vertex -10.6303 -1.78504 25
      vertex -10.5165 -1.69164 3
      vertex -10.6303 -1.78504 3
    endloop
  endfacet
  facet normal 0.162835 -0.986653 0
    outer loop
      vertex -12.439 2.20677 3
      vertex -12.2937 2.23075 25
      vertex -12.439 2.20677 25
    endloop
  endfacet
  facet normal 0.162835 -0.986653 0
    outer loop
      vertex -12.2937 2.23075 25
      vertex -12.439 2.20677 3
      vertex -12.2937 2.23075 3
    endloop
  endfacet
  facet normal 0.528166 0.849141 -0
    outer loop
      vertex -13.125 -1.94856 3
      vertex -13.25 -1.87081 25
      vertex -13.125 -1.94856 25
    endloop
  endfacet
  facet normal 0.528166 0.849141 0
    outer loop
      vertex -13.25 -1.87081 25
      vertex -13.125 -1.94856 3
      vertex -13.25 -1.87081 3
    endloop
  endfacet
  facet normal 0.162835 0.986653 -0
    outer loop
      vertex -12.2937 -2.23075 3
      vertex -12.439 -2.20677 25
      vertex -12.2937 -2.23075 25
    endloop
  endfacet
  facet normal 0.162835 0.986653 0
    outer loop
      vertex -12.439 -2.20677 25
      vertex -12.2937 -2.23075 3
      vertex -12.439 -2.20677 3
    endloop
  endfacet
  facet normal -0.162835 0.986653 0
    outer loop
      vertex -11.561 -2.20677 3
      vertex -11.7063 -2.23075 25
      vertex -11.561 -2.20677 25
    endloop
  endfacet
  facet normal -0.162835 0.986653 0
    outer loop
      vertex -11.7063 -2.23075 25
      vertex -11.561 -2.20677 3
      vertex -11.7063 -2.23075 3
    endloop
  endfacet
  facet normal -0.995186 0.0980067 0
    outer loop
      vertex -9.76925 -0.293683 3
      vertex -9.75482 -0.147157 25
      vertex -9.75482 -0.147157 3
    endloop
  endfacet
  facet normal -0.995186 0.0980067 0
    outer loop
      vertex -9.75482 -0.147157 25
      vertex -9.76925 -0.293683 3
      vertex -9.76925 -0.293683 25
    endloop
  endfacet
  facet normal -0.986648 0.162869 0
    outer loop
      vertex -9.79323 -0.438952 3
      vertex -9.76925 -0.293683 25
      vertex -9.76925 -0.293683 3
    endloop
  endfacet
  facet normal -0.986648 0.162869 0
    outer loop
      vertex -9.76925 -0.293683 25
      vertex -9.79323 -0.438952 3
      vertex -9.79323 -0.438952 25
    endloop
  endfacet
  facet normal 0.683467 0.729982 -0
    outer loop
      vertex -13.4835 -1.69164 3
      vertex -13.591 -1.59099 25
      vertex -13.4835 -1.69164 25
    endloop
  endfacet
  facet normal 0.683467 0.729982 0
    outer loop
      vertex -13.591 -1.59099 25
      vertex -13.4835 -1.69164 3
      vertex -13.591 -1.59099 3
    endloop
  endfacet
  facet normal 0.999468 -0.0326009 0
    outer loop
      vertex -14.25 0 25
      vertex -14.2452 0.147157 3
      vertex -14.2452 0.147157 25
    endloop
  endfacet
  facet normal 0.999468 -0.0326009 0
    outer loop
      vertex -14.2452 0.147157 3
      vertex -14.25 0 25
      vertex -14.25 0 3
    endloop
  endfacet
  facet normal 0.957016 0.290034 0
    outer loop
      vertex -14.1306 -0.723238 25
      vertex -14.1733 -0.582342 3
      vertex -14.1733 -0.582342 25
    endloop
  endfacet
  facet normal 0.957016 0.290034 0
    outer loop
      vertex -14.1733 -0.582342 3
      vertex -14.1306 -0.723238 25
      vertex -14.1306 -0.723238 3
    endloop
  endfacet
  facet normal -0.412764 0.910838 0
    outer loop
      vertex -11.0049 -2.01796 3
      vertex -11.139 -2.07873 25
      vertex -11.0049 -2.01796 25
    endloop
  endfacet
  facet normal -0.412764 0.910838 0
    outer loop
      vertex -11.139 -2.07873 25
      vertex -11.0049 -2.01796 3
      vertex -11.139 -2.07873 3
    endloop
  endfacet
  facet normal 0.995206 -0.0978049 0
    outer loop
      vertex -14.2452 0.147157 25
      vertex -14.2308 0.293683 3
      vertex -14.2308 0.293683 25
    endloop
  endfacet
  facet normal 0.995206 -0.0978049 0
    outer loop
      vertex -14.2308 0.293683 3
      vertex -14.2452 0.147157 25
      vertex -14.2452 0.147157 3
    endloop
  endfacet
  facet normal 0.773043 -0.634354 0
    outer loop
      vertex -13.785 1.36971 25
      vertex -13.6916 1.48353 3
      vertex -13.6916 1.48353 25
    endloop
  endfacet
  facet normal 0.773043 -0.634354 0
    outer loop
      vertex -13.6916 1.48353 3
      vertex -13.785 1.36971 25
      vertex -13.785 1.36971 3
    endloop
  endfacet
  facet normal 0.773043 0.634354 0
    outer loop
      vertex -13.6916 -1.48353 25
      vertex -13.785 -1.36971 3
      vertex -13.785 -1.36971 25
    endloop
  endfacet
  facet normal 0.773043 0.634354 0
    outer loop
      vertex -13.785 -1.36971 3
      vertex -13.6916 -1.48353 25
      vertex -13.6916 -1.48353 3
    endloop
  endfacet
  facet normal 0.88194 -0.471361 0
    outer loop
      vertex -14.018 0.995149 25
      vertex -13.9486 1.125 3
      vertex -13.9486 1.125 25
    endloop
  endfacet
  facet normal 0.88194 -0.471361 0
    outer loop
      vertex -13.9486 1.125 3
      vertex -14.018 0.995149 25
      vertex -14.018 0.995149 3
    endloop
  endfacet
  facet normal 0.032727 0.999464 -0
    outer loop
      vertex -12 -2.25 3
      vertex -12.1472 -2.24518 25
      vertex -12 -2.25 25
    endloop
  endfacet
  facet normal 0.032727 0.999464 0
    outer loop
      vertex -12.1472 -2.24518 25
      vertex -12 -2.25 3
      vertex -12.1472 -2.24518 3
    endloop
  endfacet
  facet normal -0.582452 0.812865 0
    outer loop
      vertex -10.6303 -1.78504 3
      vertex -10.75 -1.87081 25
      vertex -10.6303 -1.78504 25
    endloop
  endfacet
  facet normal -0.582452 0.812865 0
    outer loop
      vertex -10.75 -1.87081 25
      vertex -10.6303 -1.78504 3
      vertex -10.75 -1.87081 3
    endloop
  endfacet
  facet normal -0.162835 -0.986653 0
    outer loop
      vertex -11.7063 2.23075 3
      vertex -11.561 2.20677 25
      vertex -11.7063 2.23075 25
    endloop
  endfacet
  facet normal -0.162835 -0.986653 -0
    outer loop
      vertex -11.561 2.20677 25
      vertex -11.7063 2.23075 3
      vertex -11.561 2.20677 3
    endloop
  endfacet
  facet normal 0.227251 -0.973836 0
    outer loop
      vertex -12.5823 2.17333 3
      vertex -12.439 2.20677 25
      vertex -12.5823 2.17333 25
    endloop
  endfacet
  facet normal 0.227251 -0.973836 0
    outer loop
      vertex -12.439 2.20677 25
      vertex -12.5823 2.17333 3
      vertex -12.439 2.20677 3
    endloop
  endfacet
  facet normal 0.812723 -0.582651 0
    outer loop
      vertex -13.8708 1.25003 25
      vertex -13.785 1.36971 3
      vertex -13.785 1.36971 25
    endloop
  endfacet
  facet normal 0.812723 -0.582651 0
    outer loop
      vertex -13.785 1.36971 3
      vertex -13.8708 1.25003 25
      vertex -13.8708 1.25003 3
    endloop
  endfacet
  facet normal 0.88194 0.471361 0
    outer loop
      vertex -13.9486 -1.125 25
      vertex -14.018 -0.995149 3
      vertex -14.018 -0.995149 25
    endloop
  endfacet
  facet normal 0.88194 0.471361 0
    outer loop
      vertex -14.018 -0.995149 3
      vertex -13.9486 -1.125 25
      vertex -13.9486 -1.125 3
    endloop
  endfacet
  facet normal 0.634421 0.772988 -0
    outer loop
      vertex -13.3697 -1.78504 3
      vertex -13.4835 -1.69164 25
      vertex -13.3697 -1.78504 25
    endloop
  endfacet
  facet normal 0.634421 0.772988 0
    outer loop
      vertex -13.4835 -1.69164 25
      vertex -13.3697 -1.78504 3
      vertex -13.4835 -1.69164 3
    endloop
  endfacet
  facet normal 0.227251 0.973836 -0
    outer loop
      vertex -12.439 -2.20677 3
      vertex -12.5823 -2.17333 25
      vertex -12.439 -2.20677 25
    endloop
  endfacet
  facet normal 0.227251 0.973836 0
    outer loop
      vertex -12.5823 -2.17333 25
      vertex -12.439 -2.20677 3
      vertex -12.5823 -2.17333 3
    endloop
  endfacet
  facet normal -0.290275 -0.956943 0
    outer loop
      vertex -11.4177 2.17333 3
      vertex -11.2768 2.13059 25
      vertex -11.4177 2.17333 25
    endloop
  endfacet
  facet normal -0.290275 -0.956943 -0
    outer loop
      vertex -11.2768 2.13059 25
      vertex -11.4177 2.17333 3
      vertex -11.2768 2.13059 3
    endloop
  endfacet
  facet normal 0.957016 -0.290034 0
    outer loop
      vertex -14.1733 0.582342 25
      vertex -14.1306 0.723238 3
      vertex -14.1306 0.723238 25
    endloop
  endfacet
  facet normal 0.957016 -0.290034 0
    outer loop
      vertex -14.1306 0.723238 3
      vertex -14.1733 0.582342 25
      vertex -14.1733 0.582342 3
    endloop
  endfacet
  facet normal -0.882053 0.471149 0
    outer loop
      vertex -10.0514 -1.125 3
      vertex -9.98204 -0.995149 25
      vertex -9.98204 -0.995149 3
    endloop
  endfacet
  facet normal -0.882053 0.471149 0
    outer loop
      vertex -9.98204 -0.995149 25
      vertex -10.0514 -1.125 3
      vertex -10.0514 -1.125 25
    endloop
  endfacet
  facet normal 0.471222 -0.882014 0
    outer loop
      vertex -13.125 1.94856 3
      vertex -12.9951 2.01796 25
      vertex -13.125 1.94856 25
    endloop
  endfacet
  facet normal 0.471222 -0.882014 0
    outer loop
      vertex -12.9951 2.01796 25
      vertex -13.125 1.94856 3
      vertex -12.9951 2.01796 3
    endloop
  endfacet
  facet normal 0.471222 0.882014 -0
    outer loop
      vertex -12.9951 -2.01796 3
      vertex -13.125 -1.94856 25
      vertex -12.9951 -2.01796 25
    endloop
  endfacet
  facet normal 0.471222 0.882014 0
    outer loop
      vertex -13.125 -1.94856 25
      vertex -12.9951 -2.01796 3
      vertex -13.125 -1.94856 3
    endloop
  endfacet
  facet normal -0.871221 -0.0285361 -0.490062
    outer loop
      vertex -8.06973 0.220735 0
      vertex -8.0625 0 0
      vertex -9.75 0 3
    endloop
  endfacet
  facet normal -0.553001 -0.673815 -0.490065
    outer loop
      vertex -9.603 3.12383 0
      vertex -9.43228 2.98372 0
      vertex -10.6303 1.78504 3
    endloop
  endfacet
  facet normal -0.815826 -0.30703 -0.490063
    outer loop
      vertex -8.36222 1.50682 0
      vertex -8.28443 1.30012 0
      vertex -9.92127 0.861037 3
    endloop
  endfacet
  facet normal 0.0854466 -0.86749 -0.490061
    outer loop
      vertex -12.2575 3.92907 0
      vertex -12.1472 2.24518 3
      vertex -12.4773 3.90742 0
    endloop
  endfacet
  facet normal -0.35971 -0.794006 -0.490065
    outer loop
      vertex -10.4932 3.63778 0
      vertex -10.292 3.54663 0
      vertex -11.139 2.07873 3
    endloop
  endfacet
  facet normal -0.507732 0.708551 -0.490065
    outer loop
      vertex -9.603 -3.12383 0
      vertex -9.78252 -3.25247 0
      vertex -10.6303 -1.78504 3
    endloop
  endfacet
  facet normal -0.636196 -0.595899 -0.49006
    outer loop
      vertex -9.21577 2.78423 0
      vertex -9.06479 2.62304 0
      vertex -10.409 1.59099 3
    endloop
  endfacet
  facet normal -0.871225 -0.028418 -0.490061
    outer loop
      vertex -8.06973 0.220735 0
      vertex -9.75482 0.147157 3
      vertex -8.07093 0.257524 0
    endloop
  endfacet
  facet normal -0.871221 -0.0285361 -0.490062
    outer loop
      vertex -9.75482 0.147157 3
      vertex -8.06973 0.220735 0
      vertex -9.75 0 3
    endloop
  endfacet
  facet normal 0.253029 0.834154 -0.490065
    outer loop
      vertex -13.0191 -3.80333 0
      vertex -12.7232 -2.13059 3
      vertex -12.5823 -2.17333 3
    endloop
  endfacet
  facet normal 0.253085 0.834139 -0.490062
    outer loop
      vertex -12.7232 -2.13059 3
      vertex -13.0191 -3.80333 0
      vertex -13.0543 -3.79265 0
    endloop
  endfacet
  facet normal 0.595881 0.636217 -0.490055
    outer loop
      vertex -13.591 -1.59099 3
      vertex -14.623 -2.93521 0
      vertex -14.7842 -2.78423 0
    endloop
  endfacet
  facet normal 0.507769 -0.708524 -0.490065
    outer loop
      vertex -14.2175 3.25247 0
      vertex -13.3697 1.78504 3
      vertex -14.397 3.12383 0
    endloop
  endfacet
  facet normal -0.815824 0.307032 -0.490063
    outer loop
      vertex -8.27146 -1.26567 0
      vertex -9.92127 -0.861037 3
      vertex -9.86941 -0.723238 3
    endloop
  endfacet
  facet normal -0.815789 0.307134 -0.490058
    outer loop
      vertex -9.92127 -0.861037 3
      vertex -8.27146 -1.26567 0
      vertex -8.28443 -1.30012 0
    endloop
  endfacet
  facet normal 0.359799 0.793963 -0.490069
    outer loop
      vertex -13.708 -3.54663 0
      vertex -12.9951 -2.01796 3
      vertex -12.861 -2.07873 3
    endloop
  endfacet
  facet normal 0.359973 0.793883 -0.49007
    outer loop
      vertex -12.9951 -2.01796 3
      vertex -13.708 -3.54663 0
      vertex -13.7415 -3.53144 0
    endloop
  endfacet
  facet normal -0.79398 -0.35977 -0.490063
    outer loop
      vertex -8.45337 1.70798 0
      vertex -8.36222 1.50682 0
      vertex -9.92127 0.861037 3
    endloop
  endfacet
  facet normal 0.815807 0.307062 -0.490073
    outer loop
      vertex -14.0787 -0.861037 3
      vertex -15.6378 -1.50682 0
      vertex -15.7156 -1.30012 0
    endloop
  endfacet
  facet normal 0.0285278 0.871221 -0.490061
    outer loop
      vertex -12.2207 -3.93027 0
      vertex -12.1472 -2.24518 3
      vertex -12 -2.25 3
    endloop
  endfacet
  facet normal 0.0284095 0.871225 -0.49006
    outer loop
      vertex -12.1472 -2.24518 3
      vertex -12.2207 -3.93027 0
      vertex -12.2575 -3.92907 0
    endloop
  endfacet
  facet normal -0.0285407 -0.87122 -0.490062
    outer loop
      vertex -12 3.9375 0
      vertex -11.7793 3.93027 0
      vertex -12 2.25 3
    endloop
  endfacet
  facet normal -0.359799 -0.793963 -0.490069
    outer loop
      vertex -10.292 3.54663 0
      vertex -11.0049 2.01796 3
      vertex -11.139 2.07873 3
    endloop
  endfacet
  facet normal -0.359973 -0.793883 -0.49007
    outer loop
      vertex -11.0049 2.01796 3
      vertex -10.292 3.54663 0
      vertex -10.2585 3.53144 0
    endloop
  endfacet
  facet normal 0.867518 -0.0852551 -0.490045
    outer loop
      vertex -14.2308 0.293683 3
      vertex -15.9074 0.477314 0
      vertex -15.9038 0.513946 0
    endloop
  endfacet
  facet normal 0.867518 -0.0852562 -0.490045
    outer loop
      vertex -15.9074 0.477314 0
      vertex -14.2308 0.293683 3
      vertex -14.2452 0.147157 3
    endloop
  endfacet
  facet normal 0.141944 -0.860054 -0.490059
    outer loop
      vertex -12.5139 3.90381 0
      vertex -12.439 2.20677 3
      vertex -12.7682 3.86184 0
    endloop
  endfacet
  facet normal 0.141942 -0.860055 -0.49006
    outer loop
      vertex -12.439 2.20677 3
      vertex -12.5139 3.90381 0
      vertex -12.2937 2.23075 3
    endloop
  endfacet
  facet normal -0.252974 0.83417 -0.490067
    outer loop
      vertex -10.7343 -3.72854 0
      vertex -10.9457 -3.79265 0
      vertex -11.2768 -2.13059 3
    endloop
  endfacet
  facet normal 0.834062 -0.253392 -0.490035
    outer loop
      vertex -14.1306 0.723238 3
      vertex -15.8033 1.0191 0
      vertex -15.7926 1.05432 0
    endloop
  endfacet
  facet normal 0.834218 -0.252818 -0.490065
    outer loop
      vertex -15.8033 1.0191 0
      vertex -14.1306 0.723238 3
      vertex -14.1733 0.582342 3
    endloop
  endfacet
  facet normal -0.768673 -0.411095 -0.490044
    outer loop
      vertex -8.46856 1.74151 0
      vertex -10.0514 1.125 3
      vertex -8.48592 1.77397 0
    endloop
  endfacet
  facet normal -0.768873 -0.410694 -0.490066
    outer loop
      vertex -10.0514 1.125 3
      vertex -8.46856 1.74151 0
      vertex -9.98204 0.995149 3
    endloop
  endfacet
  facet normal -0.708549 -0.50773 -0.490071
    outer loop
      vertex -8.87617 2.397 0
      vertex -8.74753 2.21748 0
      vertex -10.215 1.36971 3
    endloop
  endfacet
  facet normal -0.46038 -0.740193 -0.490065
    outer loop
      vertex -10.0312 3.40997 0
      vertex -9.8437 3.29335 0
      vertex -10.875 1.94856 3
    endloop
  endfacet
  facet normal -0.410871 0.768779 -0.490065
    outer loop
      vertex -10.0312 -3.40997 0
      vertex -10.226 -3.51408 0
      vertex -10.875 -1.94856 3
    endloop
  endfacet
  facet normal 0.46038 0.740193 -0.490065
    outer loop
      vertex -13.125 -1.94856 3
      vertex -13.9688 -3.40997 0
      vertex -14.1563 -3.29335 0
    endloop
  endfacet
  facet normal -0.673801 -0.553014 -0.490068
    outer loop
      vertex -9.01628 2.56772 0
      vertex -10.3084 1.48353 3
      vertex -9.03963 2.59617 0
    endloop
  endfacet
  facet normal -0.673849 -0.552956 -0.490068
    outer loop
      vertex -10.3084 1.48353 3
      vertex -9.01628 2.56772 0
      vertex -10.215 1.36971 3
    endloop
  endfacet
  facet normal -0.673813 -0.552999 -0.49007
    outer loop
      vertex -9.01628 2.56772 0
      vertex -8.87617 2.397 0
      vertex -10.215 1.36971 3
    endloop
  endfacet
  facet normal 0.815753 0.307242 -0.49005
    outer loop
      vertex -14.0787 -0.861037 3
      vertex -15.7285 -1.26567 0
      vertex -14.1306 -0.723238 3
    endloop
  endfacet
  facet normal 0.816294 0.305666 -0.490135
    outer loop
      vertex -15.7285 -1.26567 0
      vertex -14.0787 -0.861037 3
      vertex -15.7156 -1.30012 0
    endloop
  endfacet
  facet normal 0.141942 0.860055 -0.49006
    outer loop
      vertex -12.5139 -3.90381 0
      vertex -12.439 -2.20677 3
      vertex -12.2937 -2.23075 3
    endloop
  endfacet
  facet normal 0.141944 0.860054 -0.490059
    outer loop
      vertex -12.439 -2.20677 3
      vertex -12.5139 -3.90381 0
      vertex -12.7682 -3.86184 0
    endloop
  endfacet
  facet normal -0.0284095 0.871225 -0.49006
    outer loop
      vertex -11.7793 -3.93027 0
      vertex -11.8528 -2.24518 3
      vertex -11.7425 -3.92907 0
    endloop
  endfacet
  facet normal -0.0285278 0.871221 -0.490061
    outer loop
      vertex -11.8528 -2.24518 3
      vertex -11.7793 -3.93027 0
      vertex -12 -2.25 3
    endloop
  endfacet
  facet normal 0.636159 -0.595943 -0.490056
    outer loop
      vertex -14.7842 2.78423 0
      vertex -13.591 1.59099 3
      vertex -14.9352 2.62304 0
    endloop
  endfacet
  facet normal -0.860049 0.141971 -0.490061
    outer loop
      vertex -8.09619 -0.513946 0
      vertex -9.79323 -0.438952 3
      vertex -9.76925 -0.293683 3
    endloop
  endfacet
  facet normal -0.860047 0.141987 -0.490061
    outer loop
      vertex -9.79323 -0.438952 3
      vertex -8.09619 -0.513946 0
      vertex -8.13816 -0.768167 0
    endloop
  endfacet
  facet normal -0.815826 0.30703 -0.490063
    outer loop
      vertex -8.28443 -1.30012 0
      vertex -8.36222 -1.50682 0
      vertex -9.92127 -0.861037 3
    endloop
  endfacet
  facet normal -0.553001 0.673815 -0.490065
    outer loop
      vertex -9.43228 -2.98372 0
      vertex -9.603 -3.12383 0
      vertex -10.6303 -1.78504 3
    endloop
  endfacet
  facet normal -0.867489 -0.0854504 -0.490062
    outer loop
      vertex -8.09258 0.477314 0
      vertex -8.07093 0.257524 0
      vertex -9.75482 0.147157 3
    endloop
  endfacet
  facet normal -0.410757 -0.768837 -0.49007
    outer loop
      vertex -10.2585 3.53144 0
      vertex -10.875 1.94856 3
      vertex -11.0049 2.01796 3
    endloop
  endfacet
  facet normal -0.410694 -0.768868 -0.490073
    outer loop
      vertex -10.875 1.94856 3
      vertex -10.2585 3.53144 0
      vertex -10.226 3.51408 0
    endloop
  endfacet
  facet normal -0.871221 0.0285361 -0.490062
    outer loop
      vertex -8.0625 0 0
      vertex -8.06973 -0.220735 0
      vertex -9.75 0 3
    endloop
  endfacet
  facet normal -0.867491 0.0854313 -0.490062
    outer loop
      vertex -8.09258 -0.477314 0
      vertex -9.76925 -0.293683 3
      vertex -9.75482 -0.147157 3
    endloop
  endfacet
  facet normal -0.867486 0.0854887 -0.490062
    outer loop
      vertex -9.76925 -0.293683 3
      vertex -8.09258 -0.477314 0
      vertex -8.09619 -0.513946 0
    endloop
  endfacet
  facet normal 0.459907 -0.740489 -0.490063
    outer loop
      vertex -14.1563 3.29335 0
      vertex -13.25 1.87081 3
      vertex -14.1876 3.27391 0
    endloop
  endfacet
  facet normal 0.460395 -0.740184 -0.490066
    outer loop
      vertex -13.25 1.87081 3
      vertex -14.1563 3.29335 0
      vertex -13.125 1.94856 3
    endloop
  endfacet
  facet normal 0.768782 -0.410875 -0.490058
    outer loop
      vertex -15.41 1.96875 0
      vertex -13.9486 1.125 3
      vertex -15.5141 1.77397 0
    endloop
  endfacet
  facet normal -0.0285407 0.87122 -0.490062
    outer loop
      vertex -12 -2.25 3
      vertex -11.7793 -3.93027 0
      vertex -12 -3.9375 0
    endloop
  endfacet
  facet normal 0.636159 0.595943 -0.490056
    outer loop
      vertex -13.591 -1.59099 3
      vertex -14.7842 -2.78423 0
      vertex -14.9352 -2.62304 0
    endloop
  endfacet
  facet normal 0.307529 -0.81565 -0.490042
    outer loop
      vertex -13.2657 3.72854 0
      vertex -12.861 2.07873 3
      vertex -13.3001 3.71557 0
    endloop
  endfacet
  facet normal 0.307029 -0.815822 -0.490069
    outer loop
      vertex -12.861 2.07873 3
      vertex -13.2657 3.72854 0
      vertex -12.7232 2.13059 3
    endloop
  endfacet
  facet normal 0.307029 0.815822 -0.490069
    outer loop
      vertex -13.2657 -3.72854 0
      vertex -12.861 -2.07873 3
      vertex -12.7232 -2.13059 3
    endloop
  endfacet
  facet normal 0.307529 0.81565 -0.490042
    outer loop
      vertex -12.861 -2.07873 3
      vertex -13.2657 -3.72854 0
      vertex -13.3001 -3.71557 0
    endloop
  endfacet
  facet normal 0.673851 0.552958 -0.490065
    outer loop
      vertex -13.6916 -1.48353 3
      vertex -14.9837 -2.56772 0
      vertex -13.785 -1.36971 3
    endloop
  endfacet
  facet normal 0.674386 0.552309 -0.49006
    outer loop
      vertex -14.9837 -2.56772 0
      vertex -13.6916 -1.48353 3
      vertex -14.9604 -2.59617 0
    endloop
  endfacet
  facet normal -0.0285278 -0.871221 -0.490061
    outer loop
      vertex -11.7793 3.93027 0
      vertex -11.8528 2.24518 3
      vertex -12 2.25 3
    endloop
  endfacet
  facet normal -0.0284095 -0.871225 -0.49006
    outer loop
      vertex -11.8528 2.24518 3
      vertex -11.7793 3.93027 0
      vertex -11.7425 3.92907 0
    endloop
  endfacet
  facet normal 0.740112 0.460523 -0.490055
    outer loop
      vertex -13.9486 -1.125 3
      vertex -15.2933 -2.1563 0
      vertex -15.41 -1.96875 0
    endloop
  endfacet
  facet normal -0.507732 -0.708551 -0.490065
    outer loop
      vertex -9.78252 3.25247 0
      vertex -9.603 3.12383 0
      vertex -10.6303 1.78504 3
    endloop
  endfacet
  facet normal 0.848924 -0.19791 -0.490061
    outer loop
      vertex -14.1733 0.582342 3
      vertex -15.8618 0.768167 0
      vertex -15.8033 1.0191 0
    endloop
  endfacet
  facet normal 0.848842 -0.198314 -0.49004
    outer loop
      vertex -15.8618 0.768167 0
      vertex -14.1733 0.582342 3
      vertex -14.2068 0.438952 3
    endloop
  endfacet
  facet normal 0.0854463 0.86749 -0.490061
    outer loop
      vertex -12.4773 -3.90742 0
      vertex -12.2937 -2.23075 3
      vertex -12.1472 -2.24518 3
    endloop
  endfacet
  facet normal 0.0855628 0.867478 -0.490061
    outer loop
      vertex -12.2937 -2.23075 3
      vertex -12.4773 -3.90742 0
      vertex -12.5139 -3.90381 0
    endloop
  endfacet
  facet normal -0.740236 0.460324 -0.490055
    outer loop
      vertex -8.59002 -1.96875 0
      vertex -8.70665 -2.1563 0
      vertex -10.0514 -1.125 3
    endloop
  endfacet
  facet normal -0.768784 -0.410876 -0.490054
    outer loop
      vertex -8.59002 1.96875 0
      vertex -8.48592 1.77397 0
      vertex -10.0514 1.125 3
    endloop
  endfacet
  facet normal -0.708441 0.50789 -0.490061
    outer loop
      vertex -8.72609 -2.18756 0
      vertex -10.215 -1.36971 3
      vertex -10.1292 -1.25003 3
    endloop
  endfacet
  facet normal -0.708549 0.50773 -0.490071
    outer loop
      vertex -10.215 -1.36971 3
      vertex -8.72609 -2.18756 0
      vertex -8.74753 -2.21748 0
    endloop
  endfacet
  facet normal 0.197966 -0.848909 -0.490064
    outer loop
      vertex -12.7682 3.86184 0
      vertex -12.5823 2.17333 3
      vertex -13.0191 3.80333 0
    endloop
  endfacet
  facet normal 0.198093 -0.848883 -0.490058
    outer loop
      vertex -12.5823 2.17333 3
      vertex -12.7682 3.86184 0
      vertex -12.439 2.20677 3
    endloop
  endfacet
  facet normal -0.867489 0.0854504 -0.490062
    outer loop
      vertex -8.07093 -0.257524 0
      vertex -8.09258 -0.477314 0
      vertex -9.75482 -0.147157 3
    endloop
  endfacet
  facet normal -0.794008 -0.359707 -0.490062
    outer loop
      vertex -8.45337 1.70798 0
      vertex -9.98204 0.995149 3
      vertex -8.46856 1.74151 0
    endloop
  endfacet
  facet normal -0.793978 -0.359774 -0.490063
    outer loop
      vertex -9.98204 0.995149 3
      vertex -8.45337 1.70798 0
      vertex -9.92127 0.861037 3
    endloop
  endfacet
  facet normal 0.252974 -0.83417 -0.490067
    outer loop
      vertex -13.0543 3.79265 0
      vertex -12.7232 2.13059 3
      vertex -13.2657 3.72854 0
    endloop
  endfacet
  facet normal -0.708549 -0.50773 -0.490071
    outer loop
      vertex -8.72609 2.18756 0
      vertex -10.215 1.36971 3
      vertex -8.74753 2.21748 0
    endloop
  endfacet
  facet normal -0.708441 -0.50789 -0.490061
    outer loop
      vertex -10.215 1.36971 3
      vertex -8.72609 2.18756 0
      vertex -10.1292 1.25003 3
    endloop
  endfacet
  facet normal 0.553039 -0.673784 -0.490064
    outer loop
      vertex -14.397 3.12383 0
      vertex -13.3697 1.78504 3
      vertex -14.5677 2.98372 0
    endloop
  endfacet
  facet normal -0.834155 0.253029 -0.490063
    outer loop
      vertex -8.20735 -1.05432 0
      vertex -8.27146 -1.26567 0
      vertex -9.86941 -0.723238 3
    endloop
  endfacet
  facet normal 0.740656 -0.459652 -0.49005
    outer loop
      vertex -13.8708 1.25003 3
      vertex -15.2933 2.1563 0
      vertex -15.2739 2.18756 0
    endloop
  endfacet
  facet normal 0.740106 -0.460531 -0.490055
    outer loop
      vertex -15.2933 2.1563 0
      vertex -13.8708 1.25003 3
      vertex -13.9486 1.125 3
    endloop
  endfacet
  facet normal 0.834218 0.252818 -0.490065
    outer loop
      vertex -14.1306 -0.723238 3
      vertex -15.8033 -1.0191 0
      vertex -14.1733 -0.582342 3
    endloop
  endfacet
  facet normal 0.834062 0.253392 -0.490035
    outer loop
      vertex -15.8033 -1.0191 0
      vertex -14.1306 -0.723238 3
      vertex -15.7926 -1.05432 0
    endloop
  endfacet
  facet normal -0.595767 -0.636314 -0.490068
    outer loop
      vertex -9.40383 2.96037 0
      vertex -10.409 1.59099 3
      vertex -10.5165 1.69164 3
    endloop
  endfacet
  facet normal -0.595796 -0.636289 -0.490066
    outer loop
      vertex -10.409 1.59099 3
      vertex -9.40383 2.96037 0
      vertex -9.37696 2.93521 0
    endloop
  endfacet
  facet normal 0.595881 -0.636217 -0.490055
    outer loop
      vertex -14.623 2.93521 0
      vertex -13.591 1.59099 3
      vertex -14.7842 2.78423 0
    endloop
  endfacet
  facet normal -0.793978 0.359774 -0.490063
    outer loop
      vertex -8.45337 -1.70798 0
      vertex -9.98204 -0.995149 3
      vertex -9.92127 -0.861037 3
    endloop
  endfacet
  facet normal -0.794008 0.359707 -0.490062
    outer loop
      vertex -9.98204 -0.995149 3
      vertex -8.45337 -1.70798 0
      vertex -8.46856 -1.74151 0
    endloop
  endfacet
  facet normal 0.793902 -0.359932 -0.49007
    outer loop
      vertex -15.5466 1.70798 0
      vertex -14.0787 0.861037 3
      vertex -15.6378 1.50682 0
    endloop
  endfacet
  facet normal 0.673834 0.552977 -0.490066
    outer loop
      vertex -13.785 -1.36971 3
      vertex -14.9837 -2.56772 0
      vertex -15.1238 -2.397 0
    endloop
  endfacet
  facet normal -0.673849 0.552956 -0.490068
    outer loop
      vertex -9.01628 -2.56772 0
      vertex -10.3084 -1.48353 3
      vertex -10.215 -1.36971 3
    endloop
  endfacet
  facet normal -0.673801 0.553014 -0.490068
    outer loop
      vertex -10.3084 -1.48353 3
      vertex -9.01628 -2.56772 0
      vertex -9.03963 -2.59617 0
    endloop
  endfacet
  facet normal 0.708438 -0.507887 -0.490068
    outer loop
      vertex -15.1238 2.397 0
      vertex -13.785 1.36971 3
      vertex -15.2525 2.21748 0
    endloop
  endfacet
  facet normal 0.793926 -0.359907 -0.490049
    outer loop
      vertex -14.018 0.995149 3
      vertex -15.5466 1.70798 0
      vertex -15.5314 1.74151 0
    endloop
  endfacet
  facet normal 0.794142 -0.359434 -0.490047
    outer loop
      vertex -15.5466 1.70798 0
      vertex -14.018 0.995149 3
      vertex -14.0787 0.861037 3
    endloop
  endfacet
  facet normal -0.507715 -0.708563 -0.490066
    outer loop
      vertex -9.81244 3.27391 0
      vertex -10.6303 1.78504 3
      vertex -10.75 1.87081 3
    endloop
  endfacet
  facet normal -0.507732 -0.708551 -0.490065
    outer loop
      vertex -10.6303 1.78504 3
      vertex -9.81244 3.27391 0
      vertex -9.78252 3.25247 0
    endloop
  endfacet
  facet normal -0.141944 0.860054 -0.490059
    outer loop
      vertex -11.4861 -3.90381 0
      vertex -11.561 -2.20677 3
      vertex -11.2318 -3.86184 0
    endloop
  endfacet
  facet normal -0.141942 0.860055 -0.49006
    outer loop
      vertex -11.561 -2.20677 3
      vertex -11.4861 -3.90381 0
      vertex -11.7063 -2.23075 3
    endloop
  endfacet
  facet normal -0.307029 -0.815822 -0.490069
    outer loop
      vertex -10.7343 3.72854 0
      vertex -11.139 2.07873 3
      vertex -11.2768 2.13059 3
    endloop
  endfacet
  facet normal -0.307529 -0.81565 -0.490042
    outer loop
      vertex -11.139 2.07873 3
      vertex -10.7343 3.72854 0
      vertex -10.6999 3.71557 0
    endloop
  endfacet
  facet normal -0.0854466 0.86749 -0.490061
    outer loop
      vertex -11.5227 -3.90742 0
      vertex -11.7425 -3.92907 0
      vertex -11.8528 -2.24518 3
    endloop
  endfacet
  facet normal -0.636196 0.595899 -0.49006
    outer loop
      vertex -9.06479 -2.62304 0
      vertex -9.21577 -2.78423 0
      vertex -10.409 -1.59099 3
    endloop
  endfacet
  facet normal -0.768784 0.410876 -0.490054
    outer loop
      vertex -8.48592 -1.77397 0
      vertex -8.59002 -1.96875 0
      vertex -10.0514 -1.125 3
    endloop
  endfacet
  facet normal -0.740225 -0.460332 -0.490064
    outer loop
      vertex -8.70665 2.1563 0
      vertex -10.1292 1.25003 3
      vertex -8.72609 2.18756 0
    endloop
  endfacet
  facet normal -0.740101 -0.460529 -0.490065
    outer loop
      vertex -10.1292 1.25003 3
      vertex -8.70665 2.1563 0
      vertex -10.0514 1.125 3
    endloop
  endfacet
  facet normal -0.595899 -0.636196 -0.49006
    outer loop
      vertex -9.37696 2.93521 0
      vertex -9.21577 2.78423 0
      vertex -10.409 1.59099 3
    endloop
  endfacet
  facet normal -0.834155 -0.253029 -0.490063
    outer loop
      vertex -8.27146 1.26567 0
      vertex -8.20735 1.05432 0
      vertex -9.86941 0.723238 3
    endloop
  endfacet
  facet normal 0.740112 -0.460523 -0.490055
    outer loop
      vertex -15.2933 2.1563 0
      vertex -13.9486 1.125 3
      vertex -15.41 1.96875 0
    endloop
  endfacet
  facet normal -0.410871 -0.768779 -0.490065
    outer loop
      vertex -10.226 3.51408 0
      vertex -10.0312 3.40997 0
      vertex -10.875 1.94856 3
    endloop
  endfacet
  facet normal 0.871224 -0.0284178 -0.490063
    outer loop
      vertex -15.9303 0.220735 0
      vertex -14.25 0 3
      vertex -15.9375 0 0
    endloop
  endfacet
  facet normal -0.30703 0.815825 -0.490064
    outer loop
      vertex -10.4932 -3.63778 0
      vertex -10.6999 -3.71557 0
      vertex -11.139 -2.07873 3
    endloop
  endfacet
  facet normal -0.30703 -0.815825 -0.490064
    outer loop
      vertex -10.6999 3.71557 0
      vertex -10.4932 3.63778 0
      vertex -11.139 2.07873 3
    endloop
  endfacet
  facet normal -0.553015 0.673802 -0.490066
    outer loop
      vertex -9.43228 -2.98372 0
      vertex -10.5165 -1.69164 3
      vertex -9.40383 -2.96037 0
    endloop
  endfacet
  facet normal -0.553015 0.673802 -0.490066
    outer loop
      vertex -10.5165 -1.69164 3
      vertex -9.43228 -2.98372 0
      vertex -10.6303 -1.78504 3
    endloop
  endfacet
  facet normal -0.834176 -0.252953 -0.490066
    outer loop
      vertex -8.19667 1.0191 0
      vertex -9.86941 0.723238 3
      vertex -8.20735 1.05432 0
    endloop
  endfacet
  facet normal -0.834154 -0.253036 -0.490062
    outer loop
      vertex -9.86941 0.723238 3
      vertex -8.19667 1.0191 0
      vertex -9.82667 0.582342 3
    endloop
  endfacet
  facet normal -0.252974 -0.83417 -0.490067
    outer loop
      vertex -10.9457 3.79265 0
      vertex -10.7343 3.72854 0
      vertex -11.2768 2.13059 3
    endloop
  endfacet
  facet normal 0.871224 -0.028418 -0.490063
    outer loop
      vertex -14.2452 0.147157 3
      vertex -15.9303 0.220735 0
      vertex -15.9291 0.257524 0
    endloop
  endfacet
  facet normal 0.871224 -0.0284178 -0.490063
    outer loop
      vertex -15.9303 0.220735 0
      vertex -14.2452 0.147157 3
      vertex -14.25 0 3
    endloop
  endfacet
  facet normal -0.834154 0.253036 -0.490062
    outer loop
      vertex -8.19667 -1.0191 0
      vertex -9.86941 -0.723238 3
      vertex -9.82667 -0.582342 3
    endloop
  endfacet
  facet normal -0.834176 0.252953 -0.490066
    outer loop
      vertex -9.86941 -0.723238 3
      vertex -8.19667 -1.0191 0
      vertex -8.20735 -1.05432 0
    endloop
  endfacet
  facet normal 0.708442 0.50789 -0.490059
    outer loop
      vertex -13.785 -1.36971 3
      vertex -15.2739 -2.18756 0
      vertex -13.8708 -1.25003 3
    endloop
  endfacet
  facet normal 0.70898 0.507091 -0.490108
    outer loop
      vertex -15.2739 -2.18756 0
      vertex -13.785 -1.36971 3
      vertex -15.2525 -2.21748 0
    endloop
  endfacet
  facet normal 0.70898 -0.507091 -0.490108
    outer loop
      vertex -13.785 1.36971 3
      vertex -15.2739 2.18756 0
      vertex -15.2525 2.21748 0
    endloop
  endfacet
  facet normal 0.708442 -0.50789 -0.490059
    outer loop
      vertex -15.2739 2.18756 0
      vertex -13.785 1.36971 3
      vertex -13.8708 1.25003 3
    endloop
  endfacet
  facet normal 0.0284095 -0.871225 -0.49006
    outer loop
      vertex -12.2207 3.93027 0
      vertex -12.1472 2.24518 3
      vertex -12.2575 3.92907 0
    endloop
  endfacet
  facet normal 0.0285278 -0.871221 -0.490061
    outer loop
      vertex -12.1472 2.24518 3
      vertex -12.2207 3.93027 0
      vertex -12 2.25 3
    endloop
  endfacet
  facet normal -0.35971 0.794006 -0.490065
    outer loop
      vertex -10.292 -3.54663 0
      vertex -10.4932 -3.63778 0
      vertex -11.139 -2.07873 3
    endloop
  endfacet
  facet normal 0.0285407 -0.87122 -0.490062
    outer loop
      vertex -12 3.9375 0
      vertex -12 2.25 3
      vertex -12.2207 3.93027 0
    endloop
  endfacet
  facet normal 0.35971 -0.794006 -0.490065
    outer loop
      vertex -13.5068 3.63778 0
      vertex -12.861 2.07873 3
      vertex -13.708 3.54663 0
    endloop
  endfacet
  facet normal 0.253085 -0.834139 -0.490062
    outer loop
      vertex -13.0191 3.80333 0
      vertex -12.7232 2.13059 3
      vertex -13.0543 3.79265 0
    endloop
  endfacet
  facet normal 0.253029 -0.834154 -0.490065
    outer loop
      vertex -12.7232 2.13059 3
      vertex -13.0191 3.80333 0
      vertex -12.5823 2.17333 3
    endloop
  endfacet
  facet normal -0.871221 0.0285361 -0.490062
    outer loop
      vertex -8.06973 -0.220735 0
      vertex -9.75482 -0.147157 3
      vertex -9.75 0 3
    endloop
  endfacet
  facet normal -0.871225 0.028418 -0.490061
    outer loop
      vertex -9.75482 -0.147157 3
      vertex -8.06973 -0.220735 0
      vertex -8.07093 -0.257524 0
    endloop
  endfacet
  facet normal 0.46038 -0.740193 -0.490065
    outer loop
      vertex -13.9688 3.40997 0
      vertex -13.125 1.94856 3
      vertex -14.1563 3.29335 0
    endloop
  endfacet
  facet normal 0.507959 -0.708395 -0.490056
    outer loop
      vertex -14.1876 3.27391 0
      vertex -13.3697 1.78504 3
      vertex -14.2175 3.25247 0
    endloop
  endfacet
  facet normal 0.507713 -0.708561 -0.490071
    outer loop
      vertex -13.3697 1.78504 3
      vertex -14.1876 3.27391 0
      vertex -13.25 1.87081 3
    endloop
  endfacet
  facet normal -0.815789 -0.307134 -0.490058
    outer loop
      vertex -8.27146 1.26567 0
      vertex -9.92127 0.861037 3
      vertex -8.28443 1.30012 0
    endloop
  endfacet
  facet normal -0.815824 -0.307032 -0.490063
    outer loop
      vertex -9.92127 0.861037 3
      vertex -8.27146 1.26567 0
      vertex -9.86941 0.723238 3
    endloop
  endfacet
  facet normal 0.0855628 -0.867478 -0.490061
    outer loop
      vertex -12.4773 3.90742 0
      vertex -12.2937 2.23075 3
      vertex -12.5139 3.90381 0
    endloop
  endfacet
  facet normal 0.0854463 -0.86749 -0.490061
    outer loop
      vertex -12.2937 2.23075 3
      vertex -12.4773 3.90742 0
      vertex -12.1472 2.24518 3
    endloop
  endfacet
  facet normal -0.740236 -0.460324 -0.490055
    outer loop
      vertex -8.70665 2.1563 0
      vertex -8.59002 1.96875 0
      vertex -10.0514 1.125 3
    endloop
  endfacet
  facet normal 0.410871 0.768779 -0.490065
    outer loop
      vertex -13.125 -1.94856 3
      vertex -13.774 -3.51408 0
      vertex -13.9688 -3.40997 0
    endloop
  endfacet
  facet normal 0.815807 -0.307062 -0.490073
    outer loop
      vertex -15.6378 1.50682 0
      vertex -14.0787 0.861037 3
      vertex -15.7156 1.30012 0
    endloop
  endfacet
  facet normal -0.141942 -0.860055 -0.49006
    outer loop
      vertex -11.4861 3.90381 0
      vertex -11.561 2.20677 3
      vertex -11.7063 2.23075 3
    endloop
  endfacet
  facet normal -0.141944 -0.860054 -0.490059
    outer loop
      vertex -11.561 2.20677 3
      vertex -11.4861 3.90381 0
      vertex -11.2318 3.86184 0
    endloop
  endfacet
  facet normal 0.740106 0.460531 -0.490055
    outer loop
      vertex -13.8708 -1.25003 3
      vertex -15.2933 -2.1563 0
      vertex -13.9486 -1.125 3
    endloop
  endfacet
  facet normal 0.740656 0.459652 -0.49005
    outer loop
      vertex -15.2933 -2.1563 0
      vertex -13.8708 -1.25003 3
      vertex -15.2739 -2.18756 0
    endloop
  endfacet
  facet normal 0.553039 0.673784 -0.490064
    outer loop
      vertex -13.3697 -1.78504 3
      vertex -14.397 -3.12383 0
      vertex -14.5677 -2.98372 0
    endloop
  endfacet
  facet normal 0.834172 -0.252995 -0.490052
    outer loop
      vertex -15.7285 1.26567 0
      vertex -14.1306 0.723238 3
      vertex -15.7926 1.05432 0
    endloop
  endfacet
  facet normal -0.253029 -0.834154 -0.490065
    outer loop
      vertex -10.9809 3.80333 0
      vertex -11.2768 2.13059 3
      vertex -11.4177 2.17333 3
    endloop
  endfacet
  facet normal -0.253085 -0.834139 -0.490062
    outer loop
      vertex -11.2768 2.13059 3
      vertex -10.9809 3.80333 0
      vertex -10.9457 3.79265 0
    endloop
  endfacet
  facet normal -0.79398 0.35977 -0.490063
    outer loop
      vertex -8.36222 -1.50682 0
      vertex -8.45337 -1.70798 0
      vertex -9.92127 -0.861037 3
    endloop
  endfacet
  facet normal -0.0854463 -0.86749 -0.490061
    outer loop
      vertex -11.5227 3.90742 0
      vertex -11.7063 2.23075 3
      vertex -11.8528 2.24518 3
    endloop
  endfacet
  facet normal -0.0855628 -0.867478 -0.490061
    outer loop
      vertex -11.7063 2.23075 3
      vertex -11.5227 3.90742 0
      vertex -11.4861 3.90381 0
    endloop
  endfacet
  facet normal -0.460395 -0.740184 -0.490066
    outer loop
      vertex -9.8437 3.29335 0
      vertex -10.75 1.87081 3
      vertex -10.875 1.94856 3
    endloop
  endfacet
  facet normal -0.460331 -0.740224 -0.490065
    outer loop
      vertex -10.75 1.87081 3
      vertex -9.8437 3.29335 0
      vertex -9.81244 3.27391 0
    endloop
  endfacet
  facet normal -0.553015 -0.673802 -0.490066
    outer loop
      vertex -9.43228 2.98372 0
      vertex -10.5165 1.69164 3
      vertex -10.6303 1.78504 3
    endloop
  endfacet
  facet normal -0.553015 -0.673802 -0.490066
    outer loop
      vertex -10.5165 1.69164 3
      vertex -9.43228 2.98372 0
      vertex -9.40383 2.96037 0
    endloop
  endfacet
  facet normal 0.769235 -0.409975 -0.4901
    outer loop
      vertex -13.9486 1.125 3
      vertex -15.5314 1.74151 0
      vertex -15.5141 1.77397 0
    endloop
  endfacet
  facet normal 0.768783 -0.410883 -0.490048
    outer loop
      vertex -15.5314 1.74151 0
      vertex -13.9486 1.125 3
      vertex -14.018 0.995149 3
    endloop
  endfacet
  facet normal 0.30703 -0.815825 -0.490064
    outer loop
      vertex -13.3001 3.71557 0
      vertex -12.861 2.07873 3
      vertex -13.5068 3.63778 0
    endloop
  endfacet
  facet normal 0.596644 -0.635535 -0.490012
    outer loop
      vertex -14.5962 2.96037 0
      vertex -13.591 1.59099 3
      vertex -14.623 2.93521 0
    endloop
  endfacet
  facet normal 0.595766 -0.636312 -0.490072
    outer loop
      vertex -13.591 1.59099 3
      vertex -14.5962 2.96037 0
      vertex -13.4835 1.69164 3
    endloop
  endfacet
  facet normal -0.0854466 -0.86749 -0.490061
    outer loop
      vertex -11.7425 3.92907 0
      vertex -11.5227 3.90742 0
      vertex -11.8528 2.24518 3
    endloop
  endfacet
  facet normal -0.708549 0.50773 -0.490071
    outer loop
      vertex -8.74753 -2.21748 0
      vertex -8.87617 -2.397 0
      vertex -10.215 -1.36971 3
    endloop
  endfacet
  facet normal 0.410871 -0.768779 -0.490065
    outer loop
      vertex -13.774 3.51408 0
      vertex -13.125 1.94856 3
      vertex -13.9688 3.40997 0
    endloop
  endfacet
  facet normal -0.307529 0.81565 -0.490042
    outer loop
      vertex -10.7343 -3.72854 0
      vertex -11.139 -2.07873 3
      vertex -10.6999 -3.71557 0
    endloop
  endfacet
  facet normal -0.307029 0.815822 -0.490069
    outer loop
      vertex -11.139 -2.07873 3
      vertex -10.7343 -3.72854 0
      vertex -11.2768 -2.13059 3
    endloop
  endfacet
  facet normal 0.816294 -0.305666 -0.490135
    outer loop
      vertex -14.0787 0.861037 3
      vertex -15.7285 1.26567 0
      vertex -15.7156 1.30012 0
    endloop
  endfacet
  facet normal 0.815753 -0.307242 -0.49005
    outer loop
      vertex -15.7285 1.26567 0
      vertex -14.0787 0.861037 3
      vertex -14.1306 0.723238 3
    endloop
  endfacet
  facet normal 0.673834 -0.552977 -0.490066
    outer loop
      vertex -14.9837 2.56772 0
      vertex -13.785 1.36971 3
      vertex -15.1238 2.397 0
    endloop
  endfacet
  facet normal -0.636289 -0.595796 -0.490066
    outer loop
      vertex -9.03963 2.59617 0
      vertex -10.409 1.59099 3
      vertex -9.06479 2.62304 0
    endloop
  endfacet
  facet normal -0.63635 -0.595727 -0.49007
    outer loop
      vertex -10.409 1.59099 3
      vertex -9.03963 2.59617 0
      vertex -10.3084 1.48353 3
    endloop
  endfacet
  facet normal -0.848916 -0.197942 -0.490062
    outer loop
      vertex -8.13816 0.768167 0
      vertex -9.82667 0.582342 3
      vertex -8.19667 1.0191 0
    endloop
  endfacet
  facet normal -0.848909 -0.197974 -0.49006
    outer loop
      vertex -9.82667 0.582342 3
      vertex -8.13816 0.768167 0
      vertex -9.79323 0.438952 3
    endloop
  endfacet
  facet normal -0.359973 0.793883 -0.49007
    outer loop
      vertex -10.292 -3.54663 0
      vertex -11.0049 -2.01796 3
      vertex -10.2585 -3.53144 0
    endloop
  endfacet
  facet normal -0.359799 0.793963 -0.490069
    outer loop
      vertex -11.0049 -2.01796 3
      vertex -10.292 -3.54663 0
      vertex -11.139 -2.07873 3
    endloop
  endfacet
  facet normal -0.848909 0.197974 -0.49006
    outer loop
      vertex -8.13816 -0.768167 0
      vertex -9.82667 -0.582342 3
      vertex -9.79323 -0.438952 3
    endloop
  endfacet
  facet normal -0.848916 0.197942 -0.490062
    outer loop
      vertex -9.82667 -0.582342 3
      vertex -8.13816 -0.768167 0
      vertex -8.19667 -1.0191 0
    endloop
  endfacet
  facet normal -0.46038 0.740193 -0.490065
    outer loop
      vertex -9.8437 -3.29335 0
      vertex -10.0312 -3.40997 0
      vertex -10.875 -1.94856 3
    endloop
  endfacet
  facet normal 0.410694 -0.768868 -0.490073
    outer loop
      vertex -13.7415 3.53144 0
      vertex -13.125 1.94856 3
      vertex -13.774 3.51408 0
    endloop
  endfacet
  facet normal 0.410757 -0.768837 -0.49007
    outer loop
      vertex -13.125 1.94856 3
      vertex -13.7415 3.53144 0
      vertex -12.9951 2.01796 3
    endloop
  endfacet
  facet normal 0.359973 -0.793883 -0.49007
    outer loop
      vertex -13.708 3.54663 0
      vertex -12.9951 2.01796 3
      vertex -13.7415 3.53144 0
    endloop
  endfacet
  facet normal 0.359799 -0.793963 -0.490069
    outer loop
      vertex -12.9951 2.01796 3
      vertex -13.708 3.54663 0
      vertex -12.861 2.07873 3
    endloop
  endfacet
  facet normal -0.198093 -0.848883 -0.490058
    outer loop
      vertex -11.2318 3.86184 0
      vertex -11.4177 2.17333 3
      vertex -11.561 2.20677 3
    endloop
  endfacet
  facet normal -0.197966 -0.848909 -0.490064
    outer loop
      vertex -11.4177 2.17333 3
      vertex -11.2318 3.86184 0
      vertex -10.9809 3.80333 0
    endloop
  endfacet
  facet normal 0.635829 -0.596311 -0.490035
    outer loop
      vertex -13.591 1.59099 3
      vertex -14.9604 2.59617 0
      vertex -14.9352 2.62304 0
    endloop
  endfacet
  facet normal 0.636348 -0.595725 -0.490075
    outer loop
      vertex -14.9604 2.59617 0
      vertex -13.591 1.59099 3
      vertex -13.6916 1.48353 3
    endloop
  endfacet
  facet normal 0.674386 -0.552309 -0.49006
    outer loop
      vertex -13.6916 1.48353 3
      vertex -14.9837 2.56772 0
      vertex -14.9604 2.59617 0
    endloop
  endfacet
  facet normal 0.673851 -0.552958 -0.490065
    outer loop
      vertex -14.9837 2.56772 0
      vertex -13.6916 1.48353 3
      vertex -13.785 1.36971 3
    endloop
  endfacet
  facet normal 0.86747 -0.0856458 -0.490062
    outer loop
      vertex -15.9074 0.477314 0
      vertex -14.2452 0.147157 3
      vertex -15.9291 0.257524 0
    endloop
  endfacet
  facet normal 0.0285407 0.87122 -0.490062
    outer loop
      vertex -12 -2.25 3
      vertex -12 -3.9375 0
      vertex -12.2207 -3.93027 0
    endloop
  endfacet
  facet normal 0.0854466 0.86749 -0.490061
    outer loop
      vertex -12.1472 -2.24518 3
      vertex -12.2575 -3.92907 0
      vertex -12.4773 -3.90742 0
    endloop
  endfacet
  facet normal -0.768873 0.410694 -0.490066
    outer loop
      vertex -8.46856 -1.74151 0
      vertex -10.0514 -1.125 3
      vertex -9.98204 -0.995149 3
    endloop
  endfacet
  facet normal -0.768673 0.411095 -0.490044
    outer loop
      vertex -10.0514 -1.125 3
      vertex -8.46856 -1.74151 0
      vertex -8.48592 -1.77397 0
    endloop
  endfacet
  facet normal 0.507713 0.708561 -0.490071
    outer loop
      vertex -14.1876 -3.27391 0
      vertex -13.3697 -1.78504 3
      vertex -13.25 -1.87081 3
    endloop
  endfacet
  facet normal 0.507959 0.708395 -0.490056
    outer loop
      vertex -13.3697 -1.78504 3
      vertex -14.1876 -3.27391 0
      vertex -14.2175 -3.25247 0
    endloop
  endfacet
  facet normal -0.740101 0.460529 -0.490065
    outer loop
      vertex -8.70665 -2.1563 0
      vertex -10.1292 -1.25003 3
      vertex -10.0514 -1.125 3
    endloop
  endfacet
  facet normal -0.740225 0.460332 -0.490064
    outer loop
      vertex -10.1292 -1.25003 3
      vertex -8.70665 -2.1563 0
      vertex -8.72609 -2.18756 0
    endloop
  endfacet
  facet normal 0.507769 0.708524 -0.490065
    outer loop
      vertex -13.3697 -1.78504 3
      vertex -14.2175 -3.25247 0
      vertex -14.397 -3.12383 0
    endloop
  endfacet
  facet normal -0.410694 0.768868 -0.490073
    outer loop
      vertex -10.2585 -3.53144 0
      vertex -10.875 -1.94856 3
      vertex -10.226 -3.51408 0
    endloop
  endfacet
  facet normal -0.410757 0.768837 -0.49007
    outer loop
      vertex -10.875 -1.94856 3
      vertex -10.2585 -3.53144 0
      vertex -11.0049 -2.01796 3
    endloop
  endfacet
  facet normal -0.860047 -0.141987 -0.490061
    outer loop
      vertex -8.09619 0.513946 0
      vertex -9.79323 0.438952 3
      vertex -8.13816 0.768167 0
    endloop
  endfacet
  facet normal -0.860049 -0.141971 -0.490061
    outer loop
      vertex -9.79323 0.438952 3
      vertex -8.09619 0.513946 0
      vertex -9.76925 0.293683 3
    endloop
  endfacet
  facet normal 0.198093 0.848883 -0.490058
    outer loop
      vertex -12.7682 -3.86184 0
      vertex -12.5823 -2.17333 3
      vertex -12.439 -2.20677 3
    endloop
  endfacet
  facet normal 0.197966 0.848909 -0.490064
    outer loop
      vertex -12.5823 -2.17333 3
      vertex -12.7682 -3.86184 0
      vertex -13.0191 -3.80333 0
    endloop
  endfacet
  facet normal 0.793902 0.359932 -0.49007
    outer loop
      vertex -14.0787 -0.861037 3
      vertex -15.5466 -1.70798 0
      vertex -15.6378 -1.50682 0
    endloop
  endfacet
  facet normal -0.197966 0.848909 -0.490064
    outer loop
      vertex -11.2318 -3.86184 0
      vertex -11.4177 -2.17333 3
      vertex -10.9809 -3.80333 0
    endloop
  endfacet
  facet normal -0.198093 0.848883 -0.490058
    outer loop
      vertex -11.4177 -2.17333 3
      vertex -11.2318 -3.86184 0
      vertex -11.561 -2.20677 3
    endloop
  endfacet
  facet normal 0.871224 0.0284178 -0.490063
    outer loop
      vertex -14.25 0 3
      vertex -15.9303 -0.220735 0
      vertex -15.9375 0 0
    endloop
  endfacet
  facet normal 0.708438 0.507887 -0.490068
    outer loop
      vertex -13.785 -1.36971 3
      vertex -15.1238 -2.397 0
      vertex -15.2525 -2.21748 0
    endloop
  endfacet
  facet normal 0.768782 0.410875 -0.490058
    outer loop
      vertex -13.9486 -1.125 3
      vertex -15.41 -1.96875 0
      vertex -15.5141 -1.77397 0
    endloop
  endfacet
  facet normal -0.595899 0.636196 -0.49006
    outer loop
      vertex -9.21577 -2.78423 0
      vertex -9.37696 -2.93521 0
      vertex -10.409 -1.59099 3
    endloop
  endfacet
  facet normal -0.507732 0.708551 -0.490065
    outer loop
      vertex -9.81244 -3.27391 0
      vertex -10.6303 -1.78504 3
      vertex -9.78252 -3.25247 0
    endloop
  endfacet
  facet normal -0.507715 0.708563 -0.490066
    outer loop
      vertex -10.6303 -1.78504 3
      vertex -9.81244 -3.27391 0
      vertex -10.75 -1.87081 3
    endloop
  endfacet
  facet normal -0.253085 0.834139 -0.490062
    outer loop
      vertex -10.9809 -3.80333 0
      vertex -11.2768 -2.13059 3
      vertex -10.9457 -3.79265 0
    endloop
  endfacet
  facet normal -0.253029 0.834154 -0.490065
    outer loop
      vertex -11.2768 -2.13059 3
      vertex -10.9809 -3.80333 0
      vertex -11.4177 -2.17333 3
    endloop
  endfacet
  facet normal 0.252974 0.83417 -0.490067
    outer loop
      vertex -12.7232 -2.13059 3
      vertex -13.0543 -3.79265 0
      vertex -13.2657 -3.72854 0
    endloop
  endfacet
  facet normal -0.0855628 0.867478 -0.490061
    outer loop
      vertex -11.5227 -3.90742 0
      vertex -11.7063 -2.23075 3
      vertex -11.4861 -3.90381 0
    endloop
  endfacet
  facet normal -0.0854463 0.86749 -0.490061
    outer loop
      vertex -11.7063 -2.23075 3
      vertex -11.5227 -3.90742 0
      vertex -11.8528 -2.24518 3
    endloop
  endfacet
  facet normal -0.867486 -0.0854887 -0.490062
    outer loop
      vertex -8.09258 0.477314 0
      vertex -9.76925 0.293683 3
      vertex -8.09619 0.513946 0
    endloop
  endfacet
  facet normal -0.867491 -0.0854313 -0.490062
    outer loop
      vertex -9.76925 0.293683 3
      vertex -8.09258 0.477314 0
      vertex -9.75482 0.147157 3
    endloop
  endfacet
  facet normal -0.460331 0.740224 -0.490065
    outer loop
      vertex -9.8437 -3.29335 0
      vertex -10.75 -1.87081 3
      vertex -9.81244 -3.27391 0
    endloop
  endfacet
  facet normal -0.460395 0.740184 -0.490066
    outer loop
      vertex -10.75 -1.87081 3
      vertex -9.8437 -3.29335 0
      vertex -10.875 -1.94856 3
    endloop
  endfacet
  facet normal 0.553016 0.673804 -0.490063
    outer loop
      vertex -14.5677 -2.98372 0
      vertex -13.4835 -1.69164 3
      vertex -13.3697 -1.78504 3
    endloop
  endfacet
  facet normal 0.552437 0.674281 -0.490059
    outer loop
      vertex -13.4835 -1.69164 3
      vertex -14.5677 -2.98372 0
      vertex -14.5962 -2.96037 0
    endloop
  endfacet
  facet normal 0.595766 0.636312 -0.490072
    outer loop
      vertex -14.5962 -2.96037 0
      vertex -13.591 -1.59099 3
      vertex -13.4835 -1.69164 3
    endloop
  endfacet
  facet normal 0.596644 0.635535 -0.490012
    outer loop
      vertex -13.591 -1.59099 3
      vertex -14.5962 -2.96037 0
      vertex -14.623 -2.93521 0
    endloop
  endfacet
  facet normal 0.834172 0.252995 -0.490052
    outer loop
      vertex -14.1306 -0.723238 3
      vertex -15.7285 -1.26567 0
      vertex -15.7926 -1.05432 0
    endloop
  endfacet
  facet normal 0.30703 0.815825 -0.490064
    outer loop
      vertex -12.861 -2.07873 3
      vertex -13.3001 -3.71557 0
      vertex -13.5068 -3.63778 0
    endloop
  endfacet
  facet normal -0.595796 0.636289 -0.490066
    outer loop
      vertex -9.40383 -2.96037 0
      vertex -10.409 -1.59099 3
      vertex -9.37696 -2.93521 0
    endloop
  endfacet
  facet normal -0.595767 0.636314 -0.490068
    outer loop
      vertex -10.409 -1.59099 3
      vertex -9.40383 -2.96037 0
      vertex -10.5165 -1.69164 3
    endloop
  endfacet
  facet normal 0.636348 0.595725 -0.490075
    outer loop
      vertex -13.591 -1.59099 3
      vertex -14.9604 -2.59617 0
      vertex -13.6916 -1.48353 3
    endloop
  endfacet
  facet normal 0.635829 0.596311 -0.490035
    outer loop
      vertex -14.9604 -2.59617 0
      vertex -13.591 -1.59099 3
      vertex -14.9352 -2.62304 0
    endloop
  endfacet
  facet normal 0.860038 -0.142087 -0.490047
    outer loop
      vertex -14.2068 0.438952 3
      vertex -15.9038 0.513946 0
      vertex -15.8618 0.768167 0
    endloop
  endfacet
  facet normal 0.860038 -0.142088 -0.490047
    outer loop
      vertex -15.9038 0.513946 0
      vertex -14.2068 0.438952 3
      vertex -14.2308 0.293683 3
    endloop
  endfacet
  facet normal -0.673813 0.552999 -0.49007
    outer loop
      vertex -8.87617 -2.397 0
      vertex -9.01628 -2.56772 0
      vertex -10.215 -1.36971 3
    endloop
  endfacet
  facet normal 0.794142 0.359434 -0.490047
    outer loop
      vertex -14.018 -0.995149 3
      vertex -15.5466 -1.70798 0
      vertex -14.0787 -0.861037 3
    endloop
  endfacet
  facet normal 0.793926 0.359907 -0.490049
    outer loop
      vertex -15.5466 -1.70798 0
      vertex -14.018 -0.995149 3
      vertex -15.5314 -1.74151 0
    endloop
  endfacet
  facet normal 0.848842 0.198314 -0.49004
    outer loop
      vertex -14.1733 -0.582342 3
      vertex -15.8618 -0.768167 0
      vertex -14.2068 -0.438952 3
    endloop
  endfacet
  facet normal 0.848924 0.19791 -0.490061
    outer loop
      vertex -15.8618 -0.768167 0
      vertex -14.1733 -0.582342 3
      vertex -15.8033 -1.0191 0
    endloop
  endfacet
  facet normal 0.768783 0.410883 -0.490048
    outer loop
      vertex -13.9486 -1.125 3
      vertex -15.5314 -1.74151 0
      vertex -14.018 -0.995149 3
    endloop
  endfacet
  facet normal 0.769235 0.409975 -0.4901
    outer loop
      vertex -15.5314 -1.74151 0
      vertex -13.9486 -1.125 3
      vertex -15.5141 -1.77397 0
    endloop
  endfacet
  facet normal 0.86747 0.0856458 -0.490062
    outer loop
      vertex -14.2452 -0.147157 3
      vertex -15.9074 -0.477314 0
      vertex -15.9291 -0.257524 0
    endloop
  endfacet
  facet normal 0.871224 0.0284178 -0.490063
    outer loop
      vertex -14.2452 -0.147157 3
      vertex -15.9303 -0.220735 0
      vertex -14.25 0 3
    endloop
  endfacet
  facet normal 0.871224 0.028418 -0.490063
    outer loop
      vertex -15.9303 -0.220735 0
      vertex -14.2452 -0.147157 3
      vertex -15.9291 -0.257524 0
    endloop
  endfacet
  facet normal 0.552437 -0.674281 -0.490059
    outer loop
      vertex -14.5677 2.98372 0
      vertex -13.4835 1.69164 3
      vertex -14.5962 2.96037 0
    endloop
  endfacet
  facet normal 0.553016 -0.673804 -0.490063
    outer loop
      vertex -13.4835 1.69164 3
      vertex -14.5677 2.98372 0
      vertex -13.3697 1.78504 3
    endloop
  endfacet
  facet normal 0.460395 0.740184 -0.490066
    outer loop
      vertex -14.1563 -3.29335 0
      vertex -13.25 -1.87081 3
      vertex -13.125 -1.94856 3
    endloop
  endfacet
  facet normal 0.459907 0.740489 -0.490063
    outer loop
      vertex -13.25 -1.87081 3
      vertex -14.1563 -3.29335 0
      vertex -14.1876 -3.27391 0
    endloop
  endfacet
  facet normal 0.35971 0.794006 -0.490065
    outer loop
      vertex -12.861 -2.07873 3
      vertex -13.5068 -3.63778 0
      vertex -13.708 -3.54663 0
    endloop
  endfacet
  facet normal -0.63635 0.595727 -0.49007
    outer loop
      vertex -9.03963 -2.59617 0
      vertex -10.409 -1.59099 3
      vertex -10.3084 -1.48353 3
    endloop
  endfacet
  facet normal -0.636289 0.595796 -0.490066
    outer loop
      vertex -10.409 -1.59099 3
      vertex -9.03963 -2.59617 0
      vertex -9.06479 -2.62304 0
    endloop
  endfacet
  facet normal 0.410757 0.768837 -0.49007
    outer loop
      vertex -13.7415 -3.53144 0
      vertex -13.125 -1.94856 3
      vertex -12.9951 -2.01796 3
    endloop
  endfacet
  facet normal 0.410694 0.768868 -0.490073
    outer loop
      vertex -13.125 -1.94856 3
      vertex -13.7415 -3.53144 0
      vertex -13.774 -3.51408 0
    endloop
  endfacet
  facet normal 0.867518 0.0852562 -0.490045
    outer loop
      vertex -14.2308 -0.293683 3
      vertex -15.9074 -0.477314 0
      vertex -14.2452 -0.147157 3
    endloop
  endfacet
  facet normal 0.867518 0.0852551 -0.490045
    outer loop
      vertex -15.9074 -0.477314 0
      vertex -14.2308 -0.293683 3
      vertex -15.9038 -0.513946 0
    endloop
  endfacet
  facet normal 0.860038 0.142088 -0.490047
    outer loop
      vertex -14.2068 -0.438952 3
      vertex -15.9038 -0.513946 0
      vertex -14.2308 -0.293683 3
    endloop
  endfacet
  facet normal 0.860038 0.142087 -0.490047
    outer loop
      vertex -15.9038 -0.513946 0
      vertex -14.2068 -0.438952 3
      vertex -15.8618 -0.768167 0
    endloop
  endfacet
  facet normal -0.634421 -0.772988 0
    outer loop
      vertex 13.3697 1.78504 3
      vertex 13.4835 1.69164 25
      vertex 13.3697 1.78504 25
    endloop
  endfacet
  facet normal -0.634421 -0.772988 -0
    outer loop
      vertex 13.4835 1.69164 25
      vertex 13.3697 1.78504 3
      vertex 13.4835 1.69164 3
    endloop
  endfacet
  facet normal -0.999468 -0.0326009 0
    outer loop
      vertex 14.25 0 3
      vertex 14.2452 0.147157 25
      vertex 14.2452 0.147157 3
    endloop
  endfacet
  facet normal -0.999468 -0.0326009 0
    outer loop
      vertex 14.2452 0.147157 25
      vertex 14.25 0 3
      vertex 14.25 0 25
    endloop
  endfacet
  facet normal -0.995206 -0.0978049 0
    outer loop
      vertex 14.2452 0.147157 3
      vertex 14.2308 0.293683 25
      vertex 14.2308 0.293683 3
    endloop
  endfacet
  facet normal -0.995206 -0.0978049 0
    outer loop
      vertex 14.2308 0.293683 25
      vertex 14.2452 0.147157 3
      vertex 14.2452 0.147157 25
    endloop
  endfacet
  facet normal 0.935915 -0.352227 0
    outer loop
      vertex 9.86941 0.723238 25
      vertex 9.92127 0.861037 3
      vertex 9.92127 0.861037 25
    endloop
  endfacet
  facet normal 0.935915 -0.352227 0
    outer loop
      vertex 9.92127 0.861037 3
      vertex 9.86941 0.723238 25
      vertex 9.86941 0.723238 3
    endloop
  endfacet
  facet normal -0.528166 0.849141 0
    outer loop
      vertex 13.25 -1.87081 3
      vertex 13.125 -1.94856 25
      vertex 13.25 -1.87081 25
    endloop
  endfacet
  facet normal -0.528166 0.849141 0
    outer loop
      vertex 13.125 -1.94856 25
      vertex 13.25 -1.87081 3
      vertex 13.125 -1.94856 3
    endloop
  endfacet
  facet normal -0.88194 -0.471361 0
    outer loop
      vertex 14.018 0.995149 3
      vertex 13.9486 1.125 25
      vertex 13.9486 1.125 3
    endloop
  endfacet
  facet normal -0.88194 -0.471361 0
    outer loop
      vertex 13.9486 1.125 25
      vertex 14.018 0.995149 3
      vertex 14.018 0.995149 25
    endloop
  endfacet
  facet normal 0.352225 0.935915 -0
    outer loop
      vertex 11.2768 -2.13059 3
      vertex 11.139 -2.07873 25
      vertex 11.2768 -2.13059 25
    endloop
  endfacet
  facet normal 0.352225 0.935915 0
    outer loop
      vertex 11.139 -2.07873 25
      vertex 11.2768 -2.13059 3
      vertex 11.139 -2.07873 3
    endloop
  endfacet
  facet normal 0.032727 -0.999464 0
    outer loop
      vertex 11.8528 2.24518 3
      vertex 12 2.25 25
      vertex 11.8528 2.24518 25
    endloop
  endfacet
  facet normal 0.032727 -0.999464 0
    outer loop
      vertex 12 2.25 25
      vertex 11.8528 2.24518 3
      vertex 12 2.25 3
    endloop
  endfacet
  facet normal -0.032727 0.999464 0
    outer loop
      vertex 12.1472 -2.24518 3
      vertex 12 -2.25 25
      vertex 12.1472 -2.24518 25
    endloop
  endfacet
  facet normal -0.032727 0.999464 0
    outer loop
      vertex 12 -2.25 25
      vertex 12.1472 -2.24518 3
      vertex 12 -2.25 3
    endloop
  endfacet
  facet normal 0.812723 0.582651 0
    outer loop
      vertex 10.215 -1.36971 25
      vertex 10.1292 -1.25003 3
      vertex 10.1292 -1.25003 25
    endloop
  endfacet
  facet normal 0.812723 0.582651 0
    outer loop
      vertex 10.1292 -1.25003 3
      vertex 10.215 -1.36971 25
      vertex 10.215 -1.36971 3
    endloop
  endfacet
  facet normal -0.290275 -0.956943 0
    outer loop
      vertex 12.5823 2.17333 3
      vertex 12.7232 2.13059 25
      vertex 12.5823 2.17333 25
    endloop
  endfacet
  facet normal -0.290275 -0.956943 -0
    outer loop
      vertex 12.7232 2.13059 25
      vertex 12.5823 2.17333 3
      vertex 12.7232 2.13059 3
    endloop
  endfacet
  facet normal -0.88194 0.471361 0
    outer loop
      vertex 13.9486 -1.125 3
      vertex 14.018 -0.995149 25
      vertex 14.018 -0.995149 3
    endloop
  endfacet
  facet normal -0.88194 0.471361 0
    outer loop
      vertex 14.018 -0.995149 25
      vertex 13.9486 -1.125 3
      vertex 13.9486 -1.125 25
    endloop
  endfacet
  facet normal 0.634421 -0.772988 0
    outer loop
      vertex 10.5165 1.69164 3
      vertex 10.6303 1.78504 25
      vertex 10.5165 1.69164 25
    endloop
  endfacet
  facet normal 0.634421 -0.772988 0
    outer loop
      vertex 10.6303 1.78504 25
      vertex 10.5165 1.69164 3
      vertex 10.6303 1.78504 3
    endloop
  endfacet
  facet normal 0.999464 0.0327366 0
    outer loop
      vertex 9.75482 -0.147157 25
      vertex 9.75 0 3
      vertex 9.75 0 25
    endloop
  endfacet
  facet normal 0.999464 0.0327366 0
    outer loop
      vertex 9.75 0 3
      vertex 9.75482 -0.147157 25
      vertex 9.75482 -0.147157 3
    endloop
  endfacet
  facet normal -0.412764 -0.910838 0
    outer loop
      vertex 12.861 2.07873 3
      vertex 12.9951 2.01796 25
      vertex 12.861 2.07873 25
    endloop
  endfacet
  facet normal -0.412764 -0.910838 -0
    outer loop
      vertex 12.9951 2.01796 25
      vertex 12.861 2.07873 3
      vertex 12.9951 2.01796 3
    endloop
  endfacet
  facet normal -0.986626 -0.163001 0
    outer loop
      vertex 14.2308 0.293683 3
      vertex 14.2068 0.438952 25
      vertex 14.2068 0.438952 3
    endloop
  endfacet
  facet normal -0.986626 -0.163001 0
    outer loop
      vertex 14.2068 0.438952 25
      vertex 14.2308 0.293683 3
      vertex 14.2308 0.293683 25
    endloop
  endfacet
  facet normal -0.957016 -0.290034 0
    outer loop
      vertex 14.1733 0.582342 3
      vertex 14.1306 0.723238 25
      vertex 14.1306 0.723238 3
    endloop
  endfacet
  facet normal -0.957016 -0.290034 0
    outer loop
      vertex 14.1306 0.723238 25
      vertex 14.1733 0.582342 3
      vertex 14.1733 0.582342 25
    endloop
  endfacet
  facet normal -0.162835 0.986653 0
    outer loop
      vertex 12.439 -2.20677 3
      vertex 12.2937 -2.23075 25
      vertex 12.439 -2.20677 25
    endloop
  endfacet
  facet normal -0.162835 0.986653 0
    outer loop
      vertex 12.2937 -2.23075 25
      vertex 12.439 -2.20677 3
      vertex 12.2937 -2.23075 3
    endloop
  endfacet
  facet normal 0.995186 -0.0980067 0
    outer loop
      vertex 9.75482 0.147157 25
      vertex 9.76925 0.293683 3
      vertex 9.76925 0.293683 25
    endloop
  endfacet
  facet normal 0.995186 -0.0980067 0
    outer loop
      vertex 9.76925 0.293683 3
      vertex 9.75482 0.147157 25
      vertex 9.75482 0.147157 3
    endloop
  endfacet
  facet normal 0.935915 0.352227 0
    outer loop
      vertex 9.92127 -0.861037 25
      vertex 9.86941 -0.723238 3
      vertex 9.86941 -0.723238 25
    endloop
  endfacet
  facet normal 0.935915 0.352227 0
    outer loop
      vertex 9.86941 -0.723238 3
      vertex 9.92127 -0.861037 25
      vertex 9.92127 -0.861037 3
    endloop
  endfacet
  facet normal -0.935825 -0.352465 0
    outer loop
      vertex 14.1306 0.723238 3
      vertex 14.0787 0.861037 25
      vertex 14.0787 0.861037 3
    endloop
  endfacet
  facet normal -0.935825 -0.352465 0
    outer loop
      vertex 14.0787 0.861037 25
      vertex 14.1306 0.723238 3
      vertex 14.1306 0.723238 25
    endloop
  endfacet
  facet normal -0.227251 -0.973836 0
    outer loop
      vertex 12.439 2.20677 3
      vertex 12.5823 2.17333 25
      vertex 12.439 2.20677 25
    endloop
  endfacet
  facet normal -0.227251 -0.973836 -0
    outer loop
      vertex 12.5823 2.17333 25
      vertex 12.439 2.20677 3
      vertex 12.5823 2.17333 3
    endloop
  endfacet
  facet normal 0.634421 0.772988 -0
    outer loop
      vertex 10.6303 -1.78504 3
      vertex 10.5165 -1.69164 25
      vertex 10.6303 -1.78504 25
    endloop
  endfacet
  facet normal 0.634421 0.772988 0
    outer loop
      vertex 10.5165 -1.69164 25
      vertex 10.6303 -1.78504 3
      vertex 10.5165 -1.69164 3
    endloop
  endfacet
  facet normal -0.162835 -0.986653 0
    outer loop
      vertex 12.2937 2.23075 3
      vertex 12.439 2.20677 25
      vertex 12.2937 2.23075 25
    endloop
  endfacet
  facet normal -0.162835 -0.986653 -0
    outer loop
      vertex 12.439 2.20677 25
      vertex 12.2937 2.23075 3
      vertex 12.439 2.20677 3
    endloop
  endfacet
  facet normal 0.730024 -0.683421 0
    outer loop
      vertex 10.3084 1.48353 25
      vertex 10.409 1.59099 3
      vertex 10.409 1.59099 25
    endloop
  endfacet
  facet normal 0.730024 -0.683421 0
    outer loop
      vertex 10.409 1.59099 3
      vertex 10.3084 1.48353 25
      vertex 10.3084 1.48353 3
    endloop
  endfacet
  facet normal -0.999468 0.0326009 0
    outer loop
      vertex 14.2452 -0.147157 3
      vertex 14.25 0 25
      vertex 14.25 0 3
    endloop
  endfacet
  facet normal -0.999468 0.0326009 0
    outer loop
      vertex 14.25 0 25
      vertex 14.2452 -0.147157 3
      vertex 14.2452 -0.147157 25
    endloop
  endfacet
  facet normal 0.412764 0.910838 -0
    outer loop
      vertex 11.139 -2.07873 3
      vertex 11.0049 -2.01796 25
      vertex 11.139 -2.07873 25
    endloop
  endfacet
  facet normal 0.412764 0.910838 0
    outer loop
      vertex 11.0049 -2.01796 25
      vertex 11.139 -2.07873 3
      vertex 11.0049 -2.01796 3
    endloop
  endfacet
  facet normal 0.471222 -0.882014 0
    outer loop
      vertex 10.875 1.94856 3
      vertex 11.0049 2.01796 25
      vertex 10.875 1.94856 25
    endloop
  endfacet
  facet normal 0.471222 -0.882014 0
    outer loop
      vertex 11.0049 2.01796 25
      vertex 10.875 1.94856 3
      vertex 11.0049 2.01796 3
    endloop
  endfacet
  facet normal -0.0980239 0.995184 0
    outer loop
      vertex 12.2937 -2.23075 3
      vertex 12.1472 -2.24518 25
      vertex 12.2937 -2.23075 25
    endloop
  endfacet
  facet normal -0.0980239 0.995184 0
    outer loop
      vertex 12.1472 -2.24518 25
      vertex 12.2937 -2.23075 3
      vertex 12.1472 -2.24518 3
    endloop
  endfacet
  facet normal 0.986648 -0.162869 0
    outer loop
      vertex 9.76925 0.293683 25
      vertex 9.79323 0.438952 3
      vertex 9.79323 0.438952 25
    endloop
  endfacet
  facet normal 0.986648 -0.162869 0
    outer loop
      vertex 9.79323 0.438952 3
      vertex 9.76925 0.293683 25
      vertex 9.76925 0.293683 3
    endloop
  endfacet
  facet normal 0.882053 0.471149 0
    outer loop
      vertex 10.0514 -1.125 25
      vertex 9.98204 -0.995149 3
      vertex 9.98204 -0.995149 25
    endloop
  endfacet
  facet normal 0.882053 0.471149 0
    outer loop
      vertex 9.98204 -0.995149 3
      vertex 10.0514 -1.125 25
      vertex 10.0514 -1.125 3
    endloop
  endfacet
  facet normal 0.582452 -0.812865 0
    outer loop
      vertex 10.6303 1.78504 3
      vertex 10.75 1.87081 25
      vertex 10.6303 1.78504 25
    endloop
  endfacet
  facet normal 0.582452 -0.812865 0
    outer loop
      vertex 10.75 1.87081 25
      vertex 10.6303 1.78504 3
      vertex 10.75 1.87081 3
    endloop
  endfacet
  facet normal -0.290275 0.956943 0
    outer loop
      vertex 12.7232 -2.13059 3
      vertex 12.5823 -2.17333 25
      vertex 12.7232 -2.13059 25
    endloop
  endfacet
  facet normal -0.290275 0.956943 0
    outer loop
      vertex 12.5823 -2.17333 25
      vertex 12.7232 -2.13059 3
      vertex 12.5823 -2.17333 3
    endloop
  endfacet
  facet normal -0.986626 0.163001 0
    outer loop
      vertex 14.2068 -0.438952 3
      vertex 14.2308 -0.293683 25
      vertex 14.2308 -0.293683 3
    endloop
  endfacet
  facet normal -0.986626 0.163001 0
    outer loop
      vertex 14.2308 -0.293683 25
      vertex 14.2068 -0.438952 3
      vertex 14.2068 -0.438952 25
    endloop
  endfacet
  facet normal 0.956941 -0.290283 0
    outer loop
      vertex 9.82667 0.582342 25
      vertex 9.86941 0.723238 3
      vertex 9.86941 0.723238 25
    endloop
  endfacet
  facet normal 0.956941 -0.290283 0
    outer loop
      vertex 9.86941 0.723238 3
      vertex 9.82667 0.582342 25
      vertex 9.82667 0.582342 3
    endloop
  endfacet
  facet normal 0.995186 0.0980067 0
    outer loop
      vertex 9.76925 -0.293683 25
      vertex 9.75482 -0.147157 3
      vertex 9.75482 -0.147157 25
    endloop
  endfacet
  facet normal 0.995186 0.0980067 0
    outer loop
      vertex 9.75482 -0.147157 3
      vertex 9.76925 -0.293683 25
      vertex 9.76925 -0.293683 3
    endloop
  endfacet
  facet normal 0.812723 -0.582651 0
    outer loop
      vertex 10.1292 1.25003 25
      vertex 10.215 1.36971 3
      vertex 10.215 1.36971 25
    endloop
  endfacet
  facet normal 0.812723 -0.582651 0
    outer loop
      vertex 10.215 1.36971 3
      vertex 10.1292 1.25003 25
      vertex 10.1292 1.25003 3
    endloop
  endfacet
  facet normal 0.227251 -0.973836 0
    outer loop
      vertex 11.4177 2.17333 3
      vertex 11.561 2.20677 25
      vertex 11.4177 2.17333 25
    endloop
  endfacet
  facet normal 0.227251 -0.973836 0
    outer loop
      vertex 11.561 2.20677 25
      vertex 11.4177 2.17333 3
      vertex 11.561 2.20677 3
    endloop
  endfacet
  facet normal 0.730024 0.683421 0
    outer loop
      vertex 10.409 -1.59099 25
      vertex 10.3084 -1.48353 3
      vertex 10.3084 -1.48353 25
    endloop
  endfacet
  facet normal 0.730024 0.683421 0
    outer loop
      vertex 10.3084 -1.48353 3
      vertex 10.409 -1.59099 25
      vertex 10.409 -1.59099 3
    endloop
  endfacet
  facet normal -0.935825 0.352465 0
    outer loop
      vertex 14.0787 -0.861037 3
      vertex 14.1306 -0.723238 25
      vertex 14.1306 -0.723238 3
    endloop
  endfacet
  facet normal -0.935825 0.352465 0
    outer loop
      vertex 14.1306 -0.723238 25
      vertex 14.0787 -0.861037 3
      vertex 14.0787 -0.861037 25
    endloop
  endfacet
  facet normal -0.812723 -0.582651 0
    outer loop
      vertex 13.8708 1.25003 3
      vertex 13.785 1.36971 25
      vertex 13.785 1.36971 3
    endloop
  endfacet
  facet normal -0.812723 -0.582651 0
    outer loop
      vertex 13.785 1.36971 25
      vertex 13.8708 1.25003 3
      vertex 13.8708 1.25003 25
    endloop
  endfacet
  facet normal -0.911031 0.412339 0
    outer loop
      vertex 14.018 -0.995149 3
      vertex 14.0787 -0.861037 25
      vertex 14.0787 -0.861037 3
    endloop
  endfacet
  facet normal -0.911031 0.412339 0
    outer loop
      vertex 14.0787 -0.861037 25
      vertex 14.018 -0.995149 3
      vertex 14.018 -0.995149 25
    endloop
  endfacet
  facet normal -0.227251 0.973836 0
    outer loop
      vertex 12.5823 -2.17333 3
      vertex 12.439 -2.20677 25
      vertex 12.5823 -2.17333 25
    endloop
  endfacet
  facet normal -0.227251 0.973836 0
    outer loop
      vertex 12.439 -2.20677 25
      vertex 12.5823 -2.17333 3
      vertex 12.439 -2.20677 3
    endloop
  endfacet
  facet normal -0.812723 0.582651 0
    outer loop
      vertex 13.785 -1.36971 3
      vertex 13.8708 -1.25003 25
      vertex 13.8708 -1.25003 3
    endloop
  endfacet
  facet normal -0.812723 0.582651 0
    outer loop
      vertex 13.8708 -1.25003 25
      vertex 13.785 -1.36971 3
      vertex 13.785 -1.36971 25
    endloop
  endfacet
  facet normal -0.849046 -0.528319 0
    outer loop
      vertex 13.9486 1.125 3
      vertex 13.8708 1.25003 25
      vertex 13.8708 1.25003 3
    endloop
  endfacet
  facet normal -0.849046 -0.528319 0
    outer loop
      vertex 13.8708 1.25003 25
      vertex 13.9486 1.125 3
      vertex 13.9486 1.125 25
    endloop
  endfacet
  facet normal -0.528166 -0.849141 0
    outer loop
      vertex 13.125 1.94856 3
      vertex 13.25 1.87081 25
      vertex 13.125 1.94856 25
    endloop
  endfacet
  facet normal -0.528166 -0.849141 -0
    outer loop
      vertex 13.25 1.87081 25
      vertex 13.125 1.94856 3
      vertex 13.25 1.87081 3
    endloop
  endfacet
  facet normal 0.999464 -0.0327366 0
    outer loop
      vertex 9.75 0 25
      vertex 9.75482 0.147157 3
      vertex 9.75482 0.147157 25
    endloop
  endfacet
  facet normal 0.999464 -0.0327366 0
    outer loop
      vertex 9.75482 0.147157 3
      vertex 9.75 0 25
      vertex 9.75 0 3
    endloop
  endfacet
  facet normal -0.582452 -0.812865 0
    outer loop
      vertex 13.25 1.87081 3
      vertex 13.3697 1.78504 25
      vertex 13.25 1.87081 25
    endloop
  endfacet
  facet normal -0.582452 -0.812865 -0
    outer loop
      vertex 13.3697 1.78504 25
      vertex 13.25 1.87081 3
      vertex 13.3697 1.78504 3
    endloop
  endfacet
  facet normal 0.0980239 -0.995184 0
    outer loop
      vertex 11.7063 2.23075 3
      vertex 11.8528 2.24518 25
      vertex 11.7063 2.23075 25
    endloop
  endfacet
  facet normal 0.0980239 -0.995184 0
    outer loop
      vertex 11.8528 2.24518 25
      vertex 11.7063 2.23075 3
      vertex 11.8528 2.24518 3
    endloop
  endfacet
  facet normal 0.0980239 0.995184 -0
    outer loop
      vertex 11.8528 -2.24518 3
      vertex 11.7063 -2.23075 25
      vertex 11.8528 -2.24518 25
    endloop
  endfacet
  facet normal 0.0980239 0.995184 0
    outer loop
      vertex 11.7063 -2.23075 25
      vertex 11.8528 -2.24518 3
      vertex 11.7063 -2.23075 3
    endloop
  endfacet
  facet normal -0.471222 -0.882014 0
    outer loop
      vertex 12.9951 2.01796 3
      vertex 13.125 1.94856 25
      vertex 12.9951 2.01796 25
    endloop
  endfacet
  facet normal -0.471222 -0.882014 -0
    outer loop
      vertex 13.125 1.94856 25
      vertex 12.9951 2.01796 3
      vertex 13.125 1.94856 3
    endloop
  endfacet
  facet normal 0.986648 0.162869 0
    outer loop
      vertex 9.79323 -0.438952 25
      vertex 9.76925 -0.293683 3
      vertex 9.76925 -0.293683 25
    endloop
  endfacet
  facet normal 0.986648 0.162869 0
    outer loop
      vertex 9.76925 -0.293683 3
      vertex 9.79323 -0.438952 25
      vertex 9.79323 -0.438952 3
    endloop
  endfacet
  facet normal -0.973778 -0.227502 0
    outer loop
      vertex 14.2068 0.438952 3
      vertex 14.1733 0.582342 25
      vertex 14.1733 0.582342 3
    endloop
  endfacet
  facet normal -0.973778 -0.227502 0
    outer loop
      vertex 14.1733 0.582342 25
      vertex 14.2068 0.438952 3
      vertex 14.2068 0.438952 25
    endloop
  endfacet
  facet normal 0.290275 -0.956943 0
    outer loop
      vertex 11.2768 2.13059 3
      vertex 11.4177 2.17333 25
      vertex 11.2768 2.13059 25
    endloop
  endfacet
  facet normal 0.290275 -0.956943 0
    outer loop
      vertex 11.4177 2.17333 25
      vertex 11.2768 2.13059 3
      vertex 11.4177 2.17333 3
    endloop
  endfacet
  facet normal -0.582452 0.812865 0
    outer loop
      vertex 13.3697 -1.78504 3
      vertex 13.25 -1.87081 25
      vertex 13.3697 -1.78504 25
    endloop
  endfacet
  facet normal -0.582452 0.812865 0
    outer loop
      vertex 13.25 -1.87081 25
      vertex 13.3697 -1.78504 3
      vertex 13.25 -1.87081 3
    endloop
  endfacet
  facet normal 0.882053 -0.471149 0
    outer loop
      vertex 9.98204 0.995149 25
      vertex 10.0514 1.125 3
      vertex 10.0514 1.125 25
    endloop
  endfacet
  facet normal 0.882053 -0.471149 0
    outer loop
      vertex 10.0514 1.125 3
      vertex 9.98204 0.995149 25
      vertex 9.98204 0.995149 3
    endloop
  endfacet
  facet normal -0.683467 0.729982 0
    outer loop
      vertex 13.591 -1.59099 3
      vertex 13.4835 -1.69164 25
      vertex 13.591 -1.59099 25
    endloop
  endfacet
  facet normal -0.683467 0.729982 0
    outer loop
      vertex 13.4835 -1.69164 25
      vertex 13.591 -1.59099 3
      vertex 13.4835 -1.69164 3
    endloop
  endfacet
  facet normal 0.973868 -0.227116 0
    outer loop
      vertex 9.79323 0.438952 25
      vertex 9.82667 0.582342 3
      vertex 9.82667 0.582342 25
    endloop
  endfacet
  facet normal 0.973868 -0.227116 0
    outer loop
      vertex 9.82667 0.582342 3
      vertex 9.79323 0.438952 25
      vertex 9.79323 0.438952 3
    endloop
  endfacet
  facet normal 0.352225 -0.935915 0
    outer loop
      vertex 11.139 2.07873 3
      vertex 11.2768 2.13059 25
      vertex 11.139 2.07873 25
    endloop
  endfacet
  facet normal 0.352225 -0.935915 0
    outer loop
      vertex 11.2768 2.13059 25
      vertex 11.139 2.07873 3
      vertex 11.2768 2.13059 3
    endloop
  endfacet
  facet normal 0.162835 -0.986653 0
    outer loop
      vertex 11.561 2.20677 3
      vertex 11.7063 2.23075 25
      vertex 11.561 2.20677 25
    endloop
  endfacet
  facet normal 0.162835 -0.986653 0
    outer loop
      vertex 11.7063 2.23075 25
      vertex 11.561 2.20677 3
      vertex 11.7063 2.23075 3
    endloop
  endfacet
  facet normal 0.773043 -0.634354 0
    outer loop
      vertex 10.215 1.36971 25
      vertex 10.3084 1.48353 3
      vertex 10.3084 1.48353 25
    endloop
  endfacet
  facet normal 0.773043 -0.634354 0
    outer loop
      vertex 10.3084 1.48353 3
      vertex 10.215 1.36971 25
      vertex 10.215 1.36971 3
    endloop
  endfacet
  facet normal -0.730024 0.683421 0
    outer loop
      vertex 13.591 -1.59099 3
      vertex 13.6916 -1.48353 25
      vertex 13.6916 -1.48353 3
    endloop
  endfacet
  facet normal -0.730024 0.683421 0
    outer loop
      vertex 13.6916 -1.48353 25
      vertex 13.591 -1.59099 3
      vertex 13.591 -1.59099 25
    endloop
  endfacet
  facet normal 0.683467 -0.729982 0
    outer loop
      vertex 10.409 1.59099 3
      vertex 10.5165 1.69164 25
      vertex 10.409 1.59099 25
    endloop
  endfacet
  facet normal 0.683467 -0.729982 0
    outer loop
      vertex 10.5165 1.69164 25
      vertex 10.409 1.59099 3
      vertex 10.5165 1.69164 3
    endloop
  endfacet
  facet normal 0.582452 0.812865 -0
    outer loop
      vertex 10.75 -1.87081 3
      vertex 10.6303 -1.78504 25
      vertex 10.75 -1.87081 25
    endloop
  endfacet
  facet normal 0.582452 0.812865 0
    outer loop
      vertex 10.6303 -1.78504 25
      vertex 10.75 -1.87081 3
      vertex 10.6303 -1.78504 3
    endloop
  endfacet
  facet normal -0.352225 0.935915 0
    outer loop
      vertex 12.861 -2.07873 3
      vertex 12.7232 -2.13059 25
      vertex 12.861 -2.07873 25
    endloop
  endfacet
  facet normal -0.352225 0.935915 0
    outer loop
      vertex 12.7232 -2.13059 25
      vertex 12.861 -2.07873 3
      vertex 12.7232 -2.13059 3
    endloop
  endfacet
  facet normal -0.849046 0.528319 0
    outer loop
      vertex 13.8708 -1.25003 3
      vertex 13.9486 -1.125 25
      vertex 13.9486 -1.125 3
    endloop
  endfacet
  facet normal -0.849046 0.528319 0
    outer loop
      vertex 13.9486 -1.125 25
      vertex 13.8708 -1.25003 3
      vertex 13.8708 -1.25003 25
    endloop
  endfacet
  facet normal 0.528166 -0.849141 0
    outer loop
      vertex 10.75 1.87081 3
      vertex 10.875 1.94856 25
      vertex 10.75 1.87081 25
    endloop
  endfacet
  facet normal 0.528166 -0.849141 0
    outer loop
      vertex 10.875 1.94856 25
      vertex 10.75 1.87081 3
      vertex 10.875 1.94856 3
    endloop
  endfacet
  facet normal -0.683467 -0.729982 0
    outer loop
      vertex 13.4835 1.69164 3
      vertex 13.591 1.59099 25
      vertex 13.4835 1.69164 25
    endloop
  endfacet
  facet normal -0.683467 -0.729982 -0
    outer loop
      vertex 13.591 1.59099 25
      vertex 13.4835 1.69164 3
      vertex 13.591 1.59099 3
    endloop
  endfacet
  facet normal -0.032727 -0.999464 0
    outer loop
      vertex 12 2.25 3
      vertex 12.1472 2.24518 25
      vertex 12 2.25 25
    endloop
  endfacet
  facet normal -0.032727 -0.999464 -0
    outer loop
      vertex 12.1472 2.24518 25
      vertex 12 2.25 3
      vertex 12.1472 2.24518 3
    endloop
  endfacet
  facet normal 0.773043 0.634354 0
    outer loop
      vertex 10.3084 -1.48353 25
      vertex 10.215 -1.36971 3
      vertex 10.215 -1.36971 25
    endloop
  endfacet
  facet normal 0.773043 0.634354 0
    outer loop
      vertex 10.215 -1.36971 3
      vertex 10.3084 -1.48353 25
      vertex 10.3084 -1.48353 3
    endloop
  endfacet
  facet normal -0.911031 -0.412339 0
    outer loop
      vertex 14.0787 0.861037 3
      vertex 14.018 0.995149 25
      vertex 14.018 0.995149 3
    endloop
  endfacet
  facet normal -0.911031 -0.412339 0
    outer loop
      vertex 14.018 0.995149 25
      vertex 14.0787 0.861037 3
      vertex 14.0787 0.861037 25
    endloop
  endfacet
  facet normal -0.730024 -0.683421 0
    outer loop
      vertex 13.6916 1.48353 3
      vertex 13.591 1.59099 25
      vertex 13.591 1.59099 3
    endloop
  endfacet
  facet normal -0.730024 -0.683421 0
    outer loop
      vertex 13.591 1.59099 25
      vertex 13.6916 1.48353 3
      vertex 13.6916 1.48353 25
    endloop
  endfacet
  facet normal -0.352225 -0.935915 0
    outer loop
      vertex 12.7232 2.13059 3
      vertex 12.861 2.07873 25
      vertex 12.7232 2.13059 25
    endloop
  endfacet
  facet normal -0.352225 -0.935915 -0
    outer loop
      vertex 12.861 2.07873 25
      vertex 12.7232 2.13059 3
      vertex 12.861 2.07873 3
    endloop
  endfacet
  facet normal 0.849046 0.528319 0
    outer loop
      vertex 10.1292 -1.25003 25
      vertex 10.0514 -1.125 3
      vertex 10.0514 -1.125 25
    endloop
  endfacet
  facet normal 0.849046 0.528319 0
    outer loop
      vertex 10.0514 -1.125 3
      vertex 10.1292 -1.25003 25
      vertex 10.1292 -1.25003 3
    endloop
  endfacet
  facet normal 0.032727 0.999464 -0
    outer loop
      vertex 12 -2.25 3
      vertex 11.8528 -2.24518 25
      vertex 12 -2.25 25
    endloop
  endfacet
  facet normal 0.032727 0.999464 0
    outer loop
      vertex 11.8528 -2.24518 25
      vertex 12 -2.25 3
      vertex 11.8528 -2.24518 3
    endloop
  endfacet
  facet normal 0.412764 -0.910838 0
    outer loop
      vertex 11.0049 2.01796 3
      vertex 11.139 2.07873 25
      vertex 11.0049 2.01796 25
    endloop
  endfacet
  facet normal 0.412764 -0.910838 0
    outer loop
      vertex 11.139 2.07873 25
      vertex 11.0049 2.01796 3
      vertex 11.139 2.07873 3
    endloop
  endfacet
  facet normal 0.849046 -0.528319 0
    outer loop
      vertex 10.0514 1.125 25
      vertex 10.1292 1.25003 3
      vertex 10.1292 1.25003 25
    endloop
  endfacet
  facet normal 0.849046 -0.528319 0
    outer loop
      vertex 10.1292 1.25003 3
      vertex 10.0514 1.125 25
      vertex 10.0514 1.125 3
    endloop
  endfacet
  facet normal 0.973868 0.227116 0
    outer loop
      vertex 9.82667 -0.582342 25
      vertex 9.79323 -0.438952 3
      vertex 9.79323 -0.438952 25
    endloop
  endfacet
  facet normal 0.973868 0.227116 0
    outer loop
      vertex 9.79323 -0.438952 3
      vertex 9.82667 -0.582342 25
      vertex 9.82667 -0.582342 3
    endloop
  endfacet
  facet normal -0.471222 0.882014 0
    outer loop
      vertex 13.125 -1.94856 3
      vertex 12.9951 -2.01796 25
      vertex 13.125 -1.94856 25
    endloop
  endfacet
  facet normal -0.471222 0.882014 0
    outer loop
      vertex 12.9951 -2.01796 25
      vertex 13.125 -1.94856 3
      vertex 12.9951 -2.01796 3
    endloop
  endfacet
  facet normal -0.412764 0.910838 0
    outer loop
      vertex 12.9951 -2.01796 3
      vertex 12.861 -2.07873 25
      vertex 12.9951 -2.01796 25
    endloop
  endfacet
  facet normal -0.412764 0.910838 0
    outer loop
      vertex 12.861 -2.07873 25
      vertex 12.9951 -2.01796 3
      vertex 12.861 -2.07873 3
    endloop
  endfacet
  facet normal -0.773043 -0.634354 0
    outer loop
      vertex 13.785 1.36971 3
      vertex 13.6916 1.48353 25
      vertex 13.6916 1.48353 3
    endloop
  endfacet
  facet normal -0.773043 -0.634354 0
    outer loop
      vertex 13.6916 1.48353 25
      vertex 13.785 1.36971 3
      vertex 13.785 1.36971 25
    endloop
  endfacet
  facet normal -0.0980239 -0.995184 0
    outer loop
      vertex 12.1472 2.24518 3
      vertex 12.2937 2.23075 25
      vertex 12.1472 2.24518 25
    endloop
  endfacet
  facet normal -0.0980239 -0.995184 -0
    outer loop
      vertex 12.2937 2.23075 25
      vertex 12.1472 2.24518 3
      vertex 12.2937 2.23075 3
    endloop
  endfacet
  facet normal -0.773043 0.634354 0
    outer loop
      vertex 13.6916 -1.48353 3
      vertex 13.785 -1.36971 25
      vertex 13.785 -1.36971 3
    endloop
  endfacet
  facet normal -0.773043 0.634354 0
    outer loop
      vertex 13.785 -1.36971 25
      vertex 13.6916 -1.48353 3
      vertex 13.6916 -1.48353 25
    endloop
  endfacet
  facet normal 0.227251 0.973836 -0
    outer loop
      vertex 11.561 -2.20677 3
      vertex 11.4177 -2.17333 25
      vertex 11.561 -2.20677 25
    endloop
  endfacet
  facet normal 0.227251 0.973836 0
    outer loop
      vertex 11.4177 -2.17333 25
      vertex 11.561 -2.20677 3
      vertex 11.4177 -2.17333 3
    endloop
  endfacet
  facet normal 0.162835 0.986653 -0
    outer loop
      vertex 11.7063 -2.23075 3
      vertex 11.561 -2.20677 25
      vertex 11.7063 -2.23075 25
    endloop
  endfacet
  facet normal 0.162835 0.986653 0
    outer loop
      vertex 11.561 -2.20677 25
      vertex 11.7063 -2.23075 3
      vertex 11.561 -2.20677 3
    endloop
  endfacet
  facet normal 0.528166 0.849141 -0
    outer loop
      vertex 10.875 -1.94856 3
      vertex 10.75 -1.87081 25
      vertex 10.875 -1.94856 25
    endloop
  endfacet
  facet normal 0.528166 0.849141 0
    outer loop
      vertex 10.75 -1.87081 25
      vertex 10.875 -1.94856 3
      vertex 10.75 -1.87081 3
    endloop
  endfacet
  facet normal 0.910852 -0.412733 0
    outer loop
      vertex 9.92127 0.861037 25
      vertex 9.98204 0.995149 3
      vertex 9.98204 0.995149 25
    endloop
  endfacet
  facet normal 0.910852 -0.412733 0
    outer loop
      vertex 9.98204 0.995149 3
      vertex 9.92127 0.861037 25
      vertex 9.92127 0.861037 3
    endloop
  endfacet
  facet normal -0.973778 0.227502 0
    outer loop
      vertex 14.1733 -0.582342 3
      vertex 14.2068 -0.438952 25
      vertex 14.2068 -0.438952 3
    endloop
  endfacet
  facet normal -0.973778 0.227502 0
    outer loop
      vertex 14.2068 -0.438952 25
      vertex 14.1733 -0.582342 3
      vertex 14.1733 -0.582342 25
    endloop
  endfacet
  facet normal -0.995206 0.0978049 0
    outer loop
      vertex 14.2308 -0.293683 3
      vertex 14.2452 -0.147157 25
      vertex 14.2452 -0.147157 3
    endloop
  endfacet
  facet normal -0.995206 0.0978049 0
    outer loop
      vertex 14.2452 -0.147157 25
      vertex 14.2308 -0.293683 3
      vertex 14.2308 -0.293683 25
    endloop
  endfacet
  facet normal -0.634421 0.772988 0
    outer loop
      vertex 13.4835 -1.69164 3
      vertex 13.3697 -1.78504 25
      vertex 13.4835 -1.69164 25
    endloop
  endfacet
  facet normal -0.634421 0.772988 0
    outer loop
      vertex 13.3697 -1.78504 25
      vertex 13.4835 -1.69164 3
      vertex 13.3697 -1.78504 3
    endloop
  endfacet
  facet normal 0.956941 0.290283 0
    outer loop
      vertex 9.86941 -0.723238 25
      vertex 9.82667 -0.582342 3
      vertex 9.82667 -0.582342 25
    endloop
  endfacet
  facet normal 0.956941 0.290283 0
    outer loop
      vertex 9.82667 -0.582342 3
      vertex 9.86941 -0.723238 25
      vertex 9.86941 -0.723238 3
    endloop
  endfacet
  facet normal -0.957016 0.290034 0
    outer loop
      vertex 14.1306 -0.723238 3
      vertex 14.1733 -0.582342 25
      vertex 14.1733 -0.582342 3
    endloop
  endfacet
  facet normal -0.957016 0.290034 0
    outer loop
      vertex 14.1733 -0.582342 25
      vertex 14.1306 -0.723238 3
      vertex 14.1306 -0.723238 25
    endloop
  endfacet
  facet normal 0.910852 0.412733 0
    outer loop
      vertex 9.98204 -0.995149 25
      vertex 9.92127 -0.861037 3
      vertex 9.92127 -0.861037 25
    endloop
  endfacet
  facet normal 0.910852 0.412733 0
    outer loop
      vertex 9.92127 -0.861037 3
      vertex 9.98204 -0.995149 25
      vertex 9.98204 -0.995149 3
    endloop
  endfacet
  facet normal 0.290275 0.956943 -0
    outer loop
      vertex 11.4177 -2.17333 3
      vertex 11.2768 -2.13059 25
      vertex 11.4177 -2.17333 25
    endloop
  endfacet
  facet normal 0.290275 0.956943 0
    outer loop
      vertex 11.2768 -2.13059 25
      vertex 11.4177 -2.17333 3
      vertex 11.2768 -2.13059 3
    endloop
  endfacet
  facet normal 0.683467 0.729982 -0
    outer loop
      vertex 10.5165 -1.69164 3
      vertex 10.409 -1.59099 25
      vertex 10.5165 -1.69164 25
    endloop
  endfacet
  facet normal 0.683467 0.729982 0
    outer loop
      vertex 10.409 -1.59099 25
      vertex 10.5165 -1.69164 3
      vertex 10.409 -1.59099 3
    endloop
  endfacet
  facet normal 0.471222 0.882014 -0
    outer loop
      vertex 11.0049 -2.01796 3
      vertex 10.875 -1.94856 25
      vertex 11.0049 -2.01796 25
    endloop
  endfacet
  facet normal 0.471222 0.882014 0
    outer loop
      vertex 10.875 -1.94856 25
      vertex 11.0049 -2.01796 3
      vertex 10.875 -1.94856 3
    endloop
  endfacet
  facet normal -0.871224 -0.0284178 -0.490063
    outer loop
      vertex 15.9303 0.220735 0
      vertex 15.9375 0 0
      vertex 14.25 0 3
    endloop
  endfacet
  facet normal -0.834218 0.252818 -0.490065
    outer loop
      vertex 15.8033 -1.0191 0
      vertex 14.1306 -0.723238 3
      vertex 14.1733 -0.582342 3
    endloop
  endfacet
  facet normal -0.834062 0.253392 -0.490035
    outer loop
      vertex 14.1306 -0.723238 3
      vertex 15.8033 -1.0191 0
      vertex 15.7926 -1.05432 0
    endloop
  endfacet
  facet normal 0.460395 0.740184 -0.490066
    outer loop
      vertex 9.8437 -3.29335 0
      vertex 10.75 -1.87081 3
      vertex 10.875 -1.94856 3
    endloop
  endfacet
  facet normal 0.460331 0.740224 -0.490065
    outer loop
      vertex 10.75 -1.87081 3
      vertex 9.8437 -3.29335 0
      vertex 9.81244 -3.27391 0
    endloop
  endfacet
  facet normal -0.0854466 0.86749 -0.490061
    outer loop
      vertex 12.4773 -3.90742 0
      vertex 12.2575 -3.92907 0
      vertex 12.1472 -2.24518 3
    endloop
  endfacet
  facet normal 0.871221 0.0285361 -0.490062
    outer loop
      vertex 9.75 0 3
      vertex 8.06973 -0.220735 0
      vertex 8.0625 0 0
    endloop
  endfacet
  facet normal -0.507713 -0.708561 -0.490071
    outer loop
      vertex 14.1876 3.27391 0
      vertex 13.3697 1.78504 3
      vertex 13.25 1.87081 3
    endloop
  endfacet
  facet normal -0.507959 -0.708395 -0.490056
    outer loop
      vertex 13.3697 1.78504 3
      vertex 14.1876 3.27391 0
      vertex 14.2175 3.25247 0
    endloop
  endfacet
  facet normal 0.673813 0.552999 -0.49007
    outer loop
      vertex 10.215 -1.36971 3
      vertex 9.01628 -2.56772 0
      vertex 8.87617 -2.397 0
    endloop
  endfacet
  facet normal 0.198093 0.848883 -0.490058
    outer loop
      vertex 11.2318 -3.86184 0
      vertex 11.4177 -2.17333 3
      vertex 11.561 -2.20677 3
    endloop
  endfacet
  facet normal 0.197966 0.848909 -0.490064
    outer loop
      vertex 11.4177 -2.17333 3
      vertex 11.2318 -3.86184 0
      vertex 10.9809 -3.80333 0
    endloop
  endfacet
  facet normal 0.35971 -0.794006 -0.490065
    outer loop
      vertex 10.4932 3.63778 0
      vertex 11.139 2.07873 3
      vertex 10.292 3.54663 0
    endloop
  endfacet
  facet normal -0.35971 0.794006 -0.490065
    outer loop
      vertex 13.708 -3.54663 0
      vertex 13.5068 -3.63778 0
      vertex 12.861 -2.07873 3
    endloop
  endfacet
  facet normal 0.252974 0.83417 -0.490067
    outer loop
      vertex 11.2768 -2.13059 3
      vertex 10.9457 -3.79265 0
      vertex 10.7343 -3.72854 0
    endloop
  endfacet
  facet normal 0.871221 -0.0285361 -0.490062
    outer loop
      vertex 8.06973 0.220735 0
      vertex 9.75 0 3
      vertex 8.0625 0 0
    endloop
  endfacet
  facet normal -0.359973 0.793883 -0.49007
    outer loop
      vertex 13.708 -3.54663 0
      vertex 12.9951 -2.01796 3
      vertex 13.7415 -3.53144 0
    endloop
  endfacet
  facet normal -0.359799 0.793963 -0.490069
    outer loop
      vertex 12.9951 -2.01796 3
      vertex 13.708 -3.54663 0
      vertex 12.861 -2.07873 3
    endloop
  endfacet
  facet normal -0.636159 0.595943 -0.490056
    outer loop
      vertex 14.9352 -2.62304 0
      vertex 14.7842 -2.78423 0
      vertex 13.591 -1.59099 3
    endloop
  endfacet
  facet normal -0.0285407 0.87122 -0.490062
    outer loop
      vertex 12 -2.25 3
      vertex 12.2207 -3.93027 0
      vertex 12 -3.9375 0
    endloop
  endfacet
  facet normal 0.636196 -0.595899 -0.49006
    outer loop
      vertex 9.21577 2.78423 0
      vertex 10.409 1.59099 3
      vertex 9.06479 2.62304 0
    endloop
  endfacet
  facet normal -0.769235 -0.409975 -0.4901
    outer loop
      vertex 15.5314 1.74151 0
      vertex 13.9486 1.125 3
      vertex 15.5141 1.77397 0
    endloop
  endfacet
  facet normal -0.768783 -0.410883 -0.490048
    outer loop
      vertex 13.9486 1.125 3
      vertex 15.5314 1.74151 0
      vertex 14.018 0.995149 3
    endloop
  endfacet
  facet normal 0.410694 -0.768868 -0.490073
    outer loop
      vertex 10.2585 3.53144 0
      vertex 10.875 1.94856 3
      vertex 10.226 3.51408 0
    endloop
  endfacet
  facet normal 0.410757 -0.768837 -0.49007
    outer loop
      vertex 10.875 1.94856 3
      vertex 10.2585 3.53144 0
      vertex 11.0049 2.01796 3
    endloop
  endfacet
  facet normal -0.30703 -0.815825 -0.490064
    outer loop
      vertex 13.3001 3.71557 0
      vertex 13.5068 3.63778 0
      vertex 12.861 2.07873 3
    endloop
  endfacet
  facet normal 0.307029 0.815822 -0.490069
    outer loop
      vertex 10.7343 -3.72854 0
      vertex 11.139 -2.07873 3
      vertex 11.2768 -2.13059 3
    endloop
  endfacet
  facet normal 0.307529 0.81565 -0.490042
    outer loop
      vertex 11.139 -2.07873 3
      vertex 10.7343 -3.72854 0
      vertex 10.6999 -3.71557 0
    endloop
  endfacet
  facet normal -0.848842 0.198314 -0.49004
    outer loop
      vertex 15.8618 -0.768167 0
      vertex 14.1733 -0.582342 3
      vertex 14.2068 -0.438952 3
    endloop
  endfacet
  facet normal -0.848924 0.19791 -0.490061
    outer loop
      vertex 14.1733 -0.582342 3
      vertex 15.8618 -0.768167 0
      vertex 15.8033 -1.0191 0
    endloop
  endfacet
  facet normal -0.307029 -0.815822 -0.490069
    outer loop
      vertex 13.2657 3.72854 0
      vertex 12.861 2.07873 3
      vertex 12.7232 2.13059 3
    endloop
  endfacet
  facet normal -0.307529 -0.81565 -0.490042
    outer loop
      vertex 12.861 2.07873 3
      vertex 13.2657 3.72854 0
      vertex 13.3001 3.71557 0
    endloop
  endfacet
  facet normal 0.507732 -0.708551 -0.490065
    outer loop
      vertex 9.81244 3.27391 0
      vertex 10.6303 1.78504 3
      vertex 9.78252 3.25247 0
    endloop
  endfacet
  facet normal 0.507715 -0.708563 -0.490066
    outer loop
      vertex 10.6303 1.78504 3
      vertex 9.81244 3.27391 0
      vertex 10.75 1.87081 3
    endloop
  endfacet
  facet normal 0.35971 0.794006 -0.490065
    outer loop
      vertex 11.139 -2.07873 3
      vertex 10.4932 -3.63778 0
      vertex 10.292 -3.54663 0
    endloop
  endfacet
  facet normal -0.816294 -0.305666 -0.490135
    outer loop
      vertex 15.7285 1.26567 0
      vertex 14.0787 0.861037 3
      vertex 15.7156 1.30012 0
    endloop
  endfacet
  facet normal -0.815753 -0.307242 -0.49005
    outer loop
      vertex 14.0787 0.861037 3
      vertex 15.7285 1.26567 0
      vertex 14.1306 0.723238 3
    endloop
  endfacet
  facet normal -0.507769 0.708524 -0.490065
    outer loop
      vertex 14.397 -3.12383 0
      vertex 14.2175 -3.25247 0
      vertex 13.3697 -1.78504 3
    endloop
  endfacet
  facet normal -0.0285407 -0.87122 -0.490062
    outer loop
      vertex 12 3.9375 0
      vertex 12.2207 3.93027 0
      vertex 12 2.25 3
    endloop
  endfacet
  facet normal 0.867489 0.0854504 -0.490062
    outer loop
      vertex 9.75482 -0.147157 3
      vertex 8.09258 -0.477314 0
      vertex 8.07093 -0.257524 0
    endloop
  endfacet
  facet normal 0.595899 -0.636196 -0.49006
    outer loop
      vertex 9.37696 2.93521 0
      vertex 10.409 1.59099 3
      vertex 9.21577 2.78423 0
    endloop
  endfacet
  facet normal -0.553039 0.673784 -0.490064
    outer loop
      vertex 14.5677 -2.98372 0
      vertex 14.397 -3.12383 0
      vertex 13.3697 -1.78504 3
    endloop
  endfacet
  facet normal -0.708438 -0.507887 -0.490068
    outer loop
      vertex 15.1238 2.397 0
      vertex 15.2525 2.21748 0
      vertex 13.785 1.36971 3
    endloop
  endfacet
  facet normal 0.141944 -0.860054 -0.490059
    outer loop
      vertex 11.4861 3.90381 0
      vertex 11.561 2.20677 3
      vertex 11.2318 3.86184 0
    endloop
  endfacet
  facet normal 0.141942 -0.860055 -0.49006
    outer loop
      vertex 11.561 2.20677 3
      vertex 11.4861 3.90381 0
      vertex 11.7063 2.23075 3
    endloop
  endfacet
  facet normal 0.708549 -0.50773 -0.490071
    outer loop
      vertex 10.215 1.36971 3
      vertex 8.72609 2.18756 0
      vertex 8.74753 2.21748 0
    endloop
  endfacet
  facet normal 0.708441 -0.50789 -0.490061
    outer loop
      vertex 8.72609 2.18756 0
      vertex 10.215 1.36971 3
      vertex 10.1292 1.25003 3
    endloop
  endfacet
  facet normal -0.793902 -0.359932 -0.49007
    outer loop
      vertex 15.5466 1.70798 0
      vertex 15.6378 1.50682 0
      vertex 14.0787 0.861037 3
    endloop
  endfacet
  facet normal 0.708549 -0.50773 -0.490071
    outer loop
      vertex 8.87617 2.397 0
      vertex 10.215 1.36971 3
      vertex 8.74753 2.21748 0
    endloop
  endfacet
  facet normal -0.46038 0.740193 -0.490065
    outer loop
      vertex 14.1563 -3.29335 0
      vertex 13.9688 -3.40997 0
      vertex 13.125 -1.94856 3
    endloop
  endfacet
  facet normal -0.0854463 -0.86749 -0.490061
    outer loop
      vertex 12.4773 3.90742 0
      vertex 12.2937 2.23075 3
      vertex 12.1472 2.24518 3
    endloop
  endfacet
  facet normal -0.0855628 -0.867478 -0.490061
    outer loop
      vertex 12.2937 2.23075 3
      vertex 12.4773 3.90742 0
      vertex 12.5139 3.90381 0
    endloop
  endfacet
  facet normal 0.768873 0.410694 -0.490066
    outer loop
      vertex 10.0514 -1.125 3
      vertex 8.46856 -1.74151 0
      vertex 9.98204 -0.995149 3
    endloop
  endfacet
  facet normal 0.768673 0.411095 -0.490044
    outer loop
      vertex 8.46856 -1.74151 0
      vertex 10.0514 -1.125 3
      vertex 8.48592 -1.77397 0
    endloop
  endfacet
  facet normal -0.673834 -0.552977 -0.490066
    outer loop
      vertex 14.9837 2.56772 0
      vertex 15.1238 2.397 0
      vertex 13.785 1.36971 3
    endloop
  endfacet
  facet normal -0.871224 0.0284178 -0.490063
    outer loop
      vertex 15.9375 0 0
      vertex 15.9303 -0.220735 0
      vertex 14.25 0 3
    endloop
  endfacet
  facet normal 0.860047 -0.141987 -0.490061
    outer loop
      vertex 9.79323 0.438952 3
      vertex 8.09619 0.513946 0
      vertex 8.13816 0.768167 0
    endloop
  endfacet
  facet normal 0.860049 -0.141971 -0.490061
    outer loop
      vertex 8.09619 0.513946 0
      vertex 9.79323 0.438952 3
      vertex 9.76925 0.293683 3
    endloop
  endfacet
  facet normal 0.507732 0.708551 -0.490065
    outer loop
      vertex 10.6303 -1.78504 3
      vertex 9.78252 -3.25247 0
      vertex 9.603 -3.12383 0
    endloop
  endfacet
  facet normal -0.141944 0.860054 -0.490059
    outer loop
      vertex 12.5139 -3.90381 0
      vertex 12.439 -2.20677 3
      vertex 12.7682 -3.86184 0
    endloop
  endfacet
  facet normal -0.141942 0.860055 -0.49006
    outer loop
      vertex 12.439 -2.20677 3
      vertex 12.5139 -3.90381 0
      vertex 12.2937 -2.23075 3
    endloop
  endfacet
  facet normal -0.815753 0.307242 -0.49005
    outer loop
      vertex 15.7285 -1.26567 0
      vertex 14.0787 -0.861037 3
      vertex 14.1306 -0.723238 3
    endloop
  endfacet
  facet normal -0.816294 0.305666 -0.490135
    outer loop
      vertex 14.0787 -0.861037 3
      vertex 15.7285 -1.26567 0
      vertex 15.7156 -1.30012 0
    endloop
  endfacet
  facet normal 0.860049 0.141971 -0.490061
    outer loop
      vertex 9.79323 -0.438952 3
      vertex 8.09619 -0.513946 0
      vertex 9.76925 -0.293683 3
    endloop
  endfacet
  facet normal 0.860047 0.141987 -0.490061
    outer loop
      vertex 8.09619 -0.513946 0
      vertex 9.79323 -0.438952 3
      vertex 8.13816 -0.768167 0
    endloop
  endfacet
  facet normal 0.848916 -0.197942 -0.490062
    outer loop
      vertex 9.82667 0.582342 3
      vertex 8.13816 0.768167 0
      vertex 8.19667 1.0191 0
    endloop
  endfacet
  facet normal 0.848909 -0.197974 -0.49006
    outer loop
      vertex 8.13816 0.768167 0
      vertex 9.82667 0.582342 3
      vertex 9.79323 0.438952 3
    endloop
  endfacet
  facet normal 0.740236 0.460324 -0.490055
    outer loop
      vertex 10.0514 -1.125 3
      vertex 8.70665 -2.1563 0
      vertex 8.59002 -1.96875 0
    endloop
  endfacet
  facet normal 0.0855628 -0.867478 -0.490061
    outer loop
      vertex 11.5227 3.90742 0
      vertex 11.7063 2.23075 3
      vertex 11.4861 3.90381 0
    endloop
  endfacet
  facet normal 0.0854463 -0.86749 -0.490061
    outer loop
      vertex 11.7063 2.23075 3
      vertex 11.5227 3.90742 0
      vertex 11.8528 2.24518 3
    endloop
  endfacet
  facet normal 0.46038 -0.740193 -0.490065
    outer loop
      vertex 10.0312 3.40997 0
      vertex 10.875 1.94856 3
      vertex 9.8437 3.29335 0
    endloop
  endfacet
  facet normal -0.793902 0.359932 -0.49007
    outer loop
      vertex 15.6378 -1.50682 0
      vertex 15.5466 -1.70798 0
      vertex 14.0787 -0.861037 3
    endloop
  endfacet
  facet normal -0.867518 -0.0852551 -0.490045
    outer loop
      vertex 15.9074 0.477314 0
      vertex 14.2308 0.293683 3
      vertex 15.9038 0.513946 0
    endloop
  endfacet
  facet normal -0.867518 -0.0852562 -0.490045
    outer loop
      vertex 14.2308 0.293683 3
      vertex 15.9074 0.477314 0
      vertex 14.2452 0.147157 3
    endloop
  endfacet
  facet normal -0.635829 -0.596311 -0.490035
    outer loop
      vertex 14.9604 2.59617 0
      vertex 13.591 1.59099 3
      vertex 14.9352 2.62304 0
    endloop
  endfacet
  facet normal -0.636348 -0.595725 -0.490075
    outer loop
      vertex 13.591 1.59099 3
      vertex 14.9604 2.59617 0
      vertex 13.6916 1.48353 3
    endloop
  endfacet
  facet normal 0.708549 0.50773 -0.490071
    outer loop
      vertex 10.215 -1.36971 3
      vertex 8.87617 -2.397 0
      vertex 8.74753 -2.21748 0
    endloop
  endfacet
  facet normal -0.459907 0.740489 -0.490063
    outer loop
      vertex 14.1563 -3.29335 0
      vertex 13.25 -1.87081 3
      vertex 14.1876 -3.27391 0
    endloop
  endfacet
  facet normal -0.460395 0.740184 -0.490066
    outer loop
      vertex 13.25 -1.87081 3
      vertex 14.1563 -3.29335 0
      vertex 13.125 -1.94856 3
    endloop
  endfacet
  facet normal 0.0854466 -0.86749 -0.490061
    outer loop
      vertex 11.7425 3.92907 0
      vertex 11.8528 2.24518 3
      vertex 11.5227 3.90742 0
    endloop
  endfacet
  facet normal -0.359799 -0.793963 -0.490069
    outer loop
      vertex 13.708 3.54663 0
      vertex 12.9951 2.01796 3
      vertex 12.861 2.07873 3
    endloop
  endfacet
  facet normal -0.359973 -0.793883 -0.49007
    outer loop
      vertex 12.9951 2.01796 3
      vertex 13.708 3.54663 0
      vertex 13.7415 3.53144 0
    endloop
  endfacet
  facet normal 0.768784 0.410876 -0.490054
    outer loop
      vertex 10.0514 -1.125 3
      vertex 8.59002 -1.96875 0
      vertex 8.48592 -1.77397 0
    endloop
  endfacet
  facet normal 0.740225 -0.460332 -0.490064
    outer loop
      vertex 10.1292 1.25003 3
      vertex 8.70665 2.1563 0
      vertex 8.72609 2.18756 0
    endloop
  endfacet
  facet normal 0.740101 -0.460529 -0.490065
    outer loop
      vertex 8.70665 2.1563 0
      vertex 10.1292 1.25003 3
      vertex 10.0514 1.125 3
    endloop
  endfacet
  facet normal -0.141942 -0.860055 -0.49006
    outer loop
      vertex 12.5139 3.90381 0
      vertex 12.439 2.20677 3
      vertex 12.2937 2.23075 3
    endloop
  endfacet
  facet normal -0.141944 -0.860054 -0.490059
    outer loop
      vertex 12.439 2.20677 3
      vertex 12.5139 3.90381 0
      vertex 12.7682 3.86184 0
    endloop
  endfacet
  facet normal 0.867489 -0.0854504 -0.490062
    outer loop
      vertex 8.09258 0.477314 0
      vertex 9.75482 0.147157 3
      vertex 8.07093 0.257524 0
    endloop
  endfacet
  facet normal -0.252974 -0.83417 -0.490067
    outer loop
      vertex 13.0543 3.79265 0
      vertex 13.2657 3.72854 0
      vertex 12.7232 2.13059 3
    endloop
  endfacet
  facet normal 0.794008 -0.359707 -0.490062
    outer loop
      vertex 9.98204 0.995149 3
      vertex 8.45337 1.70798 0
      vertex 8.46856 1.74151 0
    endloop
  endfacet
  facet normal 0.793978 -0.359774 -0.490063
    outer loop
      vertex 8.45337 1.70798 0
      vertex 9.98204 0.995149 3
      vertex 9.92127 0.861037 3
    endloop
  endfacet
  facet normal -0.595881 -0.636217 -0.490055
    outer loop
      vertex 14.623 2.93521 0
      vertex 14.7842 2.78423 0
      vertex 13.591 1.59099 3
    endloop
  endfacet
  facet normal 0.834155 -0.253029 -0.490063
    outer loop
      vertex 8.27146 1.26567 0
      vertex 9.86941 0.723238 3
      vertex 8.20735 1.05432 0
    endloop
  endfacet
  facet normal -0.673851 0.552958 -0.490065
    outer loop
      vertex 14.9837 -2.56772 0
      vertex 13.6916 -1.48353 3
      vertex 13.785 -1.36971 3
    endloop
  endfacet
  facet normal -0.674386 0.552309 -0.49006
    outer loop
      vertex 13.6916 -1.48353 3
      vertex 14.9837 -2.56772 0
      vertex 14.9604 -2.59617 0
    endloop
  endfacet
  facet normal 0.79398 -0.35977 -0.490063
    outer loop
      vertex 8.45337 1.70798 0
      vertex 9.92127 0.861037 3
      vertex 8.36222 1.50682 0
    endloop
  endfacet
  facet normal -0.198093 -0.848883 -0.490058
    outer loop
      vertex 12.7682 3.86184 0
      vertex 12.5823 2.17333 3
      vertex 12.439 2.20677 3
    endloop
  endfacet
  facet normal -0.197966 -0.848909 -0.490064
    outer loop
      vertex 12.5823 2.17333 3
      vertex 12.7682 3.86184 0
      vertex 13.0191 3.80333 0
    endloop
  endfacet
  facet normal -0.815807 -0.307062 -0.490073
    outer loop
      vertex 15.6378 1.50682 0
      vertex 15.7156 1.30012 0
      vertex 14.0787 0.861037 3
    endloop
  endfacet
  facet normal -0.794142 0.359434 -0.490047
    outer loop
      vertex 15.5466 -1.70798 0
      vertex 14.018 -0.995149 3
      vertex 14.0787 -0.861037 3
    endloop
  endfacet
  facet normal -0.793926 0.359907 -0.490049
    outer loop
      vertex 14.018 -0.995149 3
      vertex 15.5466 -1.70798 0
      vertex 15.5314 -1.74151 0
    endloop
  endfacet
  facet normal -0.553039 -0.673784 -0.490064
    outer loop
      vertex 14.397 3.12383 0
      vertex 14.5677 2.98372 0
      vertex 13.3697 1.78504 3
    endloop
  endfacet
  facet normal -0.815807 0.307062 -0.490073
    outer loop
      vertex 15.7156 -1.30012 0
      vertex 15.6378 -1.50682 0
      vertex 14.0787 -0.861037 3
    endloop
  endfacet
  facet normal -0.708442 0.50789 -0.490059
    outer loop
      vertex 15.2739 -2.18756 0
      vertex 13.785 -1.36971 3
      vertex 13.8708 -1.25003 3
    endloop
  endfacet
  facet normal -0.70898 0.507091 -0.490108
    outer loop
      vertex 13.785 -1.36971 3
      vertex 15.2739 -2.18756 0
      vertex 15.2525 -2.21748 0
    endloop
  endfacet
  facet normal -0.848924 -0.19791 -0.490061
    outer loop
      vertex 15.8618 0.768167 0
      vertex 14.1733 0.582342 3
      vertex 15.8033 1.0191 0
    endloop
  endfacet
  facet normal -0.848842 -0.198314 -0.49004
    outer loop
      vertex 14.1733 0.582342 3
      vertex 15.8618 0.768167 0
      vertex 14.2068 0.438952 3
    endloop
  endfacet
  facet normal -0.460395 -0.740184 -0.490066
    outer loop
      vertex 14.1563 3.29335 0
      vertex 13.25 1.87081 3
      vertex 13.125 1.94856 3
    endloop
  endfacet
  facet normal -0.459907 -0.740489 -0.490063
    outer loop
      vertex 13.25 1.87081 3
      vertex 14.1563 3.29335 0
      vertex 14.1876 3.27391 0
    endloop
  endfacet
  facet normal 0.636196 0.595899 -0.49006
    outer loop
      vertex 10.409 -1.59099 3
      vertex 9.21577 -2.78423 0
      vertex 9.06479 -2.62304 0
    endloop
  endfacet
  facet normal -0.834172 -0.252995 -0.490052
    outer loop
      vertex 15.7285 1.26567 0
      vertex 15.7926 1.05432 0
      vertex 14.1306 0.723238 3
    endloop
  endfacet
  facet normal -0.35971 -0.794006 -0.490065
    outer loop
      vertex 13.5068 3.63778 0
      vertex 13.708 3.54663 0
      vertex 12.861 2.07873 3
    endloop
  endfacet
  facet normal -0.636159 -0.595943 -0.490056
    outer loop
      vertex 14.7842 2.78423 0
      vertex 14.9352 2.62304 0
      vertex 13.591 1.59099 3
    endloop
  endfacet
  facet normal -0.46038 -0.740193 -0.490065
    outer loop
      vertex 13.9688 3.40997 0
      vertex 14.1563 3.29335 0
      vertex 13.125 1.94856 3
    endloop
  endfacet
  facet normal -0.410871 -0.768779 -0.490065
    outer loop
      vertex 13.774 3.51408 0
      vertex 13.9688 3.40997 0
      vertex 13.125 1.94856 3
    endloop
  endfacet
  facet normal -0.636348 0.595725 -0.490075
    outer loop
      vertex 14.9604 -2.59617 0
      vertex 13.591 -1.59099 3
      vertex 13.6916 -1.48353 3
    endloop
  endfacet
  facet normal -0.635829 0.596311 -0.490035
    outer loop
      vertex 13.591 -1.59099 3
      vertex 14.9604 -2.59617 0
      vertex 14.9352 -2.62304 0
    endloop
  endfacet
  facet normal 0.410871 0.768779 -0.490065
    outer loop
      vertex 10.875 -1.94856 3
      vertex 10.226 -3.51408 0
      vertex 10.0312 -3.40997 0
    endloop
  endfacet
  facet normal 0.740236 -0.460324 -0.490055
    outer loop
      vertex 8.70665 2.1563 0
      vertex 10.0514 1.125 3
      vertex 8.59002 1.96875 0
    endloop
  endfacet
  facet normal -0.507769 -0.708524 -0.490065
    outer loop
      vertex 14.2175 3.25247 0
      vertex 14.397 3.12383 0
      vertex 13.3697 1.78504 3
    endloop
  endfacet
  facet normal -0.553016 -0.673804 -0.490063
    outer loop
      vertex 14.5677 2.98372 0
      vertex 13.4835 1.69164 3
      vertex 13.3697 1.78504 3
    endloop
  endfacet
  facet normal -0.552437 -0.674281 -0.490059
    outer loop
      vertex 13.4835 1.69164 3
      vertex 14.5677 2.98372 0
      vertex 14.5962 2.96037 0
    endloop
  endfacet
  facet normal 0.460331 -0.740224 -0.490065
    outer loop
      vertex 9.8437 3.29335 0
      vertex 10.75 1.87081 3
      vertex 9.81244 3.27391 0
    endloop
  endfacet
  facet normal 0.460395 -0.740184 -0.490066
    outer loop
      vertex 10.75 1.87081 3
      vertex 9.8437 3.29335 0
      vertex 10.875 1.94856 3
    endloop
  endfacet
  facet normal -0.0285278 -0.871221 -0.490061
    outer loop
      vertex 12.2207 3.93027 0
      vertex 12.1472 2.24518 3
      vertex 12 2.25 3
    endloop
  endfacet
  facet normal -0.0284095 -0.871225 -0.49006
    outer loop
      vertex 12.1472 2.24518 3
      vertex 12.2207 3.93027 0
      vertex 12.2575 3.92907 0
    endloop
  endfacet
  facet normal -0.253085 0.834139 -0.490062
    outer loop
      vertex 13.0191 -3.80333 0
      vertex 12.7232 -2.13059 3
      vertex 13.0543 -3.79265 0
    endloop
  endfacet
  facet normal -0.253029 0.834154 -0.490065
    outer loop
      vertex 12.7232 -2.13059 3
      vertex 13.0191 -3.80333 0
      vertex 12.5823 -2.17333 3
    endloop
  endfacet
  facet normal -0.70898 -0.507091 -0.490108
    outer loop
      vertex 15.2739 2.18756 0
      vertex 13.785 1.36971 3
      vertex 15.2525 2.21748 0
    endloop
  endfacet
  facet normal -0.708442 -0.50789 -0.490059
    outer loop
      vertex 13.785 1.36971 3
      vertex 15.2739 2.18756 0
      vertex 13.8708 1.25003 3
    endloop
  endfacet
  facet normal 0.768784 -0.410876 -0.490054
    outer loop
      vertex 8.59002 1.96875 0
      vertex 10.0514 1.125 3
      vertex 8.48592 1.77397 0
    endloop
  endfacet
  facet normal -0.673834 0.552977 -0.490066
    outer loop
      vertex 15.1238 -2.397 0
      vertex 14.9837 -2.56772 0
      vertex 13.785 -1.36971 3
    endloop
  endfacet
  facet normal -0.768783 0.410883 -0.490048
    outer loop
      vertex 15.5314 -1.74151 0
      vertex 13.9486 -1.125 3
      vertex 14.018 -0.995149 3
    endloop
  endfacet
  facet normal -0.769235 0.409975 -0.4901
    outer loop
      vertex 13.9486 -1.125 3
      vertex 15.5314 -1.74151 0
      vertex 15.5141 -1.77397 0
    endloop
  endfacet
  facet normal -0.252974 0.83417 -0.490067
    outer loop
      vertex 13.2657 -3.72854 0
      vertex 13.0543 -3.79265 0
      vertex 12.7232 -2.13059 3
    endloop
  endfacet
  facet normal -0.410757 -0.768837 -0.49007
    outer loop
      vertex 13.7415 3.53144 0
      vertex 13.125 1.94856 3
      vertex 12.9951 2.01796 3
    endloop
  endfacet
  facet normal -0.410694 -0.768868 -0.490073
    outer loop
      vertex 13.125 1.94856 3
      vertex 13.7415 3.53144 0
      vertex 13.774 3.51408 0
    endloop
  endfacet
  facet normal 0.768673 -0.411095 -0.490044
    outer loop
      vertex 10.0514 1.125 3
      vertex 8.46856 1.74151 0
      vertex 8.48592 1.77397 0
    endloop
  endfacet
  facet normal 0.768873 -0.410694 -0.490066
    outer loop
      vertex 8.46856 1.74151 0
      vertex 10.0514 1.125 3
      vertex 9.98204 0.995149 3
    endloop
  endfacet
  facet normal -0.793926 -0.359907 -0.490049
    outer loop
      vertex 15.5466 1.70798 0
      vertex 14.018 0.995149 3
      vertex 15.5314 1.74151 0
    endloop
  endfacet
  facet normal -0.794142 -0.359434 -0.490047
    outer loop
      vertex 14.018 0.995149 3
      vertex 15.5466 1.70798 0
      vertex 14.0787 0.861037 3
    endloop
  endfacet
  facet normal 0.740101 0.460529 -0.490065
    outer loop
      vertex 10.1292 -1.25003 3
      vertex 8.70665 -2.1563 0
      vertex 10.0514 -1.125 3
    endloop
  endfacet
  facet normal 0.740225 0.460332 -0.490064
    outer loop
      vertex 8.70665 -2.1563 0
      vertex 10.1292 -1.25003 3
      vertex 8.72609 -2.18756 0
    endloop
  endfacet
  facet normal 0.359973 -0.793883 -0.49007
    outer loop
      vertex 10.292 3.54663 0
      vertex 11.0049 2.01796 3
      vertex 10.2585 3.53144 0
    endloop
  endfacet
  facet normal 0.359799 -0.793963 -0.490069
    outer loop
      vertex 11.0049 2.01796 3
      vertex 10.292 3.54663 0
      vertex 11.139 2.07873 3
    endloop
  endfacet
  facet normal -0.507959 0.708395 -0.490056
    outer loop
      vertex 14.1876 -3.27391 0
      vertex 13.3697 -1.78504 3
      vertex 14.2175 -3.25247 0
    endloop
  endfacet
  facet normal -0.507713 0.708561 -0.490071
    outer loop
      vertex 13.3697 -1.78504 3
      vertex 14.1876 -3.27391 0
      vertex 13.25 -1.87081 3
    endloop
  endfacet
  facet normal 0.410871 -0.768779 -0.490065
    outer loop
      vertex 10.226 3.51408 0
      vertex 10.875 1.94856 3
      vertex 10.0312 3.40997 0
    endloop
  endfacet
  facet normal -0.596644 0.635535 -0.490012
    outer loop
      vertex 14.5962 -2.96037 0
      vertex 13.591 -1.59099 3
      vertex 14.623 -2.93521 0
    endloop
  endfacet
  facet normal -0.595766 0.636312 -0.490072
    outer loop
      vertex 13.591 -1.59099 3
      vertex 14.5962 -2.96037 0
      vertex 13.4835 -1.69164 3
    endloop
  endfacet
  facet normal 0.673813 -0.552999 -0.49007
    outer loop
      vertex 9.01628 2.56772 0
      vertex 10.215 1.36971 3
      vertex 8.87617 2.397 0
    endloop
  endfacet
  facet normal -0.307529 0.81565 -0.490042
    outer loop
      vertex 13.2657 -3.72854 0
      vertex 12.861 -2.07873 3
      vertex 13.3001 -3.71557 0
    endloop
  endfacet
  facet normal -0.307029 0.815822 -0.490069
    outer loop
      vertex 12.861 -2.07873 3
      vertex 13.2657 -3.72854 0
      vertex 12.7232 -2.13059 3
    endloop
  endfacet
  facet normal -0.768782 -0.410875 -0.490058
    outer loop
      vertex 15.41 1.96875 0
      vertex 15.5141 1.77397 0
      vertex 13.9486 1.125 3
    endloop
  endfacet
  facet normal 0.815826 0.30703 -0.490063
    outer loop
      vertex 9.92127 -0.861037 3
      vertex 8.36222 -1.50682 0
      vertex 8.28443 -1.30012 0
    endloop
  endfacet
  facet normal -0.740656 -0.459652 -0.49005
    outer loop
      vertex 15.2933 2.1563 0
      vertex 13.8708 1.25003 3
      vertex 15.2739 2.18756 0
    endloop
  endfacet
  facet normal -0.740106 -0.460531 -0.490055
    outer loop
      vertex 13.8708 1.25003 3
      vertex 15.2933 2.1563 0
      vertex 13.9486 1.125 3
    endloop
  endfacet
  facet normal -0.740112 -0.460523 -0.490055
    outer loop
      vertex 15.2933 2.1563 0
      vertex 15.41 1.96875 0
      vertex 13.9486 1.125 3
    endloop
  endfacet
  facet normal -0.860038 -0.142087 -0.490047
    outer loop
      vertex 15.9038 0.513946 0
      vertex 14.2068 0.438952 3
      vertex 15.8618 0.768167 0
    endloop
  endfacet
  facet normal -0.860038 -0.142088 -0.490047
    outer loop
      vertex 14.2068 0.438952 3
      vertex 15.9038 0.513946 0
      vertex 14.2308 0.293683 3
    endloop
  endfacet
  facet normal -0.834172 0.252995 -0.490052
    outer loop
      vertex 15.7926 -1.05432 0
      vertex 15.7285 -1.26567 0
      vertex 14.1306 -0.723238 3
    endloop
  endfacet
  facet normal 0.867486 -0.0854887 -0.490062
    outer loop
      vertex 9.76925 0.293683 3
      vertex 8.09258 0.477314 0
      vertex 8.09619 0.513946 0
    endloop
  endfacet
  facet normal 0.867491 -0.0854313 -0.490062
    outer loop
      vertex 8.09258 0.477314 0
      vertex 9.76925 0.293683 3
      vertex 9.75482 0.147157 3
    endloop
  endfacet
  facet normal -0.30703 0.815825 -0.490064
    outer loop
      vertex 13.5068 -3.63778 0
      vertex 13.3001 -3.71557 0
      vertex 12.861 -2.07873 3
    endloop
  endfacet
  facet normal -0.860038 0.142088 -0.490047
    outer loop
      vertex 15.9038 -0.513946 0
      vertex 14.2068 -0.438952 3
      vertex 14.2308 -0.293683 3
    endloop
  endfacet
  facet normal -0.860038 0.142087 -0.490047
    outer loop
      vertex 14.2068 -0.438952 3
      vertex 15.9038 -0.513946 0
      vertex 15.8618 -0.768167 0
    endloop
  endfacet
  facet normal 0.46038 0.740193 -0.490065
    outer loop
      vertex 10.875 -1.94856 3
      vertex 10.0312 -3.40997 0
      vertex 9.8437 -3.29335 0
    endloop
  endfacet
  facet normal -0.867518 0.0852562 -0.490045
    outer loop
      vertex 15.9074 -0.477314 0
      vertex 14.2308 -0.293683 3
      vertex 14.2452 -0.147157 3
    endloop
  endfacet
  facet normal -0.867518 0.0852551 -0.490045
    outer loop
      vertex 14.2308 -0.293683 3
      vertex 15.9074 -0.477314 0
      vertex 15.9038 -0.513946 0
    endloop
  endfacet
  facet normal -0.86747 -0.0856458 -0.490062
    outer loop
      vertex 15.9074 0.477314 0
      vertex 15.9291 0.257524 0
      vertex 14.2452 0.147157 3
    endloop
  endfacet
  facet normal 0.63635 0.595727 -0.49007
    outer loop
      vertex 10.409 -1.59099 3
      vertex 9.03963 -2.59617 0
      vertex 10.3084 -1.48353 3
    endloop
  endfacet
  facet normal 0.636289 0.595796 -0.490066
    outer loop
      vertex 9.03963 -2.59617 0
      vertex 10.409 -1.59099 3
      vertex 9.06479 -2.62304 0
    endloop
  endfacet
  facet normal -0.410694 0.768868 -0.490073
    outer loop
      vertex 13.7415 -3.53144 0
      vertex 13.125 -1.94856 3
      vertex 13.774 -3.51408 0
    endloop
  endfacet
  facet normal -0.410757 0.768837 -0.49007
    outer loop
      vertex 13.125 -1.94856 3
      vertex 13.7415 -3.53144 0
      vertex 12.9951 -2.01796 3
    endloop
  endfacet
  facet normal 0.553015 -0.673802 -0.490066
    outer loop
      vertex 9.43228 2.98372 0
      vertex 10.5165 1.69164 3
      vertex 9.40383 2.96037 0
    endloop
  endfacet
  facet normal 0.553015 -0.673802 -0.490066
    outer loop
      vertex 10.5165 1.69164 3
      vertex 9.43228 2.98372 0
      vertex 10.6303 1.78504 3
    endloop
  endfacet
  facet normal -0.86747 0.0856458 -0.490062
    outer loop
      vertex 15.9291 -0.257524 0
      vertex 15.9074 -0.477314 0
      vertex 14.2452 -0.147157 3
    endloop
  endfacet
  facet normal -0.871224 0.0284178 -0.490063
    outer loop
      vertex 15.9303 -0.220735 0
      vertex 14.2452 -0.147157 3
      vertex 14.25 0 3
    endloop
  endfacet
  facet normal -0.871224 0.028418 -0.490063
    outer loop
      vertex 14.2452 -0.147157 3
      vertex 15.9303 -0.220735 0
      vertex 15.9291 -0.257524 0
    endloop
  endfacet
  facet normal 0.553001 0.673815 -0.490065
    outer loop
      vertex 10.6303 -1.78504 3
      vertex 9.603 -3.12383 0
      vertex 9.43228 -2.98372 0
    endloop
  endfacet
  facet normal 0.79398 0.35977 -0.490063
    outer loop
      vertex 9.92127 -0.861037 3
      vertex 8.45337 -1.70798 0
      vertex 8.36222 -1.50682 0
    endloop
  endfacet
  facet normal -0.197966 0.848909 -0.490064
    outer loop
      vertex 12.7682 -3.86184 0
      vertex 12.5823 -2.17333 3
      vertex 13.0191 -3.80333 0
    endloop
  endfacet
  facet normal -0.198093 0.848883 -0.490058
    outer loop
      vertex 12.5823 -2.17333 3
      vertex 12.7682 -3.86184 0
      vertex 12.439 -2.20677 3
    endloop
  endfacet
  facet normal -0.674386 -0.552309 -0.49006
    outer loop
      vertex 14.9837 2.56772 0
      vertex 13.6916 1.48353 3
      vertex 14.9604 2.59617 0
    endloop
  endfacet
  facet normal -0.673851 -0.552958 -0.490065
    outer loop
      vertex 13.6916 1.48353 3
      vertex 14.9837 2.56772 0
      vertex 13.785 1.36971 3
    endloop
  endfacet
  facet normal -0.253029 -0.834154 -0.490065
    outer loop
      vertex 13.0191 3.80333 0
      vertex 12.7232 2.13059 3
      vertex 12.5823 2.17333 3
    endloop
  endfacet
  facet normal -0.253085 -0.834139 -0.490062
    outer loop
      vertex 12.7232 2.13059 3
      vertex 13.0191 3.80333 0
      vertex 13.0543 3.79265 0
    endloop
  endfacet
  facet normal -0.0284095 0.871225 -0.49006
    outer loop
      vertex 12.2207 -3.93027 0
      vertex 12.1472 -2.24518 3
      vertex 12.2575 -3.92907 0
    endloop
  endfacet
  facet normal -0.0285278 0.871221 -0.490061
    outer loop
      vertex 12.1472 -2.24518 3
      vertex 12.2207 -3.93027 0
      vertex 12 -2.25 3
    endloop
  endfacet
  facet normal 0.834176 -0.252953 -0.490066
    outer loop
      vertex 9.86941 0.723238 3
      vertex 8.19667 1.0191 0
      vertex 8.20735 1.05432 0
    endloop
  endfacet
  facet normal 0.834154 -0.253036 -0.490062
    outer loop
      vertex 8.19667 1.0191 0
      vertex 9.86941 0.723238 3
      vertex 9.82667 0.582342 3
    endloop
  endfacet
  facet normal 0.30703 -0.815825 -0.490064
    outer loop
      vertex 10.6999 3.71557 0
      vertex 11.139 2.07873 3
      vertex 10.4932 3.63778 0
    endloop
  endfacet
  facet normal 0.30703 0.815825 -0.490064
    outer loop
      vertex 11.139 -2.07873 3
      vertex 10.6999 -3.71557 0
      vertex 10.4932 -3.63778 0
    endloop
  endfacet
  facet normal -0.708438 0.507887 -0.490068
    outer loop
      vertex 15.2525 -2.21748 0
      vertex 15.1238 -2.397 0
      vertex 13.785 -1.36971 3
    endloop
  endfacet
  facet normal 0.307529 -0.81565 -0.490042
    outer loop
      vertex 10.7343 3.72854 0
      vertex 11.139 2.07873 3
      vertex 10.6999 3.71557 0
    endloop
  endfacet
  facet normal 0.307029 -0.815822 -0.490069
    outer loop
      vertex 11.139 2.07873 3
      vertex 10.7343 3.72854 0
      vertex 11.2768 2.13059 3
    endloop
  endfacet
  facet normal -0.410871 0.768779 -0.490065
    outer loop
      vertex 13.9688 -3.40997 0
      vertex 13.774 -3.51408 0
      vertex 13.125 -1.94856 3
    endloop
  endfacet
  facet normal -0.0854466 -0.86749 -0.490061
    outer loop
      vertex 12.2575 3.92907 0
      vertex 12.4773 3.90742 0
      vertex 12.1472 2.24518 3
    endloop
  endfacet
  facet normal -0.595766 -0.636312 -0.490072
    outer loop
      vertex 14.5962 2.96037 0
      vertex 13.591 1.59099 3
      vertex 13.4835 1.69164 3
    endloop
  endfacet
  facet normal -0.596644 -0.635535 -0.490012
    outer loop
      vertex 13.591 1.59099 3
      vertex 14.5962 2.96037 0
      vertex 14.623 2.93521 0
    endloop
  endfacet
  facet normal 0.553015 0.673802 -0.490066
    outer loop
      vertex 9.43228 -2.98372 0
      vertex 10.5165 -1.69164 3
      vertex 10.6303 -1.78504 3
    endloop
  endfacet
  facet normal 0.553015 0.673802 -0.490066
    outer loop
      vertex 10.5165 -1.69164 3
      vertex 9.43228 -2.98372 0
      vertex 9.40383 -2.96037 0
    endloop
  endfacet
  facet normal 0.867491 0.0854313 -0.490062
    outer loop
      vertex 9.76925 -0.293683 3
      vertex 8.09258 -0.477314 0
      vertex 9.75482 -0.147157 3
    endloop
  endfacet
  facet normal 0.867486 0.0854887 -0.490062
    outer loop
      vertex 8.09258 -0.477314 0
      vertex 9.76925 -0.293683 3
      vertex 8.09619 -0.513946 0
    endloop
  endfacet
  facet normal 0.197966 -0.848909 -0.490064
    outer loop
      vertex 11.2318 3.86184 0
      vertex 11.4177 2.17333 3
      vertex 10.9809 3.80333 0
    endloop
  endfacet
  facet normal 0.198093 -0.848883 -0.490058
    outer loop
      vertex 11.4177 2.17333 3
      vertex 11.2318 3.86184 0
      vertex 11.561 2.20677 3
    endloop
  endfacet
  facet normal 0.0854463 0.86749 -0.490061
    outer loop
      vertex 11.5227 -3.90742 0
      vertex 11.7063 -2.23075 3
      vertex 11.8528 -2.24518 3
    endloop
  endfacet
  facet normal 0.0855628 0.867478 -0.490061
    outer loop
      vertex 11.7063 -2.23075 3
      vertex 11.5227 -3.90742 0
      vertex 11.4861 -3.90381 0
    endloop
  endfacet
  facet normal 0.595767 0.636314 -0.490068
    outer loop
      vertex 9.40383 -2.96037 0
      vertex 10.409 -1.59099 3
      vertex 10.5165 -1.69164 3
    endloop
  endfacet
  facet normal 0.595796 0.636289 -0.490066
    outer loop
      vertex 10.409 -1.59099 3
      vertex 9.40383 -2.96037 0
      vertex 9.37696 -2.93521 0
    endloop
  endfacet
  facet normal 0.0284095 -0.871225 -0.49006
    outer loop
      vertex 11.7793 3.93027 0
      vertex 11.8528 2.24518 3
      vertex 11.7425 3.92907 0
    endloop
  endfacet
  facet normal 0.0285278 -0.871221 -0.490061
    outer loop
      vertex 11.8528 2.24518 3
      vertex 11.7793 3.93027 0
      vertex 12 2.25 3
    endloop
  endfacet
  facet normal 0.0285407 -0.87122 -0.490062
    outer loop
      vertex 12 3.9375 0
      vertex 12 2.25 3
      vertex 11.7793 3.93027 0
    endloop
  endfacet
  facet normal 0.636289 -0.595796 -0.490066
    outer loop
      vertex 10.409 1.59099 3
      vertex 9.03963 2.59617 0
      vertex 9.06479 2.62304 0
    endloop
  endfacet
  facet normal 0.63635 -0.595727 -0.49007
    outer loop
      vertex 9.03963 2.59617 0
      vertex 10.409 1.59099 3
      vertex 10.3084 1.48353 3
    endloop
  endfacet
  facet normal 0.673801 -0.553014 -0.490068
    outer loop
      vertex 10.3084 1.48353 3
      vertex 9.01628 2.56772 0
      vertex 9.03963 2.59617 0
    endloop
  endfacet
  facet normal 0.673849 -0.552956 -0.490068
    outer loop
      vertex 9.01628 2.56772 0
      vertex 10.3084 1.48353 3
      vertex 10.215 1.36971 3
    endloop
  endfacet
  facet normal 0.252974 -0.83417 -0.490067
    outer loop
      vertex 10.9457 3.79265 0
      vertex 11.2768 2.13059 3
      vertex 10.7343 3.72854 0
    endloop
  endfacet
  facet normal 0.708441 0.50789 -0.490061
    outer loop
      vertex 10.215 -1.36971 3
      vertex 8.72609 -2.18756 0
      vertex 10.1292 -1.25003 3
    endloop
  endfacet
  facet normal 0.708549 0.50773 -0.490071
    outer loop
      vertex 8.72609 -2.18756 0
      vertex 10.215 -1.36971 3
      vertex 8.74753 -2.21748 0
    endloop
  endfacet
  facet normal 0.253085 -0.834139 -0.490062
    outer loop
      vertex 10.9809 3.80333 0
      vertex 11.2768 2.13059 3
      vertex 10.9457 3.79265 0
    endloop
  endfacet
  facet normal 0.253029 -0.834154 -0.490065
    outer loop
      vertex 11.2768 2.13059 3
      vertex 10.9809 3.80333 0
      vertex 11.4177 2.17333 3
    endloop
  endfacet
  facet normal -0.740112 0.460523 -0.490055
    outer loop
      vertex 15.41 -1.96875 0
      vertex 15.2933 -2.1563 0
      vertex 13.9486 -1.125 3
    endloop
  endfacet
  facet normal 0.815789 -0.307134 -0.490058
    outer loop
      vertex 9.92127 0.861037 3
      vertex 8.27146 1.26567 0
      vertex 8.28443 1.30012 0
    endloop
  endfacet
  facet normal 0.815824 -0.307032 -0.490063
    outer loop
      vertex 8.27146 1.26567 0
      vertex 9.92127 0.861037 3
      vertex 9.86941 0.723238 3
    endloop
  endfacet
  facet normal 0.815824 0.307032 -0.490063
    outer loop
      vertex 9.92127 -0.861037 3
      vertex 8.27146 -1.26567 0
      vertex 9.86941 -0.723238 3
    endloop
  endfacet
  facet normal 0.815789 0.307134 -0.490058
    outer loop
      vertex 8.27146 -1.26567 0
      vertex 9.92127 -0.861037 3
      vertex 8.28443 -1.30012 0
    endloop
  endfacet
  facet normal 0.815826 -0.30703 -0.490063
    outer loop
      vertex 8.36222 1.50682 0
      vertex 9.92127 0.861037 3
      vertex 8.28443 1.30012 0
    endloop
  endfacet
  facet normal 0.0285278 0.871221 -0.490061
    outer loop
      vertex 11.7793 -3.93027 0
      vertex 11.8528 -2.24518 3
      vertex 12 -2.25 3
    endloop
  endfacet
  facet normal 0.0284095 0.871225 -0.49006
    outer loop
      vertex 11.8528 -2.24518 3
      vertex 11.7793 -3.93027 0
      vertex 11.7425 -3.92907 0
    endloop
  endfacet
  facet normal 0.848909 0.197974 -0.49006
    outer loop
      vertex 9.82667 -0.582342 3
      vertex 8.13816 -0.768167 0
      vertex 9.79323 -0.438952 3
    endloop
  endfacet
  facet normal 0.848916 0.197942 -0.490062
    outer loop
      vertex 8.13816 -0.768167 0
      vertex 9.82667 -0.582342 3
      vertex 8.19667 -1.0191 0
    endloop
  endfacet
  facet normal -0.834062 -0.253392 -0.490035
    outer loop
      vertex 15.8033 1.0191 0
      vertex 14.1306 0.723238 3
      vertex 15.7926 1.05432 0
    endloop
  endfacet
  facet normal -0.834218 -0.252818 -0.490065
    outer loop
      vertex 14.1306 0.723238 3
      vertex 15.8033 1.0191 0
      vertex 14.1733 0.582342 3
    endloop
  endfacet
  facet normal -0.595881 0.636217 -0.490055
    outer loop
      vertex 14.7842 -2.78423 0
      vertex 14.623 -2.93521 0
      vertex 13.591 -1.59099 3
    endloop
  endfacet
  facet normal -0.768782 0.410875 -0.490058
    outer loop
      vertex 15.5141 -1.77397 0
      vertex 15.41 -1.96875 0
      vertex 13.9486 -1.125 3
    endloop
  endfacet
  facet normal -0.871224 -0.028418 -0.490063
    outer loop
      vertex 15.9303 0.220735 0
      vertex 14.2452 0.147157 3
      vertex 15.9291 0.257524 0
    endloop
  endfacet
  facet normal -0.871224 -0.0284178 -0.490063
    outer loop
      vertex 14.2452 0.147157 3
      vertex 15.9303 0.220735 0
      vertex 14.25 0 3
    endloop
  endfacet
  facet normal -0.740106 0.460531 -0.490055
    outer loop
      vertex 15.2933 -2.1563 0
      vertex 13.8708 -1.25003 3
      vertex 13.9486 -1.125 3
    endloop
  endfacet
  facet normal -0.740656 0.459652 -0.49005
    outer loop
      vertex 13.8708 -1.25003 3
      vertex 15.2933 -2.1563 0
      vertex 15.2739 -2.18756 0
    endloop
  endfacet
  facet normal -0.0855628 0.867478 -0.490061
    outer loop
      vertex 12.4773 -3.90742 0
      vertex 12.2937 -2.23075 3
      vertex 12.5139 -3.90381 0
    endloop
  endfacet
  facet normal -0.0854463 0.86749 -0.490061
    outer loop
      vertex 12.2937 -2.23075 3
      vertex 12.4773 -3.90742 0
      vertex 12.1472 -2.24518 3
    endloop
  endfacet
  facet normal 0.141942 0.860055 -0.49006
    outer loop
      vertex 11.4861 -3.90381 0
      vertex 11.561 -2.20677 3
      vertex 11.7063 -2.23075 3
    endloop
  endfacet
  facet normal 0.141944 0.860054 -0.490059
    outer loop
      vertex 11.561 -2.20677 3
      vertex 11.4861 -3.90381 0
      vertex 11.2318 -3.86184 0
    endloop
  endfacet
  facet normal 0.507732 -0.708551 -0.490065
    outer loop
      vertex 9.78252 3.25247 0
      vertex 10.6303 1.78504 3
      vertex 9.603 3.12383 0
    endloop
  endfacet
  facet normal 0.553001 -0.673815 -0.490065
    outer loop
      vertex 9.603 3.12383 0
      vertex 10.6303 1.78504 3
      vertex 9.43228 2.98372 0
    endloop
  endfacet
  facet normal 0.0285407 0.87122 -0.490062
    outer loop
      vertex 12 -2.25 3
      vertex 12 -3.9375 0
      vertex 11.7793 -3.93027 0
    endloop
  endfacet
  facet normal 0.0854466 0.86749 -0.490061
    outer loop
      vertex 11.8528 -2.24518 3
      vertex 11.7425 -3.92907 0
      vertex 11.5227 -3.90742 0
    endloop
  endfacet
  facet normal 0.793978 0.359774 -0.490063
    outer loop
      vertex 9.98204 -0.995149 3
      vertex 8.45337 -1.70798 0
      vertex 9.92127 -0.861037 3
    endloop
  endfacet
  facet normal 0.794008 0.359707 -0.490062
    outer loop
      vertex 8.45337 -1.70798 0
      vertex 9.98204 -0.995149 3
      vertex 8.46856 -1.74151 0
    endloop
  endfacet
  facet normal -0.552437 0.674281 -0.490059
    outer loop
      vertex 14.5677 -2.98372 0
      vertex 13.4835 -1.69164 3
      vertex 14.5962 -2.96037 0
    endloop
  endfacet
  facet normal -0.553016 0.673804 -0.490063
    outer loop
      vertex 13.4835 -1.69164 3
      vertex 14.5677 -2.98372 0
      vertex 13.3697 -1.78504 3
    endloop
  endfacet
  facet normal 0.673849 0.552956 -0.490068
    outer loop
      vertex 10.3084 -1.48353 3
      vertex 9.01628 -2.56772 0
      vertex 10.215 -1.36971 3
    endloop
  endfacet
  facet normal 0.673801 0.553014 -0.490068
    outer loop
      vertex 9.01628 -2.56772 0
      vertex 10.3084 -1.48353 3
      vertex 9.03963 -2.59617 0
    endloop
  endfacet
  facet normal 0.253029 0.834154 -0.490065
    outer loop
      vertex 10.9809 -3.80333 0
      vertex 11.2768 -2.13059 3
      vertex 11.4177 -2.17333 3
    endloop
  endfacet
  facet normal 0.253085 0.834139 -0.490062
    outer loop
      vertex 11.2768 -2.13059 3
      vertex 10.9809 -3.80333 0
      vertex 10.9457 -3.79265 0
    endloop
  endfacet
  facet normal 0.595796 -0.636289 -0.490066
    outer loop
      vertex 9.40383 2.96037 0
      vertex 10.409 1.59099 3
      vertex 9.37696 2.93521 0
    endloop
  endfacet
  facet normal 0.595767 -0.636314 -0.490068
    outer loop
      vertex 10.409 1.59099 3
      vertex 9.40383 2.96037 0
      vertex 10.5165 1.69164 3
    endloop
  endfacet
  facet normal 0.871225 -0.028418 -0.490061
    outer loop
      vertex 9.75482 0.147157 3
      vertex 8.06973 0.220735 0
      vertex 8.07093 0.257524 0
    endloop
  endfacet
  facet normal 0.871221 -0.0285361 -0.490062
    outer loop
      vertex 8.06973 0.220735 0
      vertex 9.75482 0.147157 3
      vertex 9.75 0 3
    endloop
  endfacet
  facet normal 0.595899 0.636196 -0.49006
    outer loop
      vertex 10.409 -1.59099 3
      vertex 9.37696 -2.93521 0
      vertex 9.21577 -2.78423 0
    endloop
  endfacet
  facet normal 0.834154 0.253036 -0.490062
    outer loop
      vertex 9.86941 -0.723238 3
      vertex 8.19667 -1.0191 0
      vertex 9.82667 -0.582342 3
    endloop
  endfacet
  facet normal 0.834176 0.252953 -0.490066
    outer loop
      vertex 8.19667 -1.0191 0
      vertex 9.86941 -0.723238 3
      vertex 8.20735 -1.05432 0
    endloop
  endfacet
  facet normal 0.410757 0.768837 -0.49007
    outer loop
      vertex 10.2585 -3.53144 0
      vertex 10.875 -1.94856 3
      vertex 11.0049 -2.01796 3
    endloop
  endfacet
  facet normal 0.410694 0.768868 -0.490073
    outer loop
      vertex 10.875 -1.94856 3
      vertex 10.2585 -3.53144 0
      vertex 10.226 -3.51408 0
    endloop
  endfacet
  facet normal 0.507715 0.708563 -0.490066
    outer loop
      vertex 9.81244 -3.27391 0
      vertex 10.6303 -1.78504 3
      vertex 10.75 -1.87081 3
    endloop
  endfacet
  facet normal 0.507732 0.708551 -0.490065
    outer loop
      vertex 10.6303 -1.78504 3
      vertex 9.81244 -3.27391 0
      vertex 9.78252 -3.25247 0
    endloop
  endfacet
  facet normal 0.834155 0.253029 -0.490063
    outer loop
      vertex 9.86941 -0.723238 3
      vertex 8.27146 -1.26567 0
      vertex 8.20735 -1.05432 0
    endloop
  endfacet
  facet normal 0.871221 0.0285361 -0.490062
    outer loop
      vertex 9.75482 -0.147157 3
      vertex 8.06973 -0.220735 0
      vertex 9.75 0 3
    endloop
  endfacet
  facet normal 0.871225 0.028418 -0.490061
    outer loop
      vertex 8.06973 -0.220735 0
      vertex 9.75482 -0.147157 3
      vertex 8.07093 -0.257524 0
    endloop
  endfacet
  facet normal 0.359799 0.793963 -0.490069
    outer loop
      vertex 10.292 -3.54663 0
      vertex 11.0049 -2.01796 3
      vertex 11.139 -2.07873 3
    endloop
  endfacet
  facet normal 0.359973 0.793883 -0.49007
    outer loop
      vertex 11.0049 -2.01796 3
      vertex 10.292 -3.54663 0
      vertex 10.2585 -3.53144 0
    endloop
  endfacet
  facet normal 1 0 0
    outer loop
      vertex 18 15 25
      vertex 18 9.15 12.5
      vertex 18 15 0
    endloop
  endfacet
  facet normal 1 0 0
    outer loop
      vertex 18 15 25
      vertex 18 9.1454 12.6406
      vertex 18 9.15 12.5
    endloop
  endfacet
  facet normal 1 0 0
    outer loop
      vertex 18 15 25
      vertex 18 9.13161 12.7806
      vertex 18 9.1454 12.6406
    endloop
  endfacet
  facet normal 1 0 0
    outer loop
      vertex 18 15 25
      vertex 18 9.10869 12.9194
      vertex 18 9.13161 12.7806
    endloop
  endfacet
  facet normal 1 0 0
    outer loop
      vertex 18 15 25
      vertex 18 9.07674 13.0565
      vertex 18 9.10869 12.9194
    endloop
  endfacet
  facet normal 1 0 0
    outer loop
      vertex 18 15 25
      vertex 18 9.0359 13.1911
      vertex 18 9.07674 13.0565
    endloop
  endfacet
  facet normal 1 0 0
    outer loop
      vertex 18 15 25
      vertex 18 8.98634 13.3228
      vertex 18 9.0359 13.1911
    endloop
  endfacet
  facet normal 1 0 0
    outer loop
      vertex 18 15 25
      vertex 18 8.92828 13.4509
      vertex 18 8.98634 13.3228
    endloop
  endfacet
  facet normal 1 0 0
    outer loop
      vertex 18 15 25
      vertex 18 8.86195 13.575
      vertex 18 8.92828 13.4509
    endloop
  endfacet
  facet normal 1 0 0
    outer loop
      vertex 18 15 25
      vertex 18 8.78766 13.6945
      vertex 18 8.86195 13.575
    endloop
  endfacet
  facet normal 1 0 0
    outer loop
      vertex 18 15 25
      vertex 18 8.70571 13.8088
      vertex 18 8.78766 13.6945
    endloop
  endfacet
  facet normal 1 0 0
    outer loop
      vertex 18 15 25
      vertex 18 8.61646 13.9176
      vertex 18 8.70571 13.8088
    endloop
  endfacet
  facet normal 1 0 0
    outer loop
      vertex 18 15 25
      vertex 18 8.52028 14.0203
      vertex 18 8.61646 13.9176
    endloop
  endfacet
  facet normal 1 0 0
    outer loop
      vertex 18 15 25
      vertex 18 8.41759 14.1165
      vertex 18 8.52028 14.0203
    endloop
  endfacet
  facet normal 1 0 0
    outer loop
      vertex 18 15 25
      vertex 18 8.30884 14.2057
      vertex 18 8.41759 14.1165
    endloop
  endfacet
  facet normal 1 0 0
    outer loop
      vertex 18 15 25
      vertex 18 8.19448 14.2877
      vertex 18 8.30884 14.2057
    endloop
  endfacet
  facet normal 1 0 0
    outer loop
      vertex 18 15 25
      vertex 18 8.075 14.362
      vertex 18 8.19448 14.2877
    endloop
  endfacet
  facet normal 1 0 0
    outer loop
      vertex 18 15 25
      vertex 18 7.95092 14.4283
      vertex 18 8.075 14.362
    endloop
  endfacet
  facet normal 1 0 0
    outer loop
      vertex 18 15 25
      vertex 18 7.82277 14.4863
      vertex 18 7.95092 14.4283
    endloop
  endfacet
  facet normal 1 0 0
    outer loop
      vertex 18 15 25
      vertex 18 7.69109 14.5359
      vertex 18 7.82277 14.4863
    endloop
  endfacet
  facet normal 1 0 0
    outer loop
      vertex 18 15 25
      vertex 18 7.55646 14.5767
      vertex 18 7.69109 14.5359
    endloop
  endfacet
  facet normal 1 0 0
    outer loop
      vertex 18 15 25
      vertex 18 7.41944 14.6087
      vertex 18 7.55646 14.5767
    endloop
  endfacet
  facet normal 1 0 0
    outer loop
      vertex 18 15 25
      vertex 18 7.28063 14.6316
      vertex 18 7.41944 14.6087
    endloop
  endfacet
  facet normal 1 0 0
    outer loop
      vertex 18 15 25
      vertex 18 7.14062 14.6454
      vertex 18 7.28063 14.6316
    endloop
  endfacet
  facet normal 1 0 0
    outer loop
      vertex 18 15 25
      vertex 18 7 14.65
      vertex 18 7.14062 14.6454
    endloop
  endfacet
  facet normal 1 0 0
    outer loop
      vertex 18 15 25
      vertex 18 6.85938 14.6454
      vertex 18 7 14.65
    endloop
  endfacet
  facet normal 1 0 0
    outer loop
      vertex 18 15 25
      vertex 18 6.71937 14.6316
      vertex 18 6.85938 14.6454
    endloop
  endfacet
  facet normal 1 0 0
    outer loop
      vertex 18 15 25
      vertex 18 6.58055 14.6087
      vertex 18 6.71937 14.6316
    endloop
  endfacet
  facet normal 1 0 0
    outer loop
      vertex 18 15 25
      vertex 18 6.44354 14.5767
      vertex 18 6.58055 14.6087
    endloop
  endfacet
  facet normal 1 0 0
    outer loop
      vertex 18 15 25
      vertex 18 6.3089 14.5359
      vertex 18 6.44354 14.5767
    endloop
  endfacet
  facet normal 1 0 0
    outer loop
      vertex 18 15 25
      vertex 18 6.17723 14.4863
      vertex 18 6.3089 14.5359
    endloop
  endfacet
  facet normal 1 -0 0
    outer loop
      vertex 18 -15 25
      vertex 18 6.17723 14.4863
      vertex 18 15 25
    endloop
  endfacet
  facet normal 1 0 0
    outer loop
      vertex 18 6.17723 14.4863
      vertex 18 -15 25
      vertex 18 6.04908 14.4283
    endloop
  endfacet
  facet normal 1 0 0
    outer loop
      vertex 18 6.04908 14.4283
      vertex 18 -15 25
      vertex 18 5.925 14.362
    endloop
  endfacet
  facet normal 1 0 0
    outer loop
      vertex 18 5.925 14.362
      vertex 18 -15 25
      vertex 18 5.80552 14.2877
    endloop
  endfacet
  facet normal 1 0 0
    outer loop
      vertex 18 5.80552 14.2877
      vertex 18 -15 25
      vertex 18 5.69116 14.2057
    endloop
  endfacet
  facet normal 1 0 0
    outer loop
      vertex 18 5.69116 14.2057
      vertex 18 -15 25
      vertex 18 5.58241 14.1165
    endloop
  endfacet
  facet normal 1 0 0
    outer loop
      vertex 18 5.58241 14.1165
      vertex 18 -15 25
      vertex 18 5.47972 14.0203
    endloop
  endfacet
  facet normal 1 0 0
    outer loop
      vertex 18 4.8546 12.6406
      vertex 18 -15 25
      vertex 18 4.85 12.5
    endloop
  endfacet
  facet normal 1 0 0
    outer loop
      vertex 18 4.86839 12.7806
      vertex 18 -15 25
      vertex 18 4.8546 12.6406
    endloop
  endfacet
  facet normal 1 0 0
    outer loop
      vertex 18 4.89131 12.9194
      vertex 18 -15 25
      vertex 18 4.86839 12.7806
    endloop
  endfacet
  facet normal 1 0 0
    outer loop
      vertex 18 4.92326 13.0565
      vertex 18 -15 25
      vertex 18 4.89131 12.9194
    endloop
  endfacet
  facet normal 1 0 0
    outer loop
      vertex 18 4.9641 13.1911
      vertex 18 -15 25
      vertex 18 4.92326 13.0565
    endloop
  endfacet
  facet normal 1 0 0
    outer loop
      vertex 18 5.01366 13.3228
      vertex 18 -15 25
      vertex 18 4.9641 13.1911
    endloop
  endfacet
  facet normal 1 0 0
    outer loop
      vertex 18 5.07172 13.4509
      vertex 18 -15 25
      vertex 18 5.01366 13.3228
    endloop
  endfacet
  facet normal 1 0 0
    outer loop
      vertex 18 5.13805 13.575
      vertex 18 -15 25
      vertex 18 5.07172 13.4509
    endloop
  endfacet
  facet normal 1 0 0
    outer loop
      vertex 18 5.21234 13.6945
      vertex 18 -15 25
      vertex 18 5.13805 13.575
    endloop
  endfacet
  facet normal 1 0 0
    outer loop
      vertex 18 5.29429 13.8088
      vertex 18 -15 25
      vertex 18 5.21234 13.6945
    endloop
  endfacet
  facet normal 1 0 0
    outer loop
      vertex 18 5.38354 13.9176
      vertex 18 -15 25
      vertex 18 5.29429 13.8088
    endloop
  endfacet
  facet normal 1 0 0
    outer loop
      vertex 18 5.47972 14.0203
      vertex 18 -15 25
      vertex 18 5.38354 13.9176
    endloop
  endfacet
  facet normal 1 -0 0
    outer loop
      vertex 18 9.1454 12.3594
      vertex 18 15 0
      vertex 18 9.15 12.5
    endloop
  endfacet
  facet normal 1 -0 0
    outer loop
      vertex 18 9.13161 12.2194
      vertex 18 15 0
      vertex 18 9.1454 12.3594
    endloop
  endfacet
  facet normal 1 -0 0
    outer loop
      vertex 18 9.10869 12.0806
      vertex 18 15 0
      vertex 18 9.13161 12.2194
    endloop
  endfacet
  facet normal 1 -0 0
    outer loop
      vertex 18 9.07674 11.9435
      vertex 18 15 0
      vertex 18 9.10869 12.0806
    endloop
  endfacet
  facet normal 1 -0 0
    outer loop
      vertex 18 9.0359 11.8089
      vertex 18 15 0
      vertex 18 9.07674 11.9435
    endloop
  endfacet
  facet normal 1 -0 0
    outer loop
      vertex 18 8.98634 11.6772
      vertex 18 15 0
      vertex 18 9.0359 11.8089
    endloop
  endfacet
  facet normal 1 -0 0
    outer loop
      vertex 18 8.92828 11.5491
      vertex 18 15 0
      vertex 18 8.98634 11.6772
    endloop
  endfacet
  facet normal 1 -0 0
    outer loop
      vertex 18 8.86195 11.425
      vertex 18 15 0
      vertex 18 8.92828 11.5491
    endloop
  endfacet
  facet normal 1 -0 0
    outer loop
      vertex 18 8.78766 11.3055
      vertex 18 15 0
      vertex 18 8.86195 11.425
    endloop
  endfacet
  facet normal 1 -0 0
    outer loop
      vertex 18 8.70571 11.1912
      vertex 18 15 0
      vertex 18 8.78766 11.3055
    endloop
  endfacet
  facet normal 1 -0 0
    outer loop
      vertex 18 8.61646 11.0824
      vertex 18 15 0
      vertex 18 8.70571 11.1912
    endloop
  endfacet
  facet normal 1 -0 0
    outer loop
      vertex 18 8.52028 10.9797
      vertex 18 15 0
      vertex 18 8.61646 11.0824
    endloop
  endfacet
  facet normal 1 -0 0
    outer loop
      vertex 18 8.41759 10.8835
      vertex 18 15 0
      vertex 18 8.52028 10.9797
    endloop
  endfacet
  facet normal 1 -0 0
    outer loop
      vertex 18 8.30884 10.7943
      vertex 18 15 0
      vertex 18 8.41759 10.8835
    endloop
  endfacet
  facet normal 1 -0 0
    outer loop
      vertex 18 8.19448 10.7123
      vertex 18 15 0
      vertex 18 8.30884 10.7943
    endloop
  endfacet
  facet normal 1 -0 0
    outer loop
      vertex 18 8.075 10.638
      vertex 18 15 0
      vertex 18 8.19448 10.7123
    endloop
  endfacet
  facet normal 1 -0 0
    outer loop
      vertex 18 7.95092 10.5717
      vertex 18 15 0
      vertex 18 8.075 10.638
    endloop
  endfacet
  facet normal 1 -0 0
    outer loop
      vertex 18 7.82277 10.5137
      vertex 18 15 0
      vertex 18 7.95092 10.5717
    endloop
  endfacet
  facet normal 1 -0 0
    outer loop
      vertex 18 7.69109 10.4641
      vertex 18 15 0
      vertex 18 7.82277 10.5137
    endloop
  endfacet
  facet normal 1 -0 0
    outer loop
      vertex 18 7.55646 10.4233
      vertex 18 15 0
      vertex 18 7.69109 10.4641
    endloop
  endfacet
  facet normal 1 -0 0
    outer loop
      vertex 18 7.41944 10.3913
      vertex 18 15 0
      vertex 18 7.55646 10.4233
    endloop
  endfacet
  facet normal 1 -0 0
    outer loop
      vertex 18 7.28063 10.3684
      vertex 18 15 0
      vertex 18 7.41944 10.3913
    endloop
  endfacet
  facet normal 1 -0 0
    outer loop
      vertex 18 7.14062 10.3546
      vertex 18 15 0
      vertex 18 7.28063 10.3684
    endloop
  endfacet
  facet normal 1 -0 0
    outer loop
      vertex 18 7 10.35
      vertex 18 15 0
      vertex 18 7.14062 10.3546
    endloop
  endfacet
  facet normal 1 0 0
    outer loop
      vertex 18 6.85938 10.3546
      vertex 18 15 0
      vertex 18 7 10.35
    endloop
  endfacet
  facet normal 1 0 0
    outer loop
      vertex 18 6.71937 10.3684
      vertex 18 15 0
      vertex 18 6.85938 10.3546
    endloop
  endfacet
  facet normal 1 0 0
    outer loop
      vertex 18 6.58055 10.3913
      vertex 18 15 0
      vertex 18 6.71937 10.3684
    endloop
  endfacet
  facet normal 1 0 0
    outer loop
      vertex 18 6.44354 10.4233
      vertex 18 15 0
      vertex 18 6.58055 10.3913
    endloop
  endfacet
  facet normal 1 0 0
    outer loop
      vertex 18 6.3089 10.4641
      vertex 18 15 0
      vertex 18 6.44354 10.4233
    endloop
  endfacet
  facet normal 1 0 0
    outer loop
      vertex 18 6.17723 10.5137
      vertex 18 15 0
      vertex 18 6.3089 10.4641
    endloop
  endfacet
  facet normal 1 0 0
    outer loop
      vertex 18 -15 0
      vertex 18 6.17723 10.5137
      vertex 18 6.04908 10.5717
    endloop
  endfacet
  facet normal 1 0 0
    outer loop
      vertex 18 -15 0
      vertex 18 6.04908 10.5717
      vertex 18 5.925 10.638
    endloop
  endfacet
  facet normal 1 0 0
    outer loop
      vertex 18 -15 0
      vertex 18 5.925 10.638
      vertex 18 5.80552 10.7123
    endloop
  endfacet
  facet normal 1 0 0
    outer loop
      vertex 18 -15 0
      vertex 18 5.80552 10.7123
      vertex 18 5.69116 10.7943
    endloop
  endfacet
  facet normal 1 0 0
    outer loop
      vertex 18 -15 0
      vertex 18 5.69116 10.7943
      vertex 18 5.58241 10.8835
    endloop
  endfacet
  facet normal 1 0 0
    outer loop
      vertex 18 -15 0
      vertex 18 5.58241 10.8835
      vertex 18 5.47972 10.9797
    endloop
  endfacet
  facet normal 1 0 0
    outer loop
      vertex 18 -15 0
      vertex 18 5.47972 10.9797
      vertex 18 5.38354 11.0824
    endloop
  endfacet
  facet normal 1 0 0
    outer loop
      vertex 18 -15 0
      vertex 18 4.85 12.5
      vertex 18 -15 25
    endloop
  endfacet
  facet normal 1 0 0
    outer loop
      vertex 18 4.85 12.5
      vertex 18 -15 0
      vertex 18 4.8546 12.3594
    endloop
  endfacet
  facet normal 1 0 0
    outer loop
      vertex 18 4.8546 12.3594
      vertex 18 -15 0
      vertex 18 4.86839 12.2194
    endloop
  endfacet
  facet normal 1 0 0
    outer loop
      vertex 18 4.86839 12.2194
      vertex 18 -15 0
      vertex 18 4.89131 12.0806
    endloop
  endfacet
  facet normal 1 0 0
    outer loop
      vertex 18 4.89131 12.0806
      vertex 18 -15 0
      vertex 18 4.92326 11.9435
    endloop
  endfacet
  facet normal 1 0 0
    outer loop
      vertex 18 4.92326 11.9435
      vertex 18 -15 0
      vertex 18 4.9641 11.8089
    endloop
  endfacet
  facet normal 1 0 0
    outer loop
      vertex 18 4.9641 11.8089
      vertex 18 -15 0
      vertex 18 5.01366 11.6772
    endloop
  endfacet
  facet normal 1 0 0
    outer loop
      vertex 18 5.01366 11.6772
      vertex 18 -15 0
      vertex 18 5.07172 11.5491
    endloop
  endfacet
  facet normal 1 0 0
    outer loop
      vertex 18 5.07172 11.5491
      vertex 18 -15 0
      vertex 18 5.13805 11.425
    endloop
  endfacet
  facet normal 1 0 0
    outer loop
      vertex 18 5.13805 11.425
      vertex 18 -15 0
      vertex 18 5.21234 11.3055
    endloop
  endfacet
  facet normal 1 0 0
    outer loop
      vertex 18 5.21234 11.3055
      vertex 18 -15 0
      vertex 18 5.29429 11.1912
    endloop
  endfacet
  facet normal 1 0 0
    outer loop
      vertex 18 5.29429 11.1912
      vertex 18 -15 0
      vertex 18 5.38354 11.0824
    endloop
  endfacet
  facet normal 1 0 0
    outer loop
      vertex 18 6.17723 10.5137
      vertex 18 -15 0
      vertex 18 15 0
    endloop
  endfacet
  facet normal 0 0 1
    outer loop
      vertex -1 15 25
      vertex -1.05271 3.1012 25
      vertex -1 3.11719 25
    endloop
  endfacet
  facet normal 0 0 1
    outer loop
      vertex -1 15 25
      vertex -1.25329 3.02571 25
      vertex -1.05271 3.1012 25
    endloop
  endfacet
  facet normal 0 0 1
    outer loop
      vertex -1 15 25
      vertex -1.44849 2.93726 25
      vertex -1.25329 3.02571 25
    endloop
  endfacet
  facet normal 0 0 1
    outer loop
      vertex -1 15 25
      vertex -1.6375 2.83623 25
      vertex -1.44849 2.93726 25
    endloop
  endfacet
  facet normal 0 0 1
    outer loop
      vertex -1 15 25
      vertex -1.81949 2.72306 25
      vertex -1.6375 2.83623 25
    endloop
  endfacet
  facet normal 0 0 1
    outer loop
      vertex -1 15 25
      vertex -1.99369 2.59823 25
      vertex -1.81949 2.72306 25
    endloop
  endfacet
  facet normal 0 0 1
    outer loop
      vertex -10.875 1.94856 25
      vertex -1.99369 2.59823 25
      vertex -1 15 25
    endloop
  endfacet
  facet normal 0 0 1
    outer loop
      vertex -1.99369 2.59823 25
      vertex -10.875 1.94856 25
      vertex -2.15936 2.46227 25
    endloop
  endfacet
  facet normal 0 -0 1
    outer loop
      vertex -10.75 1.87081 25
      vertex -2.15936 2.46227 25
      vertex -10.875 1.94856 25
    endloop
  endfacet
  facet normal 0 0 1
    outer loop
      vertex -2.15936 2.46227 25
      vertex -10.75 1.87081 25
      vertex -2.31577 2.31577 25
    endloop
  endfacet
  facet normal 0 -0 1
    outer loop
      vertex -10.6303 1.78504 25
      vertex -2.31577 2.31577 25
      vertex -10.75 1.87081 25
    endloop
  endfacet
  facet normal 0 0 1
    outer loop
      vertex -2.31577 2.31577 25
      vertex -10.6303 1.78504 25
      vertex -2.46227 2.15936 25
    endloop
  endfacet
  facet normal 0 -0 1
    outer loop
      vertex -10.5165 1.69164 25
      vertex -2.46227 2.15936 25
      vertex -10.6303 1.78504 25
    endloop
  endfacet
  facet normal 0 0 1
    outer loop
      vertex -2.46227 2.15936 25
      vertex -10.409 1.59099 25
      vertex -2.59823 1.99369 25
    endloop
  endfacet
  facet normal 0 -0 1
    outer loop
      vertex -10.3084 1.48353 25
      vertex -2.59823 1.99369 25
      vertex -10.409 1.59099 25
    endloop
  endfacet
  facet normal 0 0 1
    outer loop
      vertex -2.59823 1.99369 25
      vertex -10.3084 1.48353 25
      vertex -2.72306 1.81949 25
    endloop
  endfacet
  facet normal 0 0 1
    outer loop
      vertex -2.72306 1.81949 25
      vertex -10.215 1.36971 25
      vertex -2.83623 1.6375 25
    endloop
  endfacet
  facet normal 0 -0 1
    outer loop
      vertex -10.1292 1.25003 25
      vertex -2.83623 1.6375 25
      vertex -10.215 1.36971 25
    endloop
  endfacet
  facet normal -0 0 1
    outer loop
      vertex -9.75482 0.147157 25
      vertex -3.275 0 25
      vertex -3.26799 0.214194 25
    endloop
  endfacet
  facet normal -0 0 1
    outer loop
      vertex -9.76925 0.293683 25
      vertex -3.26799 0.214194 25
      vertex -3.24698 0.427473 25
    endloop
  endfacet
  facet normal 0 0 1
    outer loop
      vertex -2.83623 1.6375 25
      vertex -10.1292 1.25003 25
      vertex -2.93726 1.44849 25
    endloop
  endfacet
  facet normal 0 0 1
    outer loop
      vertex -3.275 0 25
      vertex -9.75482 0.147157 25
      vertex -9.75 0 25
    endloop
  endfacet
  facet normal 0 0 1
    outer loop
      vertex -3.26799 0.214194 25
      vertex -9.76925 0.293683 25
      vertex -9.75482 0.147157 25
    endloop
  endfacet
  facet normal 0 0 1
    outer loop
      vertex -3.24698 0.427473 25
      vertex -9.79323 0.438952 25
      vertex -9.76925 0.293683 25
    endloop
  endfacet
  facet normal 0 0 1
    outer loop
      vertex -3.21207 0.638921 25
      vertex -9.79323 0.438952 25
      vertex -3.24698 0.427473 25
    endloop
  endfacet
  facet normal 0 -0 1
    outer loop
      vertex -9.79323 0.438952 25
      vertex -3.21207 0.638921 25
      vertex -9.82667 0.582342 25
    endloop
  endfacet
  facet normal 0 0 1
    outer loop
      vertex -3.16341 0.847631 25
      vertex -9.82667 0.582342 25
      vertex -3.21207 0.638921 25
    endloop
  endfacet
  facet normal 0 -0 1
    outer loop
      vertex -9.82667 0.582342 25
      vertex -3.16341 0.847631 25
      vertex -9.86941 0.723238 25
    endloop
  endfacet
  facet normal 0 0 1
    outer loop
      vertex -3.1012 1.05271 25
      vertex -9.86941 0.723238 25
      vertex -3.16341 0.847631 25
    endloop
  endfacet
  facet normal 0 -0 1
    outer loop
      vertex -9.86941 0.723238 25
      vertex -3.1012 1.05271 25
      vertex -9.92127 0.861037 25
    endloop
  endfacet
  facet normal 0 -0 1
    outer loop
      vertex -9.92127 0.861037 25
      vertex -3.1012 1.05271 25
      vertex -9.98204 0.995149 25
    endloop
  endfacet
  facet normal 0 0 1
    outer loop
      vertex -3.02571 1.25329 25
      vertex -9.98204 0.995149 25
      vertex -3.1012 1.05271 25
    endloop
  endfacet
  facet normal 0 -0 1
    outer loop
      vertex -9.98204 0.995149 25
      vertex -3.02571 1.25329 25
      vertex -10.0514 1.125 25
    endloop
  endfacet
  facet normal 0 0 1
    outer loop
      vertex -2.93726 1.44849 25
      vertex -10.0514 1.125 25
      vertex -3.02571 1.25329 25
    endloop
  endfacet
  facet normal 0 -0 1
    outer loop
      vertex -10.0514 1.125 25
      vertex -2.93726 1.44849 25
      vertex -10.1292 1.25003 25
    endloop
  endfacet
  facet normal 0 -0 1
    outer loop
      vertex -10.215 1.36971 25
      vertex -2.72306 1.81949 25
      vertex -10.3084 1.48353 25
    endloop
  endfacet
  facet normal 0 -0 1
    outer loop
      vertex -10.409 1.59099 25
      vertex -2.46227 2.15936 25
      vertex -10.5165 1.69164 25
    endloop
  endfacet
  facet normal 0 0 1
    outer loop
      vertex -1 15 25
      vertex -11.0049 2.01796 25
      vertex -10.875 1.94856 25
    endloop
  endfacet
  facet normal 0 0 1
    outer loop
      vertex -1 15 25
      vertex -11.139 2.07873 25
      vertex -11.0049 2.01796 25
    endloop
  endfacet
  facet normal 0 0 1
    outer loop
      vertex -1 15 25
      vertex -11.2768 2.13059 25
      vertex -11.139 2.07873 25
    endloop
  endfacet
  facet normal 0 0 1
    outer loop
      vertex -1 15 25
      vertex -11.4177 2.17333 25
      vertex -11.2768 2.13059 25
    endloop
  endfacet
  facet normal 0 0 1
    outer loop
      vertex -1 15 25
      vertex -11.561 2.20677 25
      vertex -11.4177 2.17333 25
    endloop
  endfacet
  facet normal -0 0 1
    outer loop
      vertex -18 15 25
      vertex -11.561 2.20677 25
      vertex -1 15 25
    endloop
  endfacet
  facet normal 0 0 1
    outer loop
      vertex -11.561 2.20677 25
      vertex -18 15 25
      vertex -11.7063 2.23075 25
    endloop
  endfacet
  facet normal 0 0 1
    outer loop
      vertex -11.7063 2.23075 25
      vertex -18 15 25
      vertex -11.8528 2.24518 25
    endloop
  endfacet
  facet normal 0 0 1
    outer loop
      vertex -11.8528 2.24518 25
      vertex -18 15 25
      vertex -12 2.25 25
    endloop
  endfacet
  facet normal 0 0 1
    outer loop
      vertex -12 2.25 25
      vertex -18 15 25
      vertex -12.1472 2.24518 25
    endloop
  endfacet
  facet normal 0 0 1
    outer loop
      vertex -12.1472 2.24518 25
      vertex -18 15 25
      vertex -12.2937 2.23075 25
    endloop
  endfacet
  facet normal 0 0 1
    outer loop
      vertex -12.2937 2.23075 25
      vertex -18 15 25
      vertex -12.439 2.20677 25
    endloop
  endfacet
  facet normal 0 0 1
    outer loop
      vertex -12.439 2.20677 25
      vertex -18 15 25
      vertex -12.5823 2.17333 25
    endloop
  endfacet
  facet normal 0 0 1
    outer loop
      vertex -12.5823 2.17333 25
      vertex -18 15 25
      vertex -12.7232 2.13059 25
    endloop
  endfacet
  facet normal 0 0 1
    outer loop
      vertex -12.7232 2.13059 25
      vertex -18 15 25
      vertex -12.861 2.07873 25
    endloop
  endfacet
  facet normal 0 0 1
    outer loop
      vertex -12.861 2.07873 25
      vertex -18 15 25
      vertex -12.9951 2.01796 25
    endloop
  endfacet
  facet normal 0 0 1
    outer loop
      vertex -12.9951 2.01796 25
      vertex -18 15 25
      vertex -13.125 1.94856 25
    endloop
  endfacet
  facet normal 0 0 1
    outer loop
      vertex -13.125 1.94856 25
      vertex -18 15 25
      vertex -13.25 1.87081 25
    endloop
  endfacet
  facet normal 0 0 1
    outer loop
      vertex -13.25 1.87081 25
      vertex -18 15 25
      vertex -13.3697 1.78504 25
    endloop
  endfacet
  facet normal 0 0 1
    outer loop
      vertex -13.3697 1.78504 25
      vertex -18 15 25
      vertex -13.4835 1.69164 25
    endloop
  endfacet
  facet normal 0 0 1
    outer loop
      vertex -14.2452 0.147157 25
      vertex -18 15 25
      vertex -14.25 0 25
    endloop
  endfacet
  facet normal 0 0 1
    outer loop
      vertex -14.2308 0.293683 25
      vertex -18 15 25
      vertex -14.2452 0.147157 25
    endloop
  endfacet
  facet normal 0 0 1
    outer loop
      vertex -14.2068 0.438952 25
      vertex -18 15 25
      vertex -14.2308 0.293683 25
    endloop
  endfacet
  facet normal 0 0 1
    outer loop
      vertex -14.1733 0.582342 25
      vertex -18 15 25
      vertex -14.2068 0.438952 25
    endloop
  endfacet
  facet normal 0 0 1
    outer loop
      vertex -14.1306 0.723238 25
      vertex -18 15 25
      vertex -14.1733 0.582342 25
    endloop
  endfacet
  facet normal 0 0 1
    outer loop
      vertex -14.0787 0.861037 25
      vertex -18 15 25
      vertex -14.1306 0.723238 25
    endloop
  endfacet
  facet normal 0 0 1
    outer loop
      vertex -14.018 0.995149 25
      vertex -18 15 25
      vertex -14.0787 0.861037 25
    endloop
  endfacet
  facet normal 0 0 1
    outer loop
      vertex -13.9486 1.125 25
      vertex -18 15 25
      vertex -14.018 0.995149 25
    endloop
  endfacet
  facet normal 0 0 1
    outer loop
      vertex -13.8708 1.25003 25
      vertex -18 15 25
      vertex -13.9486 1.125 25
    endloop
  endfacet
  facet normal 0 0 1
    outer loop
      vertex -13.785 1.36971 25
      vertex -18 15 25
      vertex -13.8708 1.25003 25
    endloop
  endfacet
  facet normal 0 0 1
    outer loop
      vertex -13.6916 1.48353 25
      vertex -18 15 25
      vertex -13.785 1.36971 25
    endloop
  endfacet
  facet normal 0 0 1
    outer loop
      vertex -13.591 1.59099 25
      vertex -18 15 25
      vertex -13.6916 1.48353 25
    endloop
  endfacet
  facet normal 0 0 1
    outer loop
      vertex -13.4835 1.69164 25
      vertex -18 15 25
      vertex -13.591 1.59099 25
    endloop
  endfacet
  facet normal 0 0 1
    outer loop
      vertex 18 15 25
      vertex 14.25 0 25
      vertex 18 -15 25
    endloop
  endfacet
  facet normal 0 0 1
    outer loop
      vertex 18 15 25
      vertex 14.2452 0.147157 25
      vertex 14.25 0 25
    endloop
  endfacet
  facet normal 0 0 1
    outer loop
      vertex 18 15 25
      vertex 14.2308 0.293683 25
      vertex 14.2452 0.147157 25
    endloop
  endfacet
  facet normal 0 0 1
    outer loop
      vertex 18 15 25
      vertex 14.2068 0.438952 25
      vertex 14.2308 0.293683 25
    endloop
  endfacet
  facet normal 0 0 1
    outer loop
      vertex 18 15 25
      vertex 14.1733 0.582342 25
      vertex 14.2068 0.438952 25
    endloop
  endfacet
  facet normal 0 0 1
    outer loop
      vertex 18 15 25
      vertex 14.1306 0.723238 25
      vertex 14.1733 0.582342 25
    endloop
  endfacet
  facet normal 0 0 1
    outer loop
      vertex 18 15 25
      vertex 14.0787 0.861037 25
      vertex 14.1306 0.723238 25
    endloop
  endfacet
  facet normal 0 0 1
    outer loop
      vertex 18 15 25
      vertex 14.018 0.995149 25
      vertex 14.0787 0.861037 25
    endloop
  endfacet
  facet normal 0 0 1
    outer loop
      vertex 18 15 25
      vertex 13.9486 1.125 25
      vertex 14.018 0.995149 25
    endloop
  endfacet
  facet normal 0 0 1
    outer loop
      vertex 18 15 25
      vertex 13.8708 1.25003 25
      vertex 13.9486 1.125 25
    endloop
  endfacet
  facet normal 0 0 1
    outer loop
      vertex 18 15 25
      vertex 13.785 1.36971 25
      vertex 13.8708 1.25003 25
    endloop
  endfacet
  facet normal 0 0 1
    outer loop
      vertex 18 15 25
      vertex 13.6916 1.48353 25
      vertex 13.785 1.36971 25
    endloop
  endfacet
  facet normal 0 0 1
    outer loop
      vertex 18 15 25
      vertex 13.591 1.59099 25
      vertex 13.6916 1.48353 25
    endloop
  endfacet
  facet normal 0 0 1
    outer loop
      vertex 18 15 25
      vertex 13.4835 1.69164 25
      vertex 13.591 1.59099 25
    endloop
  endfacet
  facet normal 0 0 1
    outer loop
      vertex 18 15 25
      vertex 13.3697 1.78504 25
      vertex 13.4835 1.69164 25
    endloop
  endfacet
  facet normal 0 0 1
    outer loop
      vertex 18 15 25
      vertex 13.25 1.87081 25
      vertex 13.3697 1.78504 25
    endloop
  endfacet
  facet normal 0 0 1
    outer loop
      vertex 18 15 25
      vertex 13.125 1.94856 25
      vertex 13.25 1.87081 25
    endloop
  endfacet
  facet normal 0 0 1
    outer loop
      vertex 18 15 25
      vertex 12.9951 2.01796 25
      vertex 13.125 1.94856 25
    endloop
  endfacet
  facet normal 0 0 1
    outer loop
      vertex 18 15 25
      vertex 12.861 2.07873 25
      vertex 12.9951 2.01796 25
    endloop
  endfacet
  facet normal 0 0 1
    outer loop
      vertex 18 15 25
      vertex 12.7232 2.13059 25
      vertex 12.861 2.07873 25
    endloop
  endfacet
  facet normal 0 0 1
    outer loop
      vertex 18 15 25
      vertex 12.5823 2.17333 25
      vertex 12.7232 2.13059 25
    endloop
  endfacet
  facet normal 0 0 1
    outer loop
      vertex 18 15 25
      vertex 12.439 2.20677 25
      vertex 12.5823 2.17333 25
    endloop
  endfacet
  facet normal 0 0 1
    outer loop
      vertex 18 15 25
      vertex 12.2937 2.23075 25
      vertex 12.439 2.20677 25
    endloop
  endfacet
  facet normal 0 0 1
    outer loop
      vertex 18 15 25
      vertex 12.1472 2.24518 25
      vertex 12.2937 2.23075 25
    endloop
  endfacet
  facet normal 0 0 1
    outer loop
      vertex 18 15 25
      vertex 12 2.25 25
      vertex 12.1472 2.24518 25
    endloop
  endfacet
  facet normal 0 0 1
    outer loop
      vertex 18 15 25
      vertex 11.8528 2.24518 25
      vertex 12 2.25 25
    endloop
  endfacet
  facet normal 0 0 1
    outer loop
      vertex 18 15 25
      vertex 11.7063 2.23075 25
      vertex 11.8528 2.24518 25
    endloop
  endfacet
  facet normal 0 0 1
    outer loop
      vertex 18 15 25
      vertex 11.561 2.20677 25
      vertex 11.7063 2.23075 25
    endloop
  endfacet
  facet normal -0 0 1
    outer loop
      vertex 1 15 25
      vertex 11.561 2.20677 25
      vertex 18 15 25
    endloop
  endfacet
  facet normal 0 0 1
    outer loop
      vertex 11.561 2.20677 25
      vertex 1 15 25
      vertex 11.4177 2.17333 25
    endloop
  endfacet
  facet normal 0 0 1
    outer loop
      vertex 11.4177 2.17333 25
      vertex 1 15 25
      vertex 11.2768 2.13059 25
    endloop
  endfacet
  facet normal 0 0 1
    outer loop
      vertex 11.2768 2.13059 25
      vertex 1 15 25
      vertex 11.139 2.07873 25
    endloop
  endfacet
  facet normal 0 0 1
    outer loop
      vertex 11.139 2.07873 25
      vertex 1 15 25
      vertex 11.0049 2.01796 25
    endloop
  endfacet
  facet normal 0 0 1
    outer loop
      vertex 11.0049 2.01796 25
      vertex 1 15 25
      vertex 10.875 1.94856 25
    endloop
  endfacet
  facet normal -0 -0 1
    outer loop
      vertex 1.99369 2.59823 25
      vertex 10.875 1.94856 25
      vertex 1 15 25
    endloop
  endfacet
  facet normal -0 -0 1
    outer loop
      vertex 2.15936 2.46227 25
      vertex 10.875 1.94856 25
      vertex 1.99369 2.59823 25
    endloop
  endfacet
  facet normal 0 0 1
    outer loop
      vertex 10.875 1.94856 25
      vertex 2.15936 2.46227 25
      vertex 10.75 1.87081 25
    endloop
  endfacet
  facet normal 0 0 1
    outer loop
      vertex 10.75 1.87081 25
      vertex 2.15936 2.46227 25
      vertex 10.6303 1.78504 25
    endloop
  endfacet
  facet normal -0 -0 1
    outer loop
      vertex 2.31577 2.31577 25
      vertex 10.6303 1.78504 25
      vertex 2.15936 2.46227 25
    endloop
  endfacet
  facet normal 0 0 1
    outer loop
      vertex 10.6303 1.78504 25
      vertex 2.31577 2.31577 25
      vertex 10.5165 1.69164 25
    endloop
  endfacet
  facet normal -0 -0 1
    outer loop
      vertex 2.46227 2.15936 25
      vertex 10.5165 1.69164 25
      vertex 2.31577 2.31577 25
    endloop
  endfacet
  facet normal 0 0 1
    outer loop
      vertex 9.75482 0.147157 25
      vertex 3.275 0 25
      vertex 9.75 0 25
    endloop
  endfacet
  facet normal -0 0 1
    outer loop
      vertex 3.26799 0.214194 25
      vertex 9.75482 0.147157 25
      vertex 9.76925 0.293683 25
    endloop
  endfacet
  facet normal -0 0 1
    outer loop
      vertex 3.24698 0.427473 25
      vertex 9.76925 0.293683 25
      vertex 9.79323 0.438952 25
    endloop
  endfacet
  facet normal 0 0 1
    outer loop
      vertex 3.21207 0.638921 25
      vertex 9.79323 0.438952 25
      vertex 9.82667 0.582342 25
    endloop
  endfacet
  facet normal 0 0 1
    outer loop
      vertex 3.16341 0.847631 25
      vertex 9.82667 0.582342 25
      vertex 9.86941 0.723238 25
    endloop
  endfacet
  facet normal 0 0 1
    outer loop
      vertex 3.1012 1.05271 25
      vertex 9.86941 0.723238 25
      vertex 9.92127 0.861037 25
    endloop
  endfacet
  facet normal 0 0 1
    outer loop
      vertex 3.1012 1.05271 25
      vertex 9.92127 0.861037 25
      vertex 9.98204 0.995149 25
    endloop
  endfacet
  facet normal 0 0 1
    outer loop
      vertex 3.02571 1.25329 25
      vertex 9.98204 0.995149 25
      vertex 10.0514 1.125 25
    endloop
  endfacet
  facet normal 0 0 1
    outer loop
      vertex 10.5165 1.69164 25
      vertex 2.46227 2.15936 25
      vertex 10.409 1.59099 25
    endloop
  endfacet
  facet normal 0 0 1
    outer loop
      vertex 9.75482 0.147157 25
      vertex 3.26799 0.214194 25
      vertex 3.275 0 25
    endloop
  endfacet
  facet normal 0 0 1
    outer loop
      vertex 9.76925 0.293683 25
      vertex 3.24698 0.427473 25
      vertex 3.26799 0.214194 25
    endloop
  endfacet
  facet normal 0 0 1
    outer loop
      vertex 9.79323 0.438952 25
      vertex 3.21207 0.638921 25
      vertex 3.24698 0.427473 25
    endloop
  endfacet
  facet normal 0 0 1
    outer loop
      vertex 9.82667 0.582342 25
      vertex 3.16341 0.847631 25
      vertex 3.21207 0.638921 25
    endloop
  endfacet
  facet normal 0 0 1
    outer loop
      vertex 9.86941 0.723238 25
      vertex 3.1012 1.05271 25
      vertex 3.16341 0.847631 25
    endloop
  endfacet
  facet normal 0 0 1
    outer loop
      vertex 9.98204 0.995149 25
      vertex 3.02571 1.25329 25
      vertex 3.1012 1.05271 25
    endloop
  endfacet
  facet normal 0 0 1
    outer loop
      vertex 10.0514 1.125 25
      vertex 2.93726 1.44849 25
      vertex 3.02571 1.25329 25
    endloop
  endfacet
  facet normal 0 0 1
    outer loop
      vertex 10.1292 1.25003 25
      vertex 2.93726 1.44849 25
      vertex 10.0514 1.125 25
    endloop
  endfacet
  facet normal -0 -0 1
    outer loop
      vertex 2.93726 1.44849 25
      vertex 10.1292 1.25003 25
      vertex 2.83623 1.6375 25
    endloop
  endfacet
  facet normal 0 0 1
    outer loop
      vertex 10.215 1.36971 25
      vertex 2.83623 1.6375 25
      vertex 10.1292 1.25003 25
    endloop
  endfacet
  facet normal -0 -0 1
    outer loop
      vertex 2.83623 1.6375 25
      vertex 10.215 1.36971 25
      vertex 2.72306 1.81949 25
    endloop
  endfacet
  facet normal 0 0 1
    outer loop
      vertex 10.3084 1.48353 25
      vertex 2.72306 1.81949 25
      vertex 10.215 1.36971 25
    endloop
  endfacet
  facet normal -0 -0 1
    outer loop
      vertex 2.59823 1.99369 25
      vertex 10.409 1.59099 25
      vertex 2.46227 2.15936 25
    endloop
  endfacet
  facet normal -0 -0 1
    outer loop
      vertex 2.72306 1.81949 25
      vertex 10.3084 1.48353 25
      vertex 2.59823 1.99369 25
    endloop
  endfacet
  facet normal 0 0 1
    outer loop
      vertex 10.409 1.59099 25
      vertex 2.59823 1.99369 25
      vertex 10.3084 1.48353 25
    endloop
  endfacet
  facet normal 0 0 1
    outer loop
      vertex 1.99369 2.59823 25
      vertex 1 15 25
      vertex 1.81949 2.72306 25
    endloop
  endfacet
  facet normal 0 0 1
    outer loop
      vertex 1.81949 2.72306 25
      vertex 1 15 25
      vertex 1.6375 2.83623 25
    endloop
  endfacet
  facet normal 0 0 1
    outer loop
      vertex 1.6375 2.83623 25
      vertex 1 15 25
      vertex 1.44849 2.93726 25
    endloop
  endfacet
  facet normal 0 0 1
    outer loop
      vertex 1.44849 2.93726 25
      vertex 1 15 25
      vertex 1.25329 3.02571 25
    endloop
  endfacet
  facet normal 0 0 1
    outer loop
      vertex 1.25329 3.02571 25
      vertex 1 15 25
      vertex 1.05271 3.1012 25
    endloop
  endfacet
  facet normal 0 0 1
    outer loop
      vertex 1.05271 3.1012 25
      vertex 1 15 25
      vertex 1 3.11719 25
    endloop
  endfacet
  facet normal -0 0 1
    outer loop
      vertex 14.2452 -0.147157 25
      vertex 18 -15 25
      vertex 14.25 0 25
    endloop
  endfacet
  facet normal -0 0 1
    outer loop
      vertex 14.2308 -0.293683 25
      vertex 18 -15 25
      vertex 14.2452 -0.147157 25
    endloop
  endfacet
  facet normal -0 0 1
    outer loop
      vertex 14.2068 -0.438952 25
      vertex 18 -15 25
      vertex 14.2308 -0.293683 25
    endloop
  endfacet
  facet normal -0 0 1
    outer loop
      vertex 14.1733 -0.582342 25
      vertex 18 -15 25
      vertex 14.2068 -0.438952 25
    endloop
  endfacet
  facet normal -0 0 1
    outer loop
      vertex 14.1306 -0.723238 25
      vertex 18 -15 25
      vertex 14.1733 -0.582342 25
    endloop
  endfacet
  facet normal -0 0 1
    outer loop
      vertex 14.0787 -0.861037 25
      vertex 18 -15 25
      vertex 14.1306 -0.723238 25
    endloop
  endfacet
  facet normal -0 0 1
    outer loop
      vertex 14.018 -0.995149 25
      vertex 18 -15 25
      vertex 14.0787 -0.861037 25
    endloop
  endfacet
  facet normal -0 0 1
    outer loop
      vertex 13.9486 -1.125 25
      vertex 18 -15 25
      vertex 14.018 -0.995149 25
    endloop
  endfacet
  facet normal -0 0 1
    outer loop
      vertex 13.8708 -1.25003 25
      vertex 18 -15 25
      vertex 13.9486 -1.125 25
    endloop
  endfacet
  facet normal -0 0 1
    outer loop
      vertex 13.785 -1.36971 25
      vertex 18 -15 25
      vertex 13.8708 -1.25003 25
    endloop
  endfacet
  facet normal -0 0 1
    outer loop
      vertex 13.6916 -1.48353 25
      vertex 18 -15 25
      vertex 13.785 -1.36971 25
    endloop
  endfacet
  facet normal -0 0 1
    outer loop
      vertex 13.591 -1.59099 25
      vertex 18 -15 25
      vertex 13.6916 -1.48353 25
    endloop
  endfacet
  facet normal -0 0 1
    outer loop
      vertex 13.4835 -1.69164 25
      vertex 18 -15 25
      vertex 13.591 -1.59099 25
    endloop
  endfacet
  facet normal -0 0 1
    outer loop
      vertex 13.3697 -1.78504 25
      vertex 18 -15 25
      vertex 13.4835 -1.69164 25
    endloop
  endfacet
  facet normal -0 0 1
    outer loop
      vertex 13.25 -1.87081 25
      vertex 18 -15 25
      vertex 13.3697 -1.78504 25
    endloop
  endfacet
  facet normal -0 0 1
    outer loop
      vertex 13.125 -1.94856 25
      vertex 18 -15 25
      vertex 13.25 -1.87081 25
    endloop
  endfacet
  facet normal -0 0 1
    outer loop
      vertex 12.9951 -2.01796 25
      vertex 18 -15 25
      vertex 13.125 -1.94856 25
    endloop
  endfacet
  facet normal -0 0 1
    outer loop
      vertex 12.861 -2.07873 25
      vertex 18 -15 25
      vertex 12.9951 -2.01796 25
    endloop
  endfacet
  facet normal -0 0 1
    outer loop
      vertex 12.7232 -2.13059 25
      vertex 18 -15 25
      vertex 12.861 -2.07873 25
    endloop
  endfacet
  facet normal -0 0 1
    outer loop
      vertex 12.5823 -2.17333 25
      vertex 18 -15 25
      vertex 12.7232 -2.13059 25
    endloop
  endfacet
  facet normal -0 0 1
    outer loop
      vertex 12.439 -2.20677 25
      vertex 18 -15 25
      vertex 12.5823 -2.17333 25
    endloop
  endfacet
  facet normal -0 0 1
    outer loop
      vertex 12.2937 -2.23075 25
      vertex 18 -15 25
      vertex 12.439 -2.20677 25
    endloop
  endfacet
  facet normal -0 0 1
    outer loop
      vertex 12.1472 -2.24518 25
      vertex 18 -15 25
      vertex 12.2937 -2.23075 25
    endloop
  endfacet
  facet normal -0 0 1
    outer loop
      vertex 12 -2.25 25
      vertex 18 -15 25
      vertex 12.1472 -2.24518 25
    endloop
  endfacet
  facet normal 0 0 1
    outer loop
      vertex 11.8528 -2.24518 25
      vertex 18 -15 25
      vertex 12 -2.25 25
    endloop
  endfacet
  facet normal 0 0 1
    outer loop
      vertex 11.7063 -2.23075 25
      vertex 18 -15 25
      vertex 11.8528 -2.24518 25
    endloop
  endfacet
  facet normal 0 0 1
    outer loop
      vertex 11.561 -2.20677 25
      vertex 18 -15 25
      vertex 11.7063 -2.23075 25
    endloop
  endfacet
  facet normal 0 0 1
    outer loop
      vertex 11.4177 -2.17333 25
      vertex 18 -15 25
      vertex 11.561 -2.20677 25
    endloop
  endfacet
  facet normal 0 0 1
    outer loop
      vertex 11.2768 -2.13059 25
      vertex 18 -15 25
      vertex 11.4177 -2.17333 25
    endloop
  endfacet
  facet normal 0 0 1
    outer loop
      vertex 11.139 -2.07873 25
      vertex 18 -15 25
      vertex 11.2768 -2.13059 25
    endloop
  endfacet
  facet normal 0 0 1
    outer loop
      vertex 1.81949 -2.72306 25
      vertex 11.139 -2.07873 25
      vertex 11.0049 -2.01796 25
    endloop
  endfacet
  facet normal 0 0 1
    outer loop
      vertex 1.99369 -2.59823 25
      vertex 11.0049 -2.01796 25
      vertex 10.875 -1.94856 25
    endloop
  endfacet
  facet normal 0 0 1
    outer loop
      vertex 2.15936 -2.46227 25
      vertex 10.875 -1.94856 25
      vertex 10.75 -1.87081 25
    endloop
  endfacet
  facet normal 0 0 1
    outer loop
      vertex 2.15936 -2.46227 25
      vertex 10.75 -1.87081 25
      vertex 10.6303 -1.78504 25
    endloop
  endfacet
  facet normal 0 0 1
    outer loop
      vertex 2.31577 -2.31577 25
      vertex 10.6303 -1.78504 25
      vertex 10.5165 -1.69164 25
    endloop
  endfacet
  facet normal 0 0 1
    outer loop
      vertex 2.46227 -2.15936 25
      vertex 10.5165 -1.69164 25
      vertex 10.409 -1.59099 25
    endloop
  endfacet
  facet normal 0 0 1
    outer loop
      vertex 2.59823 -1.99369 25
      vertex 10.409 -1.59099 25
      vertex 10.3084 -1.48353 25
    endloop
  endfacet
  facet normal 0 0 1
    outer loop
      vertex 2.72306 -1.81949 25
      vertex 10.3084 -1.48353 25
      vertex 10.215 -1.36971 25
    endloop
  endfacet
  facet normal 0 0 1
    outer loop
      vertex 2.83623 -1.6375 25
      vertex 10.215 -1.36971 25
      vertex 10.1292 -1.25003 25
    endloop
  endfacet
  facet normal 0 0 1
    outer loop
      vertex 2.93726 -1.44849 25
      vertex 10.1292 -1.25003 25
      vertex 10.0514 -1.125 25
    endloop
  endfacet
  facet normal -0 0 1
    outer loop
      vertex 3.275 0 25
      vertex 9.75482 -0.147157 25
      vertex 9.75 0 25
    endloop
  endfacet
  facet normal 0 0 1
    outer loop
      vertex 3.26799 -0.214194 25
      vertex 9.75482 -0.147157 25
      vertex 3.275 0 25
    endloop
  endfacet
  facet normal 0 0 1
    outer loop
      vertex 9.75482 -0.147157 25
      vertex 3.26799 -0.214194 25
      vertex 9.76925 -0.293683 25
    endloop
  endfacet
  facet normal 0 0 1
    outer loop
      vertex 3.24698 -0.427473 25
      vertex 9.76925 -0.293683 25
      vertex 3.26799 -0.214194 25
    endloop
  endfacet
  facet normal 0 0 1
    outer loop
      vertex 9.76925 -0.293683 25
      vertex 3.24698 -0.427473 25
      vertex 9.79323 -0.438952 25
    endloop
  endfacet
  facet normal 0 0 1
    outer loop
      vertex 3.21207 -0.638921 25
      vertex 9.79323 -0.438952 25
      vertex 3.24698 -0.427473 25
    endloop
  endfacet
  facet normal 0 0 1
    outer loop
      vertex 9.79323 -0.438952 25
      vertex 3.21207 -0.638921 25
      vertex 9.82667 -0.582342 25
    endloop
  endfacet
  facet normal 0 0 1
    outer loop
      vertex 3.16341 -0.847631 25
      vertex 9.82667 -0.582342 25
      vertex 3.21207 -0.638921 25
    endloop
  endfacet
  facet normal 0 0 1
    outer loop
      vertex 9.82667 -0.582342 25
      vertex 3.16341 -0.847631 25
      vertex 9.86941 -0.723238 25
    endloop
  endfacet
  facet normal 0 0 1
    outer loop
      vertex 3.1012 -1.05271 25
      vertex 9.86941 -0.723238 25
      vertex 3.16341 -0.847631 25
    endloop
  endfacet
  facet normal 0 0 1
    outer loop
      vertex 9.86941 -0.723238 25
      vertex 3.1012 -1.05271 25
      vertex 9.92127 -0.861037 25
    endloop
  endfacet
  facet normal 0 0 1
    outer loop
      vertex 9.92127 -0.861037 25
      vertex 3.1012 -1.05271 25
      vertex 9.98204 -0.995149 25
    endloop
  endfacet
  facet normal 0 0 1
    outer loop
      vertex 3.02571 -1.25329 25
      vertex 9.98204 -0.995149 25
      vertex 3.1012 -1.05271 25
    endloop
  endfacet
  facet normal 0 0 1
    outer loop
      vertex 9.98204 -0.995149 25
      vertex 3.02571 -1.25329 25
      vertex 10.0514 -1.125 25
    endloop
  endfacet
  facet normal 0 0 1
    outer loop
      vertex 2.93726 -1.44849 25
      vertex 10.0514 -1.125 25
      vertex 3.02571 -1.25329 25
    endloop
  endfacet
  facet normal 0 0 1
    outer loop
      vertex 10.1292 -1.25003 25
      vertex 2.93726 -1.44849 25
      vertex 2.83623 -1.6375 25
    endloop
  endfacet
  facet normal 0 0 1
    outer loop
      vertex 10.215 -1.36971 25
      vertex 2.83623 -1.6375 25
      vertex 2.72306 -1.81949 25
    endloop
  endfacet
  facet normal 0 0 1
    outer loop
      vertex 10.3084 -1.48353 25
      vertex 2.72306 -1.81949 25
      vertex 2.59823 -1.99369 25
    endloop
  endfacet
  facet normal 0 0 1
    outer loop
      vertex 10.409 -1.59099 25
      vertex 2.59823 -1.99369 25
      vertex 2.46227 -2.15936 25
    endloop
  endfacet
  facet normal 0 0 1
    outer loop
      vertex 10.5165 -1.69164 25
      vertex 2.46227 -2.15936 25
      vertex 2.31577 -2.31577 25
    endloop
  endfacet
  facet normal 0 0 1
    outer loop
      vertex 10.6303 -1.78504 25
      vertex 2.31577 -2.31577 25
      vertex 2.15936 -2.46227 25
    endloop
  endfacet
  facet normal 0 0 1
    outer loop
      vertex 10.875 -1.94856 25
      vertex 2.15936 -2.46227 25
      vertex 1.99369 -2.59823 25
    endloop
  endfacet
  facet normal 0 0 1
    outer loop
      vertex 11.0049 -2.01796 25
      vertex 1.99369 -2.59823 25
      vertex 1.81949 -2.72306 25
    endloop
  endfacet
  facet normal 0 0 1
    outer loop
      vertex 11.139 -2.07873 25
      vertex 1.81949 -2.72306 25
      vertex 1.6375 -2.83623 25
    endloop
  endfacet
  facet normal 0 0 1
    outer loop
      vertex 11.139 -2.07873 25
      vertex 1.6375 -2.83623 25
      vertex 18 -15 25
    endloop
  endfacet
  facet normal -0 0 1
    outer loop
      vertex 1.44849 -2.93726 25
      vertex 18 -15 25
      vertex 1.6375 -2.83623 25
    endloop
  endfacet
  facet normal -0 0 1
    outer loop
      vertex 1.25329 -3.02571 25
      vertex 18 -15 25
      vertex 1.44849 -2.93726 25
    endloop
  endfacet
  facet normal -0 0 1
    outer loop
      vertex 1.05271 -3.1012 25
      vertex 18 -15 25
      vertex 1.25329 -3.02571 25
    endloop
  endfacet
  facet normal -0 0 1
    outer loop
      vertex 0.847631 -3.16341 25
      vertex 18 -15 25
      vertex 1.05271 -3.1012 25
    endloop
  endfacet
  facet normal -0 0 1
    outer loop
      vertex 0.638921 -3.21207 25
      vertex 18 -15 25
      vertex 0.847631 -3.16341 25
    endloop
  endfacet
  facet normal -0 0 1
    outer loop
      vertex 0.427473 -3.24698 25
      vertex 18 -15 25
      vertex 0.638921 -3.21207 25
    endloop
  endfacet
  facet normal -0 0 1
    outer loop
      vertex 0.214194 -3.26799 25
      vertex 18 -15 25
      vertex 0.427473 -3.24698 25
    endloop
  endfacet
  facet normal -0 0 1
    outer loop
      vertex 0 -3.275 25
      vertex 18 -15 25
      vertex 0.214194 -3.26799 25
    endloop
  endfacet
  facet normal 0 0 1
    outer loop
      vertex -18 -15 25
      vertex 0 -3.275 25
      vertex -0.214194 -3.26799 25
    endloop
  endfacet
  facet normal 0 0 1
    outer loop
      vertex -18 -15 25
      vertex -0.214194 -3.26799 25
      vertex -0.427473 -3.24698 25
    endloop
  endfacet
  facet normal 0 0 1
    outer loop
      vertex -18 -15 25
      vertex -0.427473 -3.24698 25
      vertex -0.638921 -3.21207 25
    endloop
  endfacet
  facet normal 0 0 1
    outer loop
      vertex -18 -15 25
      vertex -0.638921 -3.21207 25
      vertex -0.847631 -3.16341 25
    endloop
  endfacet
  facet normal 0 0 1
    outer loop
      vertex -18 -15 25
      vertex -0.847631 -3.16341 25
      vertex -1.05271 -3.1012 25
    endloop
  endfacet
  facet normal 0 0 1
    outer loop
      vertex -18 -15 25
      vertex -1.05271 -3.1012 25
      vertex -1.25329 -3.02571 25
    endloop
  endfacet
  facet normal 0 0 1
    outer loop
      vertex -18 -15 25
      vertex -1.25329 -3.02571 25
      vertex -1.44849 -2.93726 25
    endloop
  endfacet
  facet normal 0 0 1
    outer loop
      vertex -18 -15 25
      vertex -1.44849 -2.93726 25
      vertex -1.6375 -2.83623 25
    endloop
  endfacet
  facet normal 0 0 1
    outer loop
      vertex -9.75482 -0.147157 25
      vertex -3.275 0 25
      vertex -9.75 0 25
    endloop
  endfacet
  facet normal 0 0 1
    outer loop
      vertex -3.275 0 25
      vertex -9.75482 -0.147157 25
      vertex -3.26799 -0.214194 25
    endloop
  endfacet
  facet normal 0 0 1
    outer loop
      vertex -9.76925 -0.293683 25
      vertex -3.26799 -0.214194 25
      vertex -9.75482 -0.147157 25
    endloop
  endfacet
  facet normal 0 0 1
    outer loop
      vertex -3.26799 -0.214194 25
      vertex -9.76925 -0.293683 25
      vertex -3.24698 -0.427473 25
    endloop
  endfacet
  facet normal 0 0 1
    outer loop
      vertex -9.79323 -0.438952 25
      vertex -3.24698 -0.427473 25
      vertex -9.76925 -0.293683 25
    endloop
  endfacet
  facet normal 0 0 1
    outer loop
      vertex -3.24698 -0.427473 25
      vertex -9.79323 -0.438952 25
      vertex -3.21207 -0.638921 25
    endloop
  endfacet
  facet normal -0 0 1
    outer loop
      vertex -9.82667 -0.582342 25
      vertex -3.21207 -0.638921 25
      vertex -9.79323 -0.438952 25
    endloop
  endfacet
  facet normal 0 0 1
    outer loop
      vertex -3.21207 -0.638921 25
      vertex -9.82667 -0.582342 25
      vertex -3.16341 -0.847631 25
    endloop
  endfacet
  facet normal -0 0 1
    outer loop
      vertex -9.86941 -0.723238 25
      vertex -3.16341 -0.847631 25
      vertex -9.82667 -0.582342 25
    endloop
  endfacet
  facet normal 0 0 1
    outer loop
      vertex -3.16341 -0.847631 25
      vertex -9.86941 -0.723238 25
      vertex -3.1012 -1.05271 25
    endloop
  endfacet
  facet normal -0 0 1
    outer loop
      vertex -9.92127 -0.861037 25
      vertex -3.1012 -1.05271 25
      vertex -9.86941 -0.723238 25
    endloop
  endfacet
  facet normal 0 0 1
    outer loop
      vertex -3.1012 -1.05271 25
      vertex -9.92127 -0.861037 25
      vertex -3.02571 -1.25329 25
    endloop
  endfacet
  facet normal -0 0 1
    outer loop
      vertex -9.98204 -0.995149 25
      vertex -3.02571 -1.25329 25
      vertex -9.92127 -0.861037 25
    endloop
  endfacet
  facet normal -0 0 1
    outer loop
      vertex -10.0514 -1.125 25
      vertex -3.02571 -1.25329 25
      vertex -9.98204 -0.995149 25
    endloop
  endfacet
  facet normal 0 0 1
    outer loop
      vertex -3.02571 -1.25329 25
      vertex -10.0514 -1.125 25
      vertex -2.93726 -1.44849 25
    endloop
  endfacet
  facet normal -0 0 1
    outer loop
      vertex -10.1292 -1.25003 25
      vertex -2.93726 -1.44849 25
      vertex -10.0514 -1.125 25
    endloop
  endfacet
  facet normal 0 0 1
    outer loop
      vertex -2.93726 -1.44849 25
      vertex -10.1292 -1.25003 25
      vertex -2.83623 -1.6375 25
    endloop
  endfacet
  facet normal -0 0 1
    outer loop
      vertex -10.215 -1.36971 25
      vertex -2.83623 -1.6375 25
      vertex -10.1292 -1.25003 25
    endloop
  endfacet
  facet normal 0 0 1
    outer loop
      vertex -2.83623 -1.6375 25
      vertex -10.215 -1.36971 25
      vertex -2.72306 -1.81949 25
    endloop
  endfacet
  facet normal -0 0 1
    outer loop
      vertex -10.3084 -1.48353 25
      vertex -2.72306 -1.81949 25
      vertex -10.215 -1.36971 25
    endloop
  endfacet
  facet normal 0 0 1
    outer loop
      vertex -2.72306 -1.81949 25
      vertex -10.3084 -1.48353 25
      vertex -2.59823 -1.99369 25
    endloop
  endfacet
  facet normal -0 0 1
    outer loop
      vertex -10.409 -1.59099 25
      vertex -2.59823 -1.99369 25
      vertex -10.3084 -1.48353 25
    endloop
  endfacet
  facet normal 0 0 1
    outer loop
      vertex -2.59823 -1.99369 25
      vertex -10.409 -1.59099 25
      vertex -2.46227 -2.15936 25
    endloop
  endfacet
  facet normal -0 0 1
    outer loop
      vertex -10.5165 -1.69164 25
      vertex -2.46227 -2.15936 25
      vertex -10.409 -1.59099 25
    endloop
  endfacet
  facet normal 0 0 1
    outer loop
      vertex -2.46227 -2.15936 25
      vertex -10.5165 -1.69164 25
      vertex -2.31577 -2.31577 25
    endloop
  endfacet
  facet normal -0 0 1
    outer loop
      vertex -10.6303 -1.78504 25
      vertex -2.31577 -2.31577 25
      vertex -10.5165 -1.69164 25
    endloop
  endfacet
  facet normal 0 0 1
    outer loop
      vertex -2.31577 -2.31577 25
      vertex -10.6303 -1.78504 25
      vertex -2.15936 -2.46227 25
    endloop
  endfacet
  facet normal -0 0 1
    outer loop
      vertex -10.75 -1.87081 25
      vertex -2.15936 -2.46227 25
      vertex -10.6303 -1.78504 25
    endloop
  endfacet
  facet normal -0 0 1
    outer loop
      vertex -10.875 -1.94856 25
      vertex -2.15936 -2.46227 25
      vertex -10.75 -1.87081 25
    endloop
  endfacet
  facet normal 0 0 1
    outer loop
      vertex -2.15936 -2.46227 25
      vertex -10.875 -1.94856 25
      vertex -1.99369 -2.59823 25
    endloop
  endfacet
  facet normal -0 0 1
    outer loop
      vertex -11.0049 -2.01796 25
      vertex -1.99369 -2.59823 25
      vertex -10.875 -1.94856 25
    endloop
  endfacet
  facet normal 0 0 1
    outer loop
      vertex -1.99369 -2.59823 25
      vertex -11.0049 -2.01796 25
      vertex -1.81949 -2.72306 25
    endloop
  endfacet
  facet normal -0 0 1
    outer loop
      vertex -11.139 -2.07873 25
      vertex -1.81949 -2.72306 25
      vertex -11.0049 -2.01796 25
    endloop
  endfacet
  facet normal 0 0 1
    outer loop
      vertex -1.81949 -2.72306 25
      vertex -11.139 -2.07873 25
      vertex -1.6375 -2.83623 25
    endloop
  endfacet
  facet normal 0 0 1
    outer loop
      vertex -1.6375 -2.83623 25
      vertex -11.139 -2.07873 25
      vertex -18 -15 25
    endloop
  endfacet
  facet normal 0 0 1
    outer loop
      vertex -18 -15 25
      vertex -11.139 -2.07873 25
      vertex -11.2768 -2.13059 25
    endloop
  endfacet
  facet normal 0 0 1
    outer loop
      vertex -18 -15 25
      vertex -11.2768 -2.13059 25
      vertex -11.4177 -2.17333 25
    endloop
  endfacet
  facet normal 0 0 1
    outer loop
      vertex -18 -15 25
      vertex -11.4177 -2.17333 25
      vertex -11.561 -2.20677 25
    endloop
  endfacet
  facet normal 0 0 1
    outer loop
      vertex -18 -15 25
      vertex -11.561 -2.20677 25
      vertex -11.7063 -2.23075 25
    endloop
  endfacet
  facet normal 0 0 1
    outer loop
      vertex -18 -15 25
      vertex -11.7063 -2.23075 25
      vertex -11.8528 -2.24518 25
    endloop
  endfacet
  facet normal 0 0 1
    outer loop
      vertex -18 -15 25
      vertex -11.8528 -2.24518 25
      vertex -12 -2.25 25
    endloop
  endfacet
  facet normal 0 0 1
    outer loop
      vertex -18 -15 25
      vertex -12 -2.25 25
      vertex -12.1472 -2.24518 25
    endloop
  endfacet
  facet normal 0 0 1
    outer loop
      vertex -18 -15 25
      vertex -12.1472 -2.24518 25
      vertex -12.2937 -2.23075 25
    endloop
  endfacet
  facet normal 0 0 1
    outer loop
      vertex -18 -15 25
      vertex -12.2937 -2.23075 25
      vertex -12.439 -2.20677 25
    endloop
  endfacet
  facet normal 0 0 1
    outer loop
      vertex -18 -15 25
      vertex -12.439 -2.20677 25
      vertex -12.5823 -2.17333 25
    endloop
  endfacet
  facet normal 0 0 1
    outer loop
      vertex -18 -15 25
      vertex -12.5823 -2.17333 25
      vertex -12.7232 -2.13059 25
    endloop
  endfacet
  facet normal 0 0 1
    outer loop
      vertex -18 -15 25
      vertex -12.7232 -2.13059 25
      vertex -12.861 -2.07873 25
    endloop
  endfacet
  facet normal 0 0 1
    outer loop
      vertex -18 -15 25
      vertex -14.25 0 25
      vertex -18 15 25
    endloop
  endfacet
  facet normal 0 0 1
    outer loop
      vertex -14.25 0 25
      vertex -18 -15 25
      vertex -14.2452 -0.147157 25
    endloop
  endfacet
  facet normal 0 0 1
    outer loop
      vertex -14.2452 -0.147157 25
      vertex -18 -15 25
      vertex -14.2308 -0.293683 25
    endloop
  endfacet
  facet normal 0 0 1
    outer loop
      vertex -14.2308 -0.293683 25
      vertex -18 -15 25
      vertex -14.2068 -0.438952 25
    endloop
  endfacet
  facet normal 0 0 1
    outer loop
      vertex 0 -3.275 25
      vertex -18 -15 25
      vertex 18 -15 25
    endloop
  endfacet
  facet normal 0 0 1
    outer loop
      vertex -12.9951 -2.01796 25
      vertex -18 -15 25
      vertex -12.861 -2.07873 25
    endloop
  endfacet
  facet normal 0 0 1
    outer loop
      vertex -13.125 -1.94856 25
      vertex -18 -15 25
      vertex -12.9951 -2.01796 25
    endloop
  endfacet
  facet normal 0 0 1
    outer loop
      vertex -13.25 -1.87081 25
      vertex -18 -15 25
      vertex -13.125 -1.94856 25
    endloop
  endfacet
  facet normal 0 0 1
    outer loop
      vertex -13.3697 -1.78504 25
      vertex -18 -15 25
      vertex -13.25 -1.87081 25
    endloop
  endfacet
  facet normal 0 0 1
    outer loop
      vertex -13.4835 -1.69164 25
      vertex -18 -15 25
      vertex -13.3697 -1.78504 25
    endloop
  endfacet
  facet normal 0 0 1
    outer loop
      vertex -13.591 -1.59099 25
      vertex -18 -15 25
      vertex -13.4835 -1.69164 25
    endloop
  endfacet
  facet normal 0 0 1
    outer loop
      vertex -13.6916 -1.48353 25
      vertex -18 -15 25
      vertex -13.591 -1.59099 25
    endloop
  endfacet
  facet normal 0 0 1
    outer loop
      vertex -13.785 -1.36971 25
      vertex -18 -15 25
      vertex -13.6916 -1.48353 25
    endloop
  endfacet
  facet normal 0 0 1
    outer loop
      vertex -13.8708 -1.25003 25
      vertex -18 -15 25
      vertex -13.785 -1.36971 25
    endloop
  endfacet
  facet normal 0 0 1
    outer loop
      vertex -13.9486 -1.125 25
      vertex -18 -15 25
      vertex -13.8708 -1.25003 25
    endloop
  endfacet
  facet normal 0 0 1
    outer loop
      vertex -14.018 -0.995149 25
      vertex -18 -15 25
      vertex -13.9486 -1.125 25
    endloop
  endfacet
  facet normal 0 0 1
    outer loop
      vertex -14.0787 -0.861037 25
      vertex -18 -15 25
      vertex -14.018 -0.995149 25
    endloop
  endfacet
  facet normal 0 0 1
    outer loop
      vertex -14.1306 -0.723238 25
      vertex -18 -15 25
      vertex -14.0787 -0.861037 25
    endloop
  endfacet
  facet normal 0 0 1
    outer loop
      vertex -14.1733 -0.582342 25
      vertex -18 -15 25
      vertex -14.1306 -0.723238 25
    endloop
  endfacet
  facet normal 0 0 1
    outer loop
      vertex -14.2068 -0.438952 25
      vertex -18 -15 25
      vertex -14.1733 -0.582342 25
    endloop
  endfacet
  facet normal 0 0 -1
    outer loop
      vertex 18 -15 0
      vertex 15.9375 0 0
      vertex 18 15 0
    endloop
  endfacet
  facet normal 0 0 -1
    outer loop
      vertex 18 -15 0
      vertex 15.9303 -0.220735 0
      vertex 15.9375 0 0
    endloop
  endfacet
  facet normal 0 0 -1
    outer loop
      vertex 18 -15 0
      vertex 15.9291 -0.257524 0
      vertex 15.9303 -0.220735 0
    endloop
  endfacet
  facet normal 0 0 -1
    outer loop
      vertex 18 -15 0
      vertex 15.9074 -0.477314 0
      vertex 15.9291 -0.257524 0
    endloop
  endfacet
  facet normal 0 0 -1
    outer loop
      vertex 18 -15 0
      vertex 15.9038 -0.513946 0
      vertex 15.9074 -0.477314 0
    endloop
  endfacet
  facet normal 0 0 -1
    outer loop
      vertex 18 -15 0
      vertex 15.8618 -0.768167 0
      vertex 15.9038 -0.513946 0
    endloop
  endfacet
  facet normal 0 0 -1
    outer loop
      vertex 18 -15 0
      vertex 15.8033 -1.0191 0
      vertex 15.8618 -0.768167 0
    endloop
  endfacet
  facet normal 0 0 -1
    outer loop
      vertex 18 -15 0
      vertex 15.7926 -1.05432 0
      vertex 15.8033 -1.0191 0
    endloop
  endfacet
  facet normal 0 0 -1
    outer loop
      vertex 18 -15 0
      vertex 15.7285 -1.26567 0
      vertex 15.7926 -1.05432 0
    endloop
  endfacet
  facet normal 0 0 -1
    outer loop
      vertex 18 -15 0
      vertex 15.7156 -1.30012 0
      vertex 15.7285 -1.26567 0
    endloop
  endfacet
  facet normal 0 0 -1
    outer loop
      vertex 18 -15 0
      vertex 15.6378 -1.50682 0
      vertex 15.7156 -1.30012 0
    endloop
  endfacet
  facet normal 0 0 -1
    outer loop
      vertex 18 -15 0
      vertex 15.5466 -1.70798 0
      vertex 15.6378 -1.50682 0
    endloop
  endfacet
  facet normal 0 0 -1
    outer loop
      vertex 18 -15 0
      vertex 15.5314 -1.74151 0
      vertex 15.5466 -1.70798 0
    endloop
  endfacet
  facet normal 0 0 -1
    outer loop
      vertex 18 -15 0
      vertex 15.5141 -1.77397 0
      vertex 15.5314 -1.74151 0
    endloop
  endfacet
  facet normal 0 0 -1
    outer loop
      vertex 18 -15 0
      vertex 15.41 -1.96875 0
      vertex 15.5141 -1.77397 0
    endloop
  endfacet
  facet normal 0 0 -1
    outer loop
      vertex 18 -15 0
      vertex 15.2933 -2.1563 0
      vertex 15.41 -1.96875 0
    endloop
  endfacet
  facet normal 0 0 -1
    outer loop
      vertex 18 -15 0
      vertex 15.2739 -2.18756 0
      vertex 15.2933 -2.1563 0
    endloop
  endfacet
  facet normal 0 0 -1
    outer loop
      vertex 18 -15 0
      vertex 15.2525 -2.21748 0
      vertex 15.2739 -2.18756 0
    endloop
  endfacet
  facet normal 0 0 -1
    outer loop
      vertex 18 -15 0
      vertex 15.1238 -2.397 0
      vertex 15.2525 -2.21748 0
    endloop
  endfacet
  facet normal 0 0 -1
    outer loop
      vertex 18 -15 0
      vertex 14.9837 -2.56772 0
      vertex 15.1238 -2.397 0
    endloop
  endfacet
  facet normal 0 0 -1
    outer loop
      vertex 18 -15 0
      vertex 14.9604 -2.59617 0
      vertex 14.9837 -2.56772 0
    endloop
  endfacet
  facet normal 0 0 -1
    outer loop
      vertex 18 -15 0
      vertex 14.9352 -2.62304 0
      vertex 14.9604 -2.59617 0
    endloop
  endfacet
  facet normal 0 0 -1
    outer loop
      vertex 18 -15 0
      vertex 14.7842 -2.78423 0
      vertex 14.9352 -2.62304 0
    endloop
  endfacet
  facet normal 0 0 -1
    outer loop
      vertex 18 -15 0
      vertex 14.623 -2.93521 0
      vertex 14.7842 -2.78423 0
    endloop
  endfacet
  facet normal 0 0 -1
    outer loop
      vertex 18 -15 0
      vertex 14.5962 -2.96037 0
      vertex 14.623 -2.93521 0
    endloop
  endfacet
  facet normal 0 0 -1
    outer loop
      vertex 18 -15 0
      vertex 14.5677 -2.98372 0
      vertex 14.5962 -2.96037 0
    endloop
  endfacet
  facet normal 0 0 -1
    outer loop
      vertex 18 -15 0
      vertex 14.397 -3.12383 0
      vertex 14.5677 -2.98372 0
    endloop
  endfacet
  facet normal 0 0 -1
    outer loop
      vertex 18 -15 0
      vertex 14.2175 -3.25247 0
      vertex 14.397 -3.12383 0
    endloop
  endfacet
  facet normal 0 0 -1
    outer loop
      vertex 18 -15 0
      vertex 14.1876 -3.27391 0
      vertex 14.2175 -3.25247 0
    endloop
  endfacet
  facet normal 0 0 -1
    outer loop
      vertex 18 -15 0
      vertex 14.1563 -3.29335 0
      vertex 14.1876 -3.27391 0
    endloop
  endfacet
  facet normal 0 0 -1
    outer loop
      vertex 18 -15 0
      vertex 13.9688 -3.40997 0
      vertex 14.1563 -3.29335 0
    endloop
  endfacet
  facet normal 0 0 -1
    outer loop
      vertex 18 -15 0
      vertex 13.774 -3.51408 0
      vertex 13.9688 -3.40997 0
    endloop
  endfacet
  facet normal 0 0 -1
    outer loop
      vertex 18 -15 0
      vertex 13.7415 -3.53144 0
      vertex 13.774 -3.51408 0
    endloop
  endfacet
  facet normal 0 0 -1
    outer loop
      vertex 18 -15 0
      vertex 13.708 -3.54663 0
      vertex 13.7415 -3.53144 0
    endloop
  endfacet
  facet normal 0 0 -1
    outer loop
      vertex 18 -15 0
      vertex 13.5068 -3.63778 0
      vertex 13.708 -3.54663 0
    endloop
  endfacet
  facet normal 0 0 -1
    outer loop
      vertex 18 -15 0
      vertex 13.3001 -3.71557 0
      vertex 13.5068 -3.63778 0
    endloop
  endfacet
  facet normal 0 0 -1
    outer loop
      vertex 18 -15 0
      vertex 13.2657 -3.72854 0
      vertex 13.3001 -3.71557 0
    endloop
  endfacet
  facet normal 0 0 -1
    outer loop
      vertex 18 -15 0
      vertex 13.0543 -3.79265 0
      vertex 13.2657 -3.72854 0
    endloop
  endfacet
  facet normal 0 0 -1
    outer loop
      vertex 18 -15 0
      vertex 13.0191 -3.80333 0
      vertex 13.0543 -3.79265 0
    endloop
  endfacet
  facet normal 0 0 -1
    outer loop
      vertex 18 -15 0
      vertex 12.7682 -3.86184 0
      vertex 13.0191 -3.80333 0
    endloop
  endfacet
  facet normal 0 0 -1
    outer loop
      vertex 18 -15 0
      vertex 12.5139 -3.90381 0
      vertex 12.7682 -3.86184 0
    endloop
  endfacet
  facet normal 0 0 -1
    outer loop
      vertex 18 -15 0
      vertex 12.4773 -3.90742 0
      vertex 12.5139 -3.90381 0
    endloop
  endfacet
  facet normal 0 0 -1
    outer loop
      vertex 18 -15 0
      vertex 12.2575 -3.92907 0
      vertex 12.4773 -3.90742 0
    endloop
  endfacet
  facet normal 0 0 -1
    outer loop
      vertex 18 -15 0
      vertex 12.2207 -3.93027 0
      vertex 12.2575 -3.92907 0
    endloop
  endfacet
  facet normal 0 0 -1
    outer loop
      vertex 18 -15 0
      vertex 12 -3.9375 0
      vertex 12.2207 -3.93027 0
    endloop
  endfacet
  facet normal 0 0 -1
    outer loop
      vertex 18 -15 0
      vertex 11.7793 -3.93027 0
      vertex 12 -3.9375 0
    endloop
  endfacet
  facet normal 0 0 -1
    outer loop
      vertex 18 -15 0
      vertex 11.7425 -3.92907 0
      vertex 11.7793 -3.93027 0
    endloop
  endfacet
  facet normal 0 0 -1
    outer loop
      vertex 18 -15 0
      vertex 11.5227 -3.90742 0
      vertex 11.7425 -3.92907 0
    endloop
  endfacet
  facet normal 0 0 -1
    outer loop
      vertex 18 -15 0
      vertex 11.4861 -3.90381 0
      vertex 11.5227 -3.90742 0
    endloop
  endfacet
  facet normal 0 0 -1
    outer loop
      vertex 18 -15 0
      vertex 11.2318 -3.86184 0
      vertex 11.4861 -3.90381 0
    endloop
  endfacet
  facet normal 0 0 -1
    outer loop
      vertex 18 -15 0
      vertex 10.9809 -3.80333 0
      vertex 11.2318 -3.86184 0
    endloop
  endfacet
  facet normal 0 0 -1
    outer loop
      vertex 18 -15 0
      vertex 10.9457 -3.79265 0
      vertex 10.9809 -3.80333 0
    endloop
  endfacet
  facet normal 0 0 -1
    outer loop
      vertex 18 -15 0
      vertex 10.7343 -3.72854 0
      vertex 10.9457 -3.79265 0
    endloop
  endfacet
  facet normal 0 0 -1
    outer loop
      vertex 18 -15 0
      vertex 10.6999 -3.71557 0
      vertex 10.7343 -3.72854 0
    endloop
  endfacet
  facet normal 0 0 -1
    outer loop
      vertex 18 -15 0
      vertex 10.4932 -3.63778 0
      vertex 10.6999 -3.71557 0
    endloop
  endfacet
  facet normal 0 0 -1
    outer loop
      vertex 18 -15 0
      vertex 10.292 -3.54663 0
      vertex 10.4932 -3.63778 0
    endloop
  endfacet
  facet normal 0 0 -1
    outer loop
      vertex 1.05271 -3.1012 0
      vertex 10.292 -3.54663 0
      vertex 18 -15 0
    endloop
  endfacet
  facet normal 0 0 -1
    outer loop
      vertex 10.292 -3.54663 0
      vertex 1.05271 -3.1012 0
      vertex 10.2585 -3.53144 0
    endloop
  endfacet
  facet normal 0 -0 -1
    outer loop
      vertex 1.25329 -3.02571 0
      vertex 10.2585 -3.53144 0
      vertex 1.05271 -3.1012 0
    endloop
  endfacet
  facet normal 0 0 -1
    outer loop
      vertex 10.2585 -3.53144 0
      vertex 1.25329 -3.02571 0
      vertex 10.226 -3.51408 0
    endloop
  endfacet
  facet normal 0 0 -1
    outer loop
      vertex 10.226 -3.51408 0
      vertex 1.25329 -3.02571 0
      vertex 10.0312 -3.40997 0
    endloop
  endfacet
  facet normal 0 -0 -1
    outer loop
      vertex 1.44849 -2.93726 0
      vertex 10.0312 -3.40997 0
      vertex 1.25329 -3.02571 0
    endloop
  endfacet
  facet normal 0 0 -1
    outer loop
      vertex 10.0312 -3.40997 0
      vertex 1.44849 -2.93726 0
      vertex 9.8437 -3.29335 0
    endloop
  endfacet
  facet normal 0 0 -1
    outer loop
      vertex 9.8437 -3.29335 0
      vertex 1.44849 -2.93726 0
      vertex 9.81244 -3.27391 0
    endloop
  endfacet
  facet normal 0 -0 -1
    outer loop
      vertex 1.6375 -2.83623 0
      vertex 9.81244 -3.27391 0
      vertex 1.44849 -2.93726 0
    endloop
  endfacet
  facet normal 0 0 -1
    outer loop
      vertex 9.81244 -3.27391 0
      vertex 1.6375 -2.83623 0
      vertex 9.78252 -3.25247 0
    endloop
  endfacet
  facet normal 0 0 -1
    outer loop
      vertex 9.78252 -3.25247 0
      vertex 1.6375 -2.83623 0
      vertex 9.603 -3.12383 0
    endloop
  endfacet
  facet normal 0 0 -1
    outer loop
      vertex 9.603 -3.12383 0
      vertex 1.81949 -2.72306 0
      vertex 9.43228 -2.98372 0
    endloop
  endfacet
  facet normal 0 0 -1
    outer loop
      vertex 9.43228 -2.98372 0
      vertex 1.81949 -2.72306 0
      vertex 9.40383 -2.96037 0
    endloop
  endfacet
  facet normal 0 -0 -1
    outer loop
      vertex 1.99369 -2.59823 0
      vertex 9.40383 -2.96037 0
      vertex 1.81949 -2.72306 0
    endloop
  endfacet
  facet normal 0 0 -1
    outer loop
      vertex 9.40383 -2.96037 0
      vertex 1.99369 -2.59823 0
      vertex 9.37696 -2.93521 0
    endloop
  endfacet
  facet normal 0 0 -1
    outer loop
      vertex 2.59823 -1.99369 0
      vertex 8.74753 -2.21748 0
      vertex 8.87617 -2.397 0
    endloop
  endfacet
  facet normal 0 0 -1
    outer loop
      vertex 2.83623 -1.6375 0
      vertex 8.48592 -1.77397 0
      vertex 8.59002 -1.96875 0
    endloop
  endfacet
  facet normal 0 0 -1
    outer loop
      vertex 2.93726 -1.44849 0
      vertex 8.45337 -1.70798 0
      vertex 8.46856 -1.74151 0
    endloop
  endfacet
  facet normal 0 0 -1
    outer loop
      vertex 3.02571 -1.25329 0
      vertex 8.28443 -1.30012 0
      vertex 8.36222 -1.50682 0
    endloop
  endfacet
  facet normal 0 0 -1
    outer loop
      vertex 3.24698 -0.427473 0
      vertex 8.09258 -0.477314 0
      vertex 8.09619 -0.513946 0
    endloop
  endfacet
  facet normal 0 0 -1
    outer loop
      vertex 8.06973 -0.220735 0
      vertex 3.275 0 0
      vertex 8.0625 0 0
    endloop
  endfacet
  facet normal 0 0 -1
    outer loop
      vertex 3.26799 -0.214194 0
      vertex 8.06973 -0.220735 0
      vertex 8.07093 -0.257524 0
    endloop
  endfacet
  facet normal 0 0 -1
    outer loop
      vertex 8.09258 -0.477314 0
      vertex 3.24698 -0.427473 0
      vertex 8.07093 -0.257524 0
    endloop
  endfacet
  facet normal 0 0 -1
    outer loop
      vertex 3.21207 -0.638921 0
      vertex 8.09619 -0.513946 0
      vertex 8.13816 -0.768167 0
    endloop
  endfacet
  facet normal 0 0 -1
    outer loop
      vertex 3.16341 -0.847631 0
      vertex 8.13816 -0.768167 0
      vertex 8.19667 -1.0191 0
    endloop
  endfacet
  facet normal 0 0 -1
    outer loop
      vertex 3.1012 -1.05271 0
      vertex 8.19667 -1.0191 0
      vertex 8.20735 -1.05432 0
    endloop
  endfacet
  facet normal 0 0 -1
    outer loop
      vertex 3.1012 -1.05271 0
      vertex 8.20735 -1.05432 0
      vertex 8.27146 -1.26567 0
    endloop
  endfacet
  facet normal 0 0 -1
    outer loop
      vertex 8.28443 -1.30012 0
      vertex 3.02571 -1.25329 0
      vertex 8.27146 -1.26567 0
    endloop
  endfacet
  facet normal 0 0 -1
    outer loop
      vertex 8.45337 -1.70798 0
      vertex 2.93726 -1.44849 0
      vertex 8.36222 -1.50682 0
    endloop
  endfacet
  facet normal 0 0 -1
    outer loop
      vertex 8.48592 -1.77397 0
      vertex 2.83623 -1.6375 0
      vertex 8.46856 -1.74151 0
    endloop
  endfacet
  facet normal 0 0 -1
    outer loop
      vertex 2.72306 -1.81949 0
      vertex 8.59002 -1.96875 0
      vertex 8.70665 -2.1563 0
    endloop
  endfacet
  facet normal 0 0 -1
    outer loop
      vertex 2.59823 -1.99369 0
      vertex 8.70665 -2.1563 0
      vertex 8.72609 -2.18756 0
    endloop
  endfacet
  facet normal 0 0 -1
    outer loop
      vertex 8.74753 -2.21748 0
      vertex 2.59823 -1.99369 0
      vertex 8.72609 -2.18756 0
    endloop
  endfacet
  facet normal 0 0 -1
    outer loop
      vertex 9.37696 -2.93521 0
      vertex 1.99369 -2.59823 0
      vertex 9.21577 -2.78423 0
    endloop
  endfacet
  facet normal 0 0 -1
    outer loop
      vertex 8.06973 -0.220735 0
      vertex 3.26799 -0.214194 0
      vertex 3.275 0 0
    endloop
  endfacet
  facet normal -0 0 -1
    outer loop
      vertex 8.07093 -0.257524 0
      vertex 3.24698 -0.427473 0
      vertex 3.26799 -0.214194 0
    endloop
  endfacet
  facet normal -0 0 -1
    outer loop
      vertex 8.09619 -0.513946 0
      vertex 3.21207 -0.638921 0
      vertex 3.24698 -0.427473 0
    endloop
  endfacet
  facet normal -0 0 -1
    outer loop
      vertex 8.13816 -0.768167 0
      vertex 3.16341 -0.847631 0
      vertex 3.21207 -0.638921 0
    endloop
  endfacet
  facet normal -0 0 -1
    outer loop
      vertex 8.19667 -1.0191 0
      vertex 3.1012 -1.05271 0
      vertex 3.16341 -0.847631 0
    endloop
  endfacet
  facet normal 0 0 -1
    outer loop
      vertex 8.27146 -1.26567 0
      vertex 3.02571 -1.25329 0
      vertex 3.1012 -1.05271 0
    endloop
  endfacet
  facet normal 0 0 -1
    outer loop
      vertex 8.36222 -1.50682 0
      vertex 2.93726 -1.44849 0
      vertex 3.02571 -1.25329 0
    endloop
  endfacet
  facet normal 0 0 -1
    outer loop
      vertex 8.46856 -1.74151 0
      vertex 2.83623 -1.6375 0
      vertex 2.93726 -1.44849 0
    endloop
  endfacet
  facet normal 0 0 -1
    outer loop
      vertex 8.59002 -1.96875 0
      vertex 2.72306 -1.81949 0
      vertex 2.83623 -1.6375 0
    endloop
  endfacet
  facet normal 0 0 -1
    outer loop
      vertex 8.70665 -2.1563 0
      vertex 2.59823 -1.99369 0
      vertex 2.72306 -1.81949 0
    endloop
  endfacet
  facet normal 0 0 -1
    outer loop
      vertex 8.87617 -2.397 0
      vertex 2.46227 -2.15936 0
      vertex 2.59823 -1.99369 0
    endloop
  endfacet
  facet normal 0 0 -1
    outer loop
      vertex 8.87617 -2.397 0
      vertex 2.31577 -2.31577 0
      vertex 2.46227 -2.15936 0
    endloop
  endfacet
  facet normal 0 0 -1
    outer loop
      vertex 9.01628 -2.56772 0
      vertex 2.31577 -2.31577 0
      vertex 8.87617 -2.397 0
    endloop
  endfacet
  facet normal 0 0 -1
    outer loop
      vertex 9.03963 -2.59617 0
      vertex 2.31577 -2.31577 0
      vertex 9.01628 -2.56772 0
    endloop
  endfacet
  facet normal 0 -0 -1
    outer loop
      vertex 2.31577 -2.31577 0
      vertex 9.03963 -2.59617 0
      vertex 2.15936 -2.46227 0
    endloop
  endfacet
  facet normal 0 0 -1
    outer loop
      vertex 9.06479 -2.62304 0
      vertex 2.15936 -2.46227 0
      vertex 9.03963 -2.59617 0
    endloop
  endfacet
  facet normal 0 0 -1
    outer loop
      vertex 9.21577 -2.78423 0
      vertex 2.15936 -2.46227 0
      vertex 9.06479 -2.62304 0
    endloop
  endfacet
  facet normal 0 -0 -1
    outer loop
      vertex 2.15936 -2.46227 0
      vertex 9.21577 -2.78423 0
      vertex 1.99369 -2.59823 0
    endloop
  endfacet
  facet normal 0 -0 -1
    outer loop
      vertex 1.81949 -2.72306 0
      vertex 9.603 -3.12383 0
      vertex 1.6375 -2.83623 0
    endloop
  endfacet
  facet normal 0 0 -1
    outer loop
      vertex 18 -15 0
      vertex 0.847631 -3.16341 0
      vertex 1.05271 -3.1012 0
    endloop
  endfacet
  facet normal 0 0 -1
    outer loop
      vertex 18 -15 0
      vertex 0.638921 -3.21207 0
      vertex 0.847631 -3.16341 0
    endloop
  endfacet
  facet normal 0 0 -1
    outer loop
      vertex 18 -15 0
      vertex 0.427473 -3.24698 0
      vertex 0.638921 -3.21207 0
    endloop
  endfacet
  facet normal 0 0 -1
    outer loop
      vertex 18 -15 0
      vertex 0.214194 -3.26799 0
      vertex 0.427473 -3.24698 0
    endloop
  endfacet
  facet normal 0 0 -1
    outer loop
      vertex 18 -15 0
      vertex 0 -3.275 0
      vertex 0.214194 -3.26799 0
    endloop
  endfacet
  facet normal 0 0 -1
    outer loop
      vertex -18 -15 0
      vertex 0 -3.275 0
      vertex 18 -15 0
    endloop
  endfacet
  facet normal -0 0 -1
    outer loop
      vertex 0 -3.275 0
      vertex -18 -15 0
      vertex -0.214194 -3.26799 0
    endloop
  endfacet
  facet normal -0 0 -1
    outer loop
      vertex -0.214194 -3.26799 0
      vertex -18 -15 0
      vertex -0.427473 -3.24698 0
    endloop
  endfacet
  facet normal -0 0 -1
    outer loop
      vertex -0.427473 -3.24698 0
      vertex -18 -15 0
      vertex -0.638921 -3.21207 0
    endloop
  endfacet
  facet normal -0 0 -1
    outer loop
      vertex -0.638921 -3.21207 0
      vertex -18 -15 0
      vertex -0.847631 -3.16341 0
    endloop
  endfacet
  facet normal -0 0 -1
    outer loop
      vertex -0.847631 -3.16341 0
      vertex -18 -15 0
      vertex -1.05271 -3.1012 0
    endloop
  endfacet
  facet normal 0 -0 -1
    outer loop
      vertex -10.292 -3.54663 0
      vertex -1.05271 -3.1012 0
      vertex -18 -15 0
    endloop
  endfacet
  facet normal 0 -0 -1
    outer loop
      vertex -10.2585 -3.53144 0
      vertex -1.05271 -3.1012 0
      vertex -10.292 -3.54663 0
    endloop
  endfacet
  facet normal 0 0 -1
    outer loop
      vertex -3.26799 -0.214194 0
      vertex -8.0625 0 0
      vertex -3.275 0 0
    endloop
  endfacet
  facet normal 0 0 -1
    outer loop
      vertex -8.07093 -0.257524 0
      vertex -3.26799 -0.214194 0
      vertex -3.24698 -0.427473 0
    endloop
  endfacet
  facet normal 0 0 -1
    outer loop
      vertex -8.09619 -0.513946 0
      vertex -3.24698 -0.427473 0
      vertex -3.21207 -0.638921 0
    endloop
  endfacet
  facet normal 0 0 -1
    outer loop
      vertex -8.13816 -0.768167 0
      vertex -3.21207 -0.638921 0
      vertex -3.16341 -0.847631 0
    endloop
  endfacet
  facet normal 0 0 -1
    outer loop
      vertex -8.19667 -1.0191 0
      vertex -3.16341 -0.847631 0
      vertex -3.1012 -1.05271 0
    endloop
  endfacet
  facet normal 0 0 -1
    outer loop
      vertex -8.27146 -1.26567 0
      vertex -3.1012 -1.05271 0
      vertex -3.02571 -1.25329 0
    endloop
  endfacet
  facet normal 0 0 -1
    outer loop
      vertex -8.36222 -1.50682 0
      vertex -3.02571 -1.25329 0
      vertex -2.93726 -1.44849 0
    endloop
  endfacet
  facet normal 0 0 -1
    outer loop
      vertex -8.45337 -1.70798 0
      vertex -2.93726 -1.44849 0
      vertex -2.83623 -1.6375 0
    endloop
  endfacet
  facet normal 0 0 -1
    outer loop
      vertex -8.59002 -1.96875 0
      vertex -2.83623 -1.6375 0
      vertex -2.72306 -1.81949 0
    endloop
  endfacet
  facet normal 0 0 -1
    outer loop
      vertex -8.70665 -2.1563 0
      vertex -2.72306 -1.81949 0
      vertex -2.59823 -1.99369 0
    endloop
  endfacet
  facet normal 0 0 -1
    outer loop
      vertex -8.74753 -2.21748 0
      vertex -2.59823 -1.99369 0
      vertex -2.46227 -2.15936 0
    endloop
  endfacet
  facet normal 0 0 -1
    outer loop
      vertex -8.87617 -2.397 0
      vertex -2.46227 -2.15936 0
      vertex -2.31577 -2.31577 0
    endloop
  endfacet
  facet normal 0 0 -1
    outer loop
      vertex -9.03963 -2.59617 0
      vertex -2.31577 -2.31577 0
      vertex -2.15936 -2.46227 0
    endloop
  endfacet
  facet normal 0 0 -1
    outer loop
      vertex -9.21577 -2.78423 0
      vertex -2.15936 -2.46227 0
      vertex -1.99369 -2.59823 0
    endloop
  endfacet
  facet normal 0 0 -1
    outer loop
      vertex -9.40383 -2.96037 0
      vertex -1.99369 -2.59823 0
      vertex -1.81949 -2.72306 0
    endloop
  endfacet
  facet normal 0 0 -1
    outer loop
      vertex -9.603 -3.12383 0
      vertex -1.81949 -2.72306 0
      vertex -1.6375 -2.83623 0
    endloop
  endfacet
  facet normal 0 -0 -1
    outer loop
      vertex -10.226 -3.51408 0
      vertex -1.25329 -3.02571 0
      vertex -10.2585 -3.53144 0
    endloop
  endfacet
  facet normal -0 0 -1
    outer loop
      vertex -3.26799 -0.214194 0
      vertex -8.06973 -0.220735 0
      vertex -8.0625 0 0
    endloop
  endfacet
  facet normal 0 0 -1
    outer loop
      vertex -3.26799 -0.214194 0
      vertex -8.07093 -0.257524 0
      vertex -8.06973 -0.220735 0
    endloop
  endfacet
  facet normal -0 0 -1
    outer loop
      vertex -3.24698 -0.427473 0
      vertex -8.09258 -0.477314 0
      vertex -8.07093 -0.257524 0
    endloop
  endfacet
  facet normal 0 0 -1
    outer loop
      vertex -3.24698 -0.427473 0
      vertex -8.09619 -0.513946 0
      vertex -8.09258 -0.477314 0
    endloop
  endfacet
  facet normal -0 0 -1
    outer loop
      vertex -3.21207 -0.638921 0
      vertex -8.13816 -0.768167 0
      vertex -8.09619 -0.513946 0
    endloop
  endfacet
  facet normal -0 0 -1
    outer loop
      vertex -3.16341 -0.847631 0
      vertex -8.19667 -1.0191 0
      vertex -8.13816 -0.768167 0
    endloop
  endfacet
  facet normal -0 0 -1
    outer loop
      vertex -3.1012 -1.05271 0
      vertex -8.20735 -1.05432 0
      vertex -8.19667 -1.0191 0
    endloop
  endfacet
  facet normal 0 0 -1
    outer loop
      vertex -3.1012 -1.05271 0
      vertex -8.27146 -1.26567 0
      vertex -8.20735 -1.05432 0
    endloop
  endfacet
  facet normal 0 0 -1
    outer loop
      vertex -3.02571 -1.25329 0
      vertex -8.28443 -1.30012 0
      vertex -8.27146 -1.26567 0
    endloop
  endfacet
  facet normal 0 0 -1
    outer loop
      vertex -3.02571 -1.25329 0
      vertex -8.36222 -1.50682 0
      vertex -8.28443 -1.30012 0
    endloop
  endfacet
  facet normal 0 0 -1
    outer loop
      vertex -2.93726 -1.44849 0
      vertex -8.45337 -1.70798 0
      vertex -8.36222 -1.50682 0
    endloop
  endfacet
  facet normal 0 0 -1
    outer loop
      vertex -2.83623 -1.6375 0
      vertex -8.46856 -1.74151 0
      vertex -8.45337 -1.70798 0
    endloop
  endfacet
  facet normal 0 0 -1
    outer loop
      vertex -2.83623 -1.6375 0
      vertex -8.48592 -1.77397 0
      vertex -8.46856 -1.74151 0
    endloop
  endfacet
  facet normal 0 0 -1
    outer loop
      vertex -2.83623 -1.6375 0
      vertex -8.59002 -1.96875 0
      vertex -8.48592 -1.77397 0
    endloop
  endfacet
  facet normal 0 0 -1
    outer loop
      vertex -2.72306 -1.81949 0
      vertex -8.70665 -2.1563 0
      vertex -8.59002 -1.96875 0
    endloop
  endfacet
  facet normal 0 0 -1
    outer loop
      vertex -2.59823 -1.99369 0
      vertex -8.72609 -2.18756 0
      vertex -8.70665 -2.1563 0
    endloop
  endfacet
  facet normal 0 0 -1
    outer loop
      vertex -2.59823 -1.99369 0
      vertex -8.74753 -2.21748 0
      vertex -8.72609 -2.18756 0
    endloop
  endfacet
  facet normal 0 0 -1
    outer loop
      vertex -2.46227 -2.15936 0
      vertex -8.87617 -2.397 0
      vertex -8.74753 -2.21748 0
    endloop
  endfacet
  facet normal 0 0 -1
    outer loop
      vertex -2.31577 -2.31577 0
      vertex -9.01628 -2.56772 0
      vertex -8.87617 -2.397 0
    endloop
  endfacet
  facet normal 0 0 -1
    outer loop
      vertex -2.31577 -2.31577 0
      vertex -9.03963 -2.59617 0
      vertex -9.01628 -2.56772 0
    endloop
  endfacet
  facet normal 0 0 -1
    outer loop
      vertex -2.15936 -2.46227 0
      vertex -9.06479 -2.62304 0
      vertex -9.03963 -2.59617 0
    endloop
  endfacet
  facet normal 0 0 -1
    outer loop
      vertex -2.15936 -2.46227 0
      vertex -9.21577 -2.78423 0
      vertex -9.06479 -2.62304 0
    endloop
  endfacet
  facet normal 0 0 -1
    outer loop
      vertex -1.99369 -2.59823 0
      vertex -9.37696 -2.93521 0
      vertex -9.21577 -2.78423 0
    endloop
  endfacet
  facet normal 0 0 -1
    outer loop
      vertex -1.99369 -2.59823 0
      vertex -9.40383 -2.96037 0
      vertex -9.37696 -2.93521 0
    endloop
  endfacet
  facet normal 0 0 -1
    outer loop
      vertex -1.81949 -2.72306 0
      vertex -9.43228 -2.98372 0
      vertex -9.40383 -2.96037 0
    endloop
  endfacet
  facet normal 0 0 -1
    outer loop
      vertex -1.81949 -2.72306 0
      vertex -9.603 -3.12383 0
      vertex -9.43228 -2.98372 0
    endloop
  endfacet
  facet normal 0 0 -1
    outer loop
      vertex -1.6375 -2.83623 0
      vertex -9.78252 -3.25247 0
      vertex -9.603 -3.12383 0
    endloop
  endfacet
  facet normal 0 0 -1
    outer loop
      vertex -1.6375 -2.83623 0
      vertex -9.81244 -3.27391 0
      vertex -9.78252 -3.25247 0
    endloop
  endfacet
  facet normal -0 0 -1
    outer loop
      vertex -1.44849 -2.93726 0
      vertex -9.81244 -3.27391 0
      vertex -1.6375 -2.83623 0
    endloop
  endfacet
  facet normal 0 -0 -1
    outer loop
      vertex -10.0312 -3.40997 0
      vertex -1.25329 -3.02571 0
      vertex -10.226 -3.51408 0
    endloop
  endfacet
  facet normal 0 -0 -1
    outer loop
      vertex -9.81244 -3.27391 0
      vertex -1.44849 -2.93726 0
      vertex -9.8437 -3.29335 0
    endloop
  endfacet
  facet normal 0 -0 -1
    outer loop
      vertex -9.8437 -3.29335 0
      vertex -1.44849 -2.93726 0
      vertex -10.0312 -3.40997 0
    endloop
  endfacet
  facet normal -0 0 -1
    outer loop
      vertex -1.25329 -3.02571 0
      vertex -10.0312 -3.40997 0
      vertex -1.44849 -2.93726 0
    endloop
  endfacet
  facet normal -0 0 -1
    outer loop
      vertex -1.05271 -3.1012 0
      vertex -10.2585 -3.53144 0
      vertex -1.25329 -3.02571 0
    endloop
  endfacet
  facet normal 0 0 -1
    outer loop
      vertex -10.292 -3.54663 0
      vertex -18 -15 0
      vertex -10.4932 -3.63778 0
    endloop
  endfacet
  facet normal 0 0 -1
    outer loop
      vertex -10.4932 -3.63778 0
      vertex -18 -15 0
      vertex -10.6999 -3.71557 0
    endloop
  endfacet
  facet normal 0 0 -1
    outer loop
      vertex -10.6999 -3.71557 0
      vertex -18 -15 0
      vertex -10.7343 -3.72854 0
    endloop
  endfacet
  facet normal 0 0 -1
    outer loop
      vertex -10.7343 -3.72854 0
      vertex -18 -15 0
      vertex -10.9457 -3.79265 0
    endloop
  endfacet
  facet normal 0 0 -1
    outer loop
      vertex -10.9457 -3.79265 0
      vertex -18 -15 0
      vertex -10.9809 -3.80333 0
    endloop
  endfacet
  facet normal 0 0 -1
    outer loop
      vertex -10.9809 -3.80333 0
      vertex -18 -15 0
      vertex -11.2318 -3.86184 0
    endloop
  endfacet
  facet normal 0 0 -1
    outer loop
      vertex -11.2318 -3.86184 0
      vertex -18 -15 0
      vertex -11.4861 -3.90381 0
    endloop
  endfacet
  facet normal 0 0 -1
    outer loop
      vertex -11.4861 -3.90381 0
      vertex -18 -15 0
      vertex -11.5227 -3.90742 0
    endloop
  endfacet
  facet normal 0 0 -1
    outer loop
      vertex -11.5227 -3.90742 0
      vertex -18 -15 0
      vertex -11.7425 -3.92907 0
    endloop
  endfacet
  facet normal 0 0 -1
    outer loop
      vertex -11.7425 -3.92907 0
      vertex -18 -15 0
      vertex -11.7793 -3.93027 0
    endloop
  endfacet
  facet normal 0 0 -1
    outer loop
      vertex -11.7793 -3.93027 0
      vertex -18 -15 0
      vertex -12 -3.9375 0
    endloop
  endfacet
  facet normal -0 0 -1
    outer loop
      vertex -12 -3.9375 0
      vertex -18 -15 0
      vertex -12.2207 -3.93027 0
    endloop
  endfacet
  facet normal -0 0 -1
    outer loop
      vertex -12.2207 -3.93027 0
      vertex -18 -15 0
      vertex -12.2575 -3.92907 0
    endloop
  endfacet
  facet normal -0 0 -1
    outer loop
      vertex -12.2575 -3.92907 0
      vertex -18 -15 0
      vertex -12.4773 -3.90742 0
    endloop
  endfacet
  facet normal -0 0 -1
    outer loop
      vertex -12.4773 -3.90742 0
      vertex -18 -15 0
      vertex -12.5139 -3.90381 0
    endloop
  endfacet
  facet normal -0 0 -1
    outer loop
      vertex -12.5139 -3.90381 0
      vertex -18 -15 0
      vertex -12.7682 -3.86184 0
    endloop
  endfacet
  facet normal -0 0 -1
    outer loop
      vertex -12.7682 -3.86184 0
      vertex -18 -15 0
      vertex -13.0191 -3.80333 0
    endloop
  endfacet
  facet normal -0 0 -1
    outer loop
      vertex -13.0191 -3.80333 0
      vertex -18 -15 0
      vertex -13.0543 -3.79265 0
    endloop
  endfacet
  facet normal 0 0 -1
    outer loop
      vertex -18 -15 0
      vertex -14.5677 -2.98372 0
      vertex -14.397 -3.12383 0
    endloop
  endfacet
  facet normal 0 0 -1
    outer loop
      vertex -18 -15 0
      vertex -14.9352 -2.62304 0
      vertex -14.7842 -2.78423 0
    endloop
  endfacet
  facet normal 0 0 -1
    outer loop
      vertex -18 -15 0
      vertex -15.2525 -2.21748 0
      vertex -15.1238 -2.397 0
    endloop
  endfacet
  facet normal 0 0 -1
    outer loop
      vertex -18 -15 0
      vertex -15.5141 -1.77397 0
      vertex -15.41 -1.96875 0
    endloop
  endfacet
  facet normal 0 0 -1
    outer loop
      vertex -18 -15 0
      vertex -15.5466 -1.70798 0
      vertex -15.5314 -1.74151 0
    endloop
  endfacet
  facet normal 0 0 1
    outer loop
      vertex -15.6378 -1.50682 0
      vertex -15.7285 -1.26567 0
      vertex -15.7156 -1.30012 0
    endloop
  endfacet
  facet normal 0 0 -1
    outer loop
      vertex -15.9038 -0.513946 0
      vertex -15.9291 -0.257524 0
      vertex -15.9074 -0.477314 0
    endloop
  endfacet
  facet normal -0 0 -1
    outer loop
      vertex -15.9303 -0.220735 0
      vertex -18 -15 0
      vertex -15.9375 0 0
    endloop
  endfacet
  facet normal -0 0 -1
    outer loop
      vertex -15.9291 -0.257524 0
      vertex -18 -15 0
      vertex -15.9303 -0.220735 0
    endloop
  endfacet
  facet normal -0 0 -1
    outer loop
      vertex -15.9038 -0.513946 0
      vertex -18 -15 0
      vertex -15.9291 -0.257524 0
    endloop
  endfacet
  facet normal -0 0 -1
    outer loop
      vertex -15.8618 -0.768167 0
      vertex -18 -15 0
      vertex -15.9038 -0.513946 0
    endloop
  endfacet
  facet normal -0 0 -1
    outer loop
      vertex -15.8033 -1.0191 0
      vertex -18 -15 0
      vertex -15.8618 -0.768167 0
    endloop
  endfacet
  facet normal -0 0 -1
    outer loop
      vertex -15.7926 -1.05432 0
      vertex -18 -15 0
      vertex -15.8033 -1.0191 0
    endloop
  endfacet
  facet normal -0 0 -1
    outer loop
      vertex -15.7285 -1.26567 0
      vertex -18 -15 0
      vertex -15.7926 -1.05432 0
    endloop
  endfacet
  facet normal -0 0 -1
    outer loop
      vertex -15.6378 -1.50682 0
      vertex -18 -15 0
      vertex -15.7285 -1.26567 0
    endloop
  endfacet
  facet normal -0 0 -1
    outer loop
      vertex -15.5466 -1.70798 0
      vertex -18 -15 0
      vertex -15.6378 -1.50682 0
    endloop
  endfacet
  facet normal -0 0 -1
    outer loop
      vertex -15.5141 -1.77397 0
      vertex -18 -15 0
      vertex -15.5314 -1.74151 0
    endloop
  endfacet
  facet normal -0 0 -1
    outer loop
      vertex -15.2933 -2.1563 0
      vertex -18 -15 0
      vertex -15.41 -1.96875 0
    endloop
  endfacet
  facet normal -0 0 -1
    outer loop
      vertex -15.2739 -2.18756 0
      vertex -18 -15 0
      vertex -15.2933 -2.1563 0
    endloop
  endfacet
  facet normal -0 0 -1
    outer loop
      vertex -15.2525 -2.21748 0
      vertex -18 -15 0
      vertex -15.2739 -2.18756 0
    endloop
  endfacet
  facet normal -0 0 -1
    outer loop
      vertex -14.9837 -2.56772 0
      vertex -18 -15 0
      vertex -15.1238 -2.397 0
    endloop
  endfacet
  facet normal -0 0 -1
    outer loop
      vertex -14.9604 -2.59617 0
      vertex -18 -15 0
      vertex -14.9837 -2.56772 0
    endloop
  endfacet
  facet normal -0 0 -1
    outer loop
      vertex -14.9352 -2.62304 0
      vertex -18 -15 0
      vertex -14.9604 -2.59617 0
    endloop
  endfacet
  facet normal -0 0 -1
    outer loop
      vertex -14.623 -2.93521 0
      vertex -18 -15 0
      vertex -14.7842 -2.78423 0
    endloop
  endfacet
  facet normal -0 0 -1
    outer loop
      vertex -14.5962 -2.96037 0
      vertex -18 -15 0
      vertex -14.623 -2.93521 0
    endloop
  endfacet
  facet normal -0 0 -1
    outer loop
      vertex -14.5677 -2.98372 0
      vertex -18 -15 0
      vertex -14.5962 -2.96037 0
    endloop
  endfacet
  facet normal -0 0 -1
    outer loop
      vertex -14.2175 -3.25247 0
      vertex -18 -15 0
      vertex -14.397 -3.12383 0
    endloop
  endfacet
  facet normal -0 0 -1
    outer loop
      vertex -14.1876 -3.27391 0
      vertex -18 -15 0
      vertex -14.2175 -3.25247 0
    endloop
  endfacet
  facet normal -0 0 -1
    outer loop
      vertex -14.1563 -3.29335 0
      vertex -18 -15 0
      vertex -14.1876 -3.27391 0
    endloop
  endfacet
  facet normal -0 0 -1
    outer loop
      vertex -13.9688 -3.40997 0
      vertex -18 -15 0
      vertex -14.1563 -3.29335 0
    endloop
  endfacet
  facet normal -0 0 -1
    outer loop
      vertex -13.774 -3.51408 0
      vertex -18 -15 0
      vertex -13.9688 -3.40997 0
    endloop
  endfacet
  facet normal -0 0 -1
    outer loop
      vertex -13.7415 -3.53144 0
      vertex -18 -15 0
      vertex -13.774 -3.51408 0
    endloop
  endfacet
  facet normal -0 0 -1
    outer loop
      vertex -13.708 -3.54663 0
      vertex -18 -15 0
      vertex -13.7415 -3.53144 0
    endloop
  endfacet
  facet normal -0 0 -1
    outer loop
      vertex -13.5068 -3.63778 0
      vertex -18 -15 0
      vertex -13.708 -3.54663 0
    endloop
  endfacet
  facet normal -0 0 -1
    outer loop
      vertex -13.3001 -3.71557 0
      vertex -18 -15 0
      vertex -13.5068 -3.63778 0
    endloop
  endfacet
  facet normal -0 0 -1
    outer loop
      vertex -13.2657 -3.72854 0
      vertex -18 -15 0
      vertex -13.3001 -3.71557 0
    endloop
  endfacet
  facet normal -0 0 -1
    outer loop
      vertex -13.0543 -3.79265 0
      vertex -18 -15 0
      vertex -13.2657 -3.72854 0
    endloop
  endfacet
  facet normal 0 0 -1
    outer loop
      vertex 15.9303 0.220735 0
      vertex 18 15 0
      vertex 15.9375 0 0
    endloop
  endfacet
  facet normal 0 0 -1
    outer loop
      vertex 15.9291 0.257524 0
      vertex 18 15 0
      vertex 15.9303 0.220735 0
    endloop
  endfacet
  facet normal 0 0 -1
    outer loop
      vertex 15.9074 0.477314 0
      vertex 18 15 0
      vertex 15.9291 0.257524 0
    endloop
  endfacet
  facet normal 0 0 -1
    outer loop
      vertex 15.9038 0.513946 0
      vertex 18 15 0
      vertex 15.9074 0.477314 0
    endloop
  endfacet
  facet normal 0 0 -1
    outer loop
      vertex 15.8618 0.768167 0
      vertex 18 15 0
      vertex 15.9038 0.513946 0
    endloop
  endfacet
  facet normal 0 0 -1
    outer loop
      vertex 15.8033 1.0191 0
      vertex 18 15 0
      vertex 15.8618 0.768167 0
    endloop
  endfacet
  facet normal 0 0 -1
    outer loop
      vertex 15.7926 1.05432 0
      vertex 18 15 0
      vertex 15.8033 1.0191 0
    endloop
  endfacet
  facet normal 0 0 -1
    outer loop
      vertex 15.7285 1.26567 0
      vertex 18 15 0
      vertex 15.7926 1.05432 0
    endloop
  endfacet
  facet normal 0 0 -1
    outer loop
      vertex 15.7156 1.30012 0
      vertex 18 15 0
      vertex 15.7285 1.26567 0
    endloop
  endfacet
  facet normal 0 0 -1
    outer loop
      vertex 15.6378 1.50682 0
      vertex 18 15 0
      vertex 15.7156 1.30012 0
    endloop
  endfacet
  facet normal 0 0 -1
    outer loop
      vertex 15.5466 1.70798 0
      vertex 18 15 0
      vertex 15.6378 1.50682 0
    endloop
  endfacet
  facet normal 0 0 -1
    outer loop
      vertex 15.5314 1.74151 0
      vertex 18 15 0
      vertex 15.5466 1.70798 0
    endloop
  endfacet
  facet normal 0 0 -1
    outer loop
      vertex 15.5141 1.77397 0
      vertex 18 15 0
      vertex 15.5314 1.74151 0
    endloop
  endfacet
  facet normal 0 0 -1
    outer loop
      vertex 15.41 1.96875 0
      vertex 18 15 0
      vertex 15.5141 1.77397 0
    endloop
  endfacet
  facet normal 0 0 -1
    outer loop
      vertex 15.2933 2.1563 0
      vertex 18 15 0
      vertex 15.41 1.96875 0
    endloop
  endfacet
  facet normal 0 0 -1
    outer loop
      vertex 15.2739 2.18756 0
      vertex 18 15 0
      vertex 15.2933 2.1563 0
    endloop
  endfacet
  facet normal 0 0 -1
    outer loop
      vertex 15.2525 2.21748 0
      vertex 18 15 0
      vertex 15.2739 2.18756 0
    endloop
  endfacet
  facet normal 0 0 -1
    outer loop
      vertex 15.1238 2.397 0
      vertex 18 15 0
      vertex 15.2525 2.21748 0
    endloop
  endfacet
  facet normal 0 0 -1
    outer loop
      vertex 14.9837 2.56772 0
      vertex 18 15 0
      vertex 15.1238 2.397 0
    endloop
  endfacet
  facet normal 0 0 -1
    outer loop
      vertex 14.9604 2.59617 0
      vertex 18 15 0
      vertex 14.9837 2.56772 0
    endloop
  endfacet
  facet normal 0 0 -1
    outer loop
      vertex 14.9352 2.62304 0
      vertex 18 15 0
      vertex 14.9604 2.59617 0
    endloop
  endfacet
  facet normal 0 0 -1
    outer loop
      vertex 14.7842 2.78423 0
      vertex 18 15 0
      vertex 14.9352 2.62304 0
    endloop
  endfacet
  facet normal 0 0 -1
    outer loop
      vertex 14.623 2.93521 0
      vertex 18 15 0
      vertex 14.7842 2.78423 0
    endloop
  endfacet
  facet normal 0 0 -1
    outer loop
      vertex 14.5962 2.96037 0
      vertex 18 15 0
      vertex 14.623 2.93521 0
    endloop
  endfacet
  facet normal 0 0 -1
    outer loop
      vertex 14.5677 2.98372 0
      vertex 18 15 0
      vertex 14.5962 2.96037 0
    endloop
  endfacet
  facet normal 0 0 -1
    outer loop
      vertex 14.397 3.12383 0
      vertex 18 15 0
      vertex 14.5677 2.98372 0
    endloop
  endfacet
  facet normal 0 0 -1
    outer loop
      vertex 14.2175 3.25247 0
      vertex 18 15 0
      vertex 14.397 3.12383 0
    endloop
  endfacet
  facet normal 0 0 -1
    outer loop
      vertex 14.1876 3.27391 0
      vertex 18 15 0
      vertex 14.2175 3.25247 0
    endloop
  endfacet
  facet normal 0 0 -1
    outer loop
      vertex 14.1563 3.29335 0
      vertex 18 15 0
      vertex 14.1876 3.27391 0
    endloop
  endfacet
  facet normal 0 0 -1
    outer loop
      vertex 13.9688 3.40997 0
      vertex 18 15 0
      vertex 14.1563 3.29335 0
    endloop
  endfacet
  facet normal 0 0 -1
    outer loop
      vertex 13.774 3.51408 0
      vertex 18 15 0
      vertex 13.9688 3.40997 0
    endloop
  endfacet
  facet normal 0 0 -1
    outer loop
      vertex 13.7415 3.53144 0
      vertex 18 15 0
      vertex 13.774 3.51408 0
    endloop
  endfacet
  facet normal 0 0 -1
    outer loop
      vertex 13.708 3.54663 0
      vertex 18 15 0
      vertex 13.7415 3.53144 0
    endloop
  endfacet
  facet normal 0 0 -1
    outer loop
      vertex 13.5068 3.63778 0
      vertex 18 15 0
      vertex 13.708 3.54663 0
    endloop
  endfacet
  facet normal 0 0 -1
    outer loop
      vertex 13.3001 3.71557 0
      vertex 18 15 0
      vertex 13.5068 3.63778 0
    endloop
  endfacet
  facet normal 0 0 -1
    outer loop
      vertex 13.2657 3.72854 0
      vertex 18 15 0
      vertex 13.3001 3.71557 0
    endloop
  endfacet
  facet normal 0 0 -1
    outer loop
      vertex 13.0543 3.79265 0
      vertex 18 15 0
      vertex 13.2657 3.72854 0
    endloop
  endfacet
  facet normal 0 0 -1
    outer loop
      vertex 13.0191 3.80333 0
      vertex 18 15 0
      vertex 13.0543 3.79265 0
    endloop
  endfacet
  facet normal 0 0 -1
    outer loop
      vertex 12.7682 3.86184 0
      vertex 18 15 0
      vertex 13.0191 3.80333 0
    endloop
  endfacet
  facet normal 0 0 -1
    outer loop
      vertex 12.5139 3.90381 0
      vertex 18 15 0
      vertex 12.7682 3.86184 0
    endloop
  endfacet
  facet normal 0 0 -1
    outer loop
      vertex 12.4773 3.90742 0
      vertex 18 15 0
      vertex 12.5139 3.90381 0
    endloop
  endfacet
  facet normal 0 0 -1
    outer loop
      vertex 12.2575 3.92907 0
      vertex 18 15 0
      vertex 12.4773 3.90742 0
    endloop
  endfacet
  facet normal 0 0 -1
    outer loop
      vertex 12.2207 3.93027 0
      vertex 18 15 0
      vertex 12.2575 3.92907 0
    endloop
  endfacet
  facet normal 0 0 -1
    outer loop
      vertex 12 3.9375 0
      vertex 18 15 0
      vertex 12.2207 3.93027 0
    endloop
  endfacet
  facet normal 0 0 -1
    outer loop
      vertex 11.7793 3.93027 0
      vertex 18 15 0
      vertex 12 3.9375 0
    endloop
  endfacet
  facet normal 0 0 -1
    outer loop
      vertex 11.7425 3.92907 0
      vertex 18 15 0
      vertex 11.7793 3.93027 0
    endloop
  endfacet
  facet normal 0 0 -1
    outer loop
      vertex 11.5227 3.90742 0
      vertex 18 15 0
      vertex 11.7425 3.92907 0
    endloop
  endfacet
  facet normal 0 0 -1
    outer loop
      vertex 11.4861 3.90381 0
      vertex 18 15 0
      vertex 11.5227 3.90742 0
    endloop
  endfacet
  facet normal 0 0 -1
    outer loop
      vertex 11.2318 3.86184 0
      vertex 18 15 0
      vertex 11.4861 3.90381 0
    endloop
  endfacet
  facet normal 0 0 -1
    outer loop
      vertex 1 15 0
      vertex 11.2318 3.86184 0
      vertex 10.9809 3.80333 0
    endloop
  endfacet
  facet normal 0 0 -1
    outer loop
      vertex 1 15 0
      vertex 10.9809 3.80333 0
      vertex 10.9457 3.79265 0
    endloop
  endfacet
  facet normal 0 0 -1
    outer loop
      vertex 1 15 0
      vertex 10.9457 3.79265 0
      vertex 10.7343 3.72854 0
    endloop
  endfacet
  facet normal 0 0 -1
    outer loop
      vertex 1 15 0
      vertex 10.7343 3.72854 0
      vertex 10.6999 3.71557 0
    endloop
  endfacet
  facet normal 0 0 -1
    outer loop
      vertex 1 15 0
      vertex 10.6999 3.71557 0
      vertex 10.4932 3.63778 0
    endloop
  endfacet
  facet normal 0 0 -1
    outer loop
      vertex 1 15 0
      vertex 10.4932 3.63778 0
      vertex 10.292 3.54663 0
    endloop
  endfacet
  facet normal 0 0 -1
    outer loop
      vertex 1 15 0
      vertex 10.292 3.54663 0
      vertex 10.2585 3.53144 0
    endloop
  endfacet
  facet normal 0 0 -1
    outer loop
      vertex 1 15 0
      vertex 10.2585 3.53144 0
      vertex 10.226 3.51408 0
    endloop
  endfacet
  facet normal 0 0 -1
    outer loop
      vertex 1 15 0
      vertex 10.226 3.51408 0
      vertex 10.0312 3.40997 0
    endloop
  endfacet
  facet normal 0 0 -1
    outer loop
      vertex 1 15 0
      vertex 10.0312 3.40997 0
      vertex 9.8437 3.29335 0
    endloop
  endfacet
  facet normal 0 0 -1
    outer loop
      vertex 1 15 0
      vertex 9.8437 3.29335 0
      vertex 9.81244 3.27391 0
    endloop
  endfacet
  facet normal 0 0 -1
    outer loop
      vertex 1 15 0
      vertex 9.81244 3.27391 0
      vertex 9.78252 3.25247 0
    endloop
  endfacet
  facet normal 0 0 -1
    outer loop
      vertex 1 15 0
      vertex 9.78252 3.25247 0
      vertex 9.603 3.12383 0
    endloop
  endfacet
  facet normal 0 0 -1
    outer loop
      vertex 1.81949 2.72306 0
      vertex 9.603 3.12383 0
      vertex 9.43228 2.98372 0
    endloop
  endfacet
  facet normal 0 0 -1
    outer loop
      vertex 1.81949 2.72306 0
      vertex 9.43228 2.98372 0
      vertex 9.40383 2.96037 0
    endloop
  endfacet
  facet normal 0 0 -1
    outer loop
      vertex 1.99369 2.59823 0
      vertex 9.40383 2.96037 0
      vertex 9.37696 2.93521 0
    endloop
  endfacet
  facet normal 0 0 -1
    outer loop
      vertex 1.99369 2.59823 0
      vertex 9.37696 2.93521 0
      vertex 9.21577 2.78423 0
    endloop
  endfacet
  facet normal 0 0 -1
    outer loop
      vertex 2.15936 2.46227 0
      vertex 9.21577 2.78423 0
      vertex 9.06479 2.62304 0
    endloop
  endfacet
  facet normal 0 0 -1
    outer loop
      vertex 2.15936 2.46227 0
      vertex 9.06479 2.62304 0
      vertex 9.03963 2.59617 0
    endloop
  endfacet
  facet normal 0 0 -1
    outer loop
      vertex 2.31577 2.31577 0
      vertex 9.03963 2.59617 0
      vertex 9.01628 2.56772 0
    endloop
  endfacet
  facet normal 0 0 -1
    outer loop
      vertex 2.31577 2.31577 0
      vertex 9.01628 2.56772 0
      vertex 8.87617 2.397 0
    endloop
  endfacet
  facet normal 0 0 -1
    outer loop
      vertex 2.59823 1.99369 0
      vertex 8.74753 2.21748 0
      vertex 8.72609 2.18756 0
    endloop
  endfacet
  facet normal 0 0 -1
    outer loop
      vertex 2.83623 1.6375 0
      vertex 8.48592 1.77397 0
      vertex 8.46856 1.74151 0
    endloop
  endfacet
  facet normal 0 0 -1
    outer loop
      vertex 2.93726 1.44849 0
      vertex 8.45337 1.70798 0
      vertex 8.36222 1.50682 0
    endloop
  endfacet
  facet normal 0 0 -1
    outer loop
      vertex 3.02571 1.25329 0
      vertex 8.28443 1.30012 0
      vertex 8.27146 1.26567 0
    endloop
  endfacet
  facet normal 0 0 -1
    outer loop
      vertex 3.24698 0.427473 0
      vertex 8.09258 0.477314 0
      vertex 8.07093 0.257524 0
    endloop
  endfacet
  facet normal 0 0 -1
    outer loop
      vertex 3.275 0 0
      vertex 8.06973 0.220735 0
      vertex 8.0625 0 0
    endloop
  endfacet
  facet normal 0 0 -1
    outer loop
      vertex 3.26799 0.214194 0
      vertex 8.06973 0.220735 0
      vertex 3.275 0 0
    endloop
  endfacet
  facet normal -0 0 -1
    outer loop
      vertex 8.06973 0.220735 0
      vertex 3.26799 0.214194 0
      vertex 8.07093 0.257524 0
    endloop
  endfacet
  facet normal 0 0 -1
    outer loop
      vertex 3.24698 0.427473 0
      vertex 8.07093 0.257524 0
      vertex 3.26799 0.214194 0
    endloop
  endfacet
  facet normal -0 0 -1
    outer loop
      vertex 8.09258 0.477314 0
      vertex 3.24698 0.427473 0
      vertex 8.09619 0.513946 0
    endloop
  endfacet
  facet normal 0 0 -1
    outer loop
      vertex 3.21207 0.638921 0
      vertex 8.09619 0.513946 0
      vertex 3.24698 0.427473 0
    endloop
  endfacet
  facet normal 0 0 -1
    outer loop
      vertex 8.09619 0.513946 0
      vertex 3.21207 0.638921 0
      vertex 8.13816 0.768167 0
    endloop
  endfacet
  facet normal 0 0 -1
    outer loop
      vertex 3.16341 0.847631 0
      vertex 8.13816 0.768167 0
      vertex 3.21207 0.638921 0
    endloop
  endfacet
  facet normal 0 0 -1
    outer loop
      vertex 8.13816 0.768167 0
      vertex 3.16341 0.847631 0
      vertex 8.19667 1.0191 0
    endloop
  endfacet
  facet normal 0 0 -1
    outer loop
      vertex 3.1012 1.05271 0
      vertex 8.19667 1.0191 0
      vertex 3.16341 0.847631 0
    endloop
  endfacet
  facet normal 0 0 -1
    outer loop
      vertex 8.19667 1.0191 0
      vertex 3.1012 1.05271 0
      vertex 8.20735 1.05432 0
    endloop
  endfacet
  facet normal -0 0 -1
    outer loop
      vertex 8.20735 1.05432 0
      vertex 3.1012 1.05271 0
      vertex 8.27146 1.26567 0
    endloop
  endfacet
  facet normal 0 0 -1
    outer loop
      vertex 3.02571 1.25329 0
      vertex 8.27146 1.26567 0
      vertex 3.1012 1.05271 0
    endloop
  endfacet
  facet normal -0 0 -1
    outer loop
      vertex 8.28443 1.30012 0
      vertex 3.02571 1.25329 0
      vertex 8.36222 1.50682 0
    endloop
  endfacet
  facet normal 0 0 -1
    outer loop
      vertex 2.93726 1.44849 0
      vertex 8.36222 1.50682 0
      vertex 3.02571 1.25329 0
    endloop
  endfacet
  facet normal -0 0 -1
    outer loop
      vertex 8.45337 1.70798 0
      vertex 2.93726 1.44849 0
      vertex 8.46856 1.74151 0
    endloop
  endfacet
  facet normal 0 0 -1
    outer loop
      vertex 2.83623 1.6375 0
      vertex 8.46856 1.74151 0
      vertex 2.93726 1.44849 0
    endloop
  endfacet
  facet normal -0 0 -1
    outer loop
      vertex 8.48592 1.77397 0
      vertex 2.83623 1.6375 0
      vertex 8.59002 1.96875 0
    endloop
  endfacet
  facet normal 0 0 -1
    outer loop
      vertex 2.72306 1.81949 0
      vertex 8.59002 1.96875 0
      vertex 2.83623 1.6375 0
    endloop
  endfacet
  facet normal -0 0 -1
    outer loop
      vertex 8.59002 1.96875 0
      vertex 2.72306 1.81949 0
      vertex 8.70665 2.1563 0
    endloop
  endfacet
  facet normal 0 0 -1
    outer loop
      vertex 2.59823 1.99369 0
      vertex 8.70665 2.1563 0
      vertex 2.72306 1.81949 0
    endloop
  endfacet
  facet normal -0 0 -1
    outer loop
      vertex 8.70665 2.1563 0
      vertex 2.59823 1.99369 0
      vertex 8.72609 2.18756 0
    endloop
  endfacet
  facet normal -0 0 -1
    outer loop
      vertex 8.74753 2.21748 0
      vertex 2.59823 1.99369 0
      vertex 8.87617 2.397 0
    endloop
  endfacet
  facet normal 0 0 -1
    outer loop
      vertex 2.46227 2.15936 0
      vertex 8.87617 2.397 0
      vertex 2.59823 1.99369 0
    endloop
  endfacet
  facet normal 0 0 -1
    outer loop
      vertex 2.31577 2.31577 0
      vertex 8.87617 2.397 0
      vertex 2.46227 2.15936 0
    endloop
  endfacet
  facet normal 0 0 -1
    outer loop
      vertex 9.03963 2.59617 0
      vertex 2.31577 2.31577 0
      vertex 2.15936 2.46227 0
    endloop
  endfacet
  facet normal 0 0 -1
    outer loop
      vertex 9.21577 2.78423 0
      vertex 2.15936 2.46227 0
      vertex 1.99369 2.59823 0
    endloop
  endfacet
  facet normal 0 0 -1
    outer loop
      vertex 9.40383 2.96037 0
      vertex 1.99369 2.59823 0
      vertex 1.81949 2.72306 0
    endloop
  endfacet
  facet normal 0 0 -1
    outer loop
      vertex 9.603 3.12383 0
      vertex 1.81949 2.72306 0
      vertex 1.6375 2.83623 0
    endloop
  endfacet
  facet normal -0 0 -1
    outer loop
      vertex 9.603 3.12383 0
      vertex 1.6375 2.83623 0
      vertex 1 15 0
    endloop
  endfacet
  facet normal 0 0 -1
    outer loop
      vertex 1 15 0
      vertex 1.6375 2.83623 0
      vertex 1.44849 2.93726 0
    endloop
  endfacet
  facet normal 0 0 -1
    outer loop
      vertex 1 15 0
      vertex 1.44849 2.93726 0
      vertex 1.25329 3.02571 0
    endloop
  endfacet
  facet normal 0 0 -1
    outer loop
      vertex 1 15 0
      vertex 1.25329 3.02571 0
      vertex 1.05271 3.1012 0
    endloop
  endfacet
  facet normal 0 0 -1
    outer loop
      vertex 1 15 0
      vertex 1.05271 3.1012 0
      vertex 1 3.11719 0
    endloop
  endfacet
  facet normal 0 0 -1
    outer loop
      vertex 11.2318 3.86184 0
      vertex 1 15 0
      vertex 18 15 0
    endloop
  endfacet
  facet normal 0 0 -1
    outer loop
      vertex -1.05271 3.1012 0
      vertex -1 15 0
      vertex -1 3.11719 0
    endloop
  endfacet
  facet normal 0 0 -1
    outer loop
      vertex -1.25329 3.02571 0
      vertex -1 15 0
      vertex -1.05271 3.1012 0
    endloop
  endfacet
  facet normal 0 0 -1
    outer loop
      vertex -1.44849 2.93726 0
      vertex -1 15 0
      vertex -1.25329 3.02571 0
    endloop
  endfacet
  facet normal 0 0 -1
    outer loop
      vertex -1.6375 2.83623 0
      vertex -1 15 0
      vertex -1.44849 2.93726 0
    endloop
  endfacet
  facet normal 0 0 -1
    outer loop
      vertex -9.603 3.12383 0
      vertex -1.6375 2.83623 0
      vertex -1.81949 2.72306 0
    endloop
  endfacet
  facet normal 0 0 -1
    outer loop
      vertex -9.40383 2.96037 0
      vertex -1.81949 2.72306 0
      vertex -1.99369 2.59823 0
    endloop
  endfacet
  facet normal 0 0 -1
    outer loop
      vertex -9.21577 2.78423 0
      vertex -1.99369 2.59823 0
      vertex -2.15936 2.46227 0
    endloop
  endfacet
  facet normal 0 0 -1
    outer loop
      vertex -9.06479 2.62304 0
      vertex -2.15936 2.46227 0
      vertex -2.31577 2.31577 0
    endloop
  endfacet
  facet normal 0 0 -1
    outer loop
      vertex -9.01628 2.56772 0
      vertex -2.31577 2.31577 0
      vertex -2.46227 2.15936 0
    endloop
  endfacet
  facet normal 0 0 -1
    outer loop
      vertex -8.87617 2.397 0
      vertex -2.46227 2.15936 0
      vertex -2.59823 1.99369 0
    endloop
  endfacet
  facet normal 0 0 -1
    outer loop
      vertex -8.70665 2.1563 0
      vertex -2.59823 1.99369 0
      vertex -2.72306 1.81949 0
    endloop
  endfacet
  facet normal 0 0 -1
    outer loop
      vertex -8.59002 1.96875 0
      vertex -2.72306 1.81949 0
      vertex -2.83623 1.6375 0
    endloop
  endfacet
  facet normal 0 0 -1
    outer loop
      vertex -8.46856 1.74151 0
      vertex -2.83623 1.6375 0
      vertex -2.93726 1.44849 0
    endloop
  endfacet
  facet normal 0 0 -1
    outer loop
      vertex -8.36222 1.50682 0
      vertex -2.93726 1.44849 0
      vertex -3.02571 1.25329 0
    endloop
  endfacet
  facet normal 0 0 -1
    outer loop
      vertex -8.27146 1.26567 0
      vertex -3.02571 1.25329 0
      vertex -3.1012 1.05271 0
    endloop
  endfacet
  facet normal 0 0 -1
    outer loop
      vertex -8.19667 1.0191 0
      vertex -3.1012 1.05271 0
      vertex -3.16341 0.847631 0
    endloop
  endfacet
  facet normal 0 0 -1
    outer loop
      vertex -8.13816 0.768167 0
      vertex -3.16341 0.847631 0
      vertex -3.21207 0.638921 0
    endloop
  endfacet
  facet normal 0 0 -1
    outer loop
      vertex -8.09619 0.513946 0
      vertex -3.21207 0.638921 0
      vertex -3.24698 0.427473 0
    endloop
  endfacet
  facet normal 0 0 -1
    outer loop
      vertex -8.0625 0 0
      vertex -3.26799 0.214194 0
      vertex -3.275 0 0
    endloop
  endfacet
  facet normal 0 0 -1
    outer loop
      vertex -8.06973 0.220735 0
      vertex -3.26799 0.214194 0
      vertex -8.0625 0 0
    endloop
  endfacet
  facet normal 0 0 -1
    outer loop
      vertex -8.07093 0.257524 0
      vertex -3.26799 0.214194 0
      vertex -8.06973 0.220735 0
    endloop
  endfacet
  facet normal 0 0 -1
    outer loop
      vertex -3.26799 0.214194 0
      vertex -8.07093 0.257524 0
      vertex -3.24698 0.427473 0
    endloop
  endfacet
  facet normal 0 0 -1
    outer loop
      vertex -8.09258 0.477314 0
      vertex -3.24698 0.427473 0
      vertex -8.07093 0.257524 0
    endloop
  endfacet
  facet normal 0 0 -1
    outer loop
      vertex -8.09619 0.513946 0
      vertex -3.24698 0.427473 0
      vertex -8.09258 0.477314 0
    endloop
  endfacet
  facet normal -0 0 -1
    outer loop
      vertex -3.21207 0.638921 0
      vertex -8.09619 0.513946 0
      vertex -8.13816 0.768167 0
    endloop
  endfacet
  facet normal -0 0 -1
    outer loop
      vertex -3.16341 0.847631 0
      vertex -8.13816 0.768167 0
      vertex -8.19667 1.0191 0
    endloop
  endfacet
  facet normal -0 0 -1
    outer loop
      vertex -3.1012 1.05271 0
      vertex -8.19667 1.0191 0
      vertex -8.20735 1.05432 0
    endloop
  endfacet
  facet normal 0 0 -1
    outer loop
      vertex -3.1012 1.05271 0
      vertex -8.20735 1.05432 0
      vertex -8.27146 1.26567 0
    endloop
  endfacet
  facet normal 0 0 -1
    outer loop
      vertex -3.02571 1.25329 0
      vertex -8.27146 1.26567 0
      vertex -8.28443 1.30012 0
    endloop
  endfacet
  facet normal 0 0 -1
    outer loop
      vertex -3.02571 1.25329 0
      vertex -8.28443 1.30012 0
      vertex -8.36222 1.50682 0
    endloop
  endfacet
  facet normal 0 0 -1
    outer loop
      vertex -2.93726 1.44849 0
      vertex -8.36222 1.50682 0
      vertex -8.45337 1.70798 0
    endloop
  endfacet
  facet normal 0 0 -1
    outer loop
      vertex -2.93726 1.44849 0
      vertex -8.45337 1.70798 0
      vertex -8.46856 1.74151 0
    endloop
  endfacet
  facet normal 0 0 -1
    outer loop
      vertex -2.83623 1.6375 0
      vertex -8.46856 1.74151 0
      vertex -8.48592 1.77397 0
    endloop
  endfacet
  facet normal 0 0 -1
    outer loop
      vertex -2.83623 1.6375 0
      vertex -8.48592 1.77397 0
      vertex -8.59002 1.96875 0
    endloop
  endfacet
  facet normal 0 0 -1
    outer loop
      vertex -2.72306 1.81949 0
      vertex -8.59002 1.96875 0
      vertex -8.70665 2.1563 0
    endloop
  endfacet
  facet normal 0 0 -1
    outer loop
      vertex -2.59823 1.99369 0
      vertex -8.70665 2.1563 0
      vertex -8.72609 2.18756 0
    endloop
  endfacet
  facet normal 0 0 -1
    outer loop
      vertex -2.59823 1.99369 0
      vertex -8.72609 2.18756 0
      vertex -8.74753 2.21748 0
    endloop
  endfacet
  facet normal 0 0 -1
    outer loop
      vertex -2.59823 1.99369 0
      vertex -8.74753 2.21748 0
      vertex -8.87617 2.397 0
    endloop
  endfacet
  facet normal 0 0 -1
    outer loop
      vertex -2.46227 2.15936 0
      vertex -8.87617 2.397 0
      vertex -9.01628 2.56772 0
    endloop
  endfacet
  facet normal 0 0 -1
    outer loop
      vertex -2.31577 2.31577 0
      vertex -9.01628 2.56772 0
      vertex -9.03963 2.59617 0
    endloop
  endfacet
  facet normal 0 0 -1
    outer loop
      vertex -2.31577 2.31577 0
      vertex -9.03963 2.59617 0
      vertex -9.06479 2.62304 0
    endloop
  endfacet
  facet normal 0 0 -1
    outer loop
      vertex -2.15936 2.46227 0
      vertex -9.06479 2.62304 0
      vertex -9.21577 2.78423 0
    endloop
  endfacet
  facet normal 0 0 -1
    outer loop
      vertex -1.99369 2.59823 0
      vertex -9.21577 2.78423 0
      vertex -9.37696 2.93521 0
    endloop
  endfacet
  facet normal 0 0 -1
    outer loop
      vertex -1.99369 2.59823 0
      vertex -9.37696 2.93521 0
      vertex -9.40383 2.96037 0
    endloop
  endfacet
  facet normal 0 0 -1
    outer loop
      vertex -1.81949 2.72306 0
      vertex -9.40383 2.96037 0
      vertex -9.43228 2.98372 0
    endloop
  endfacet
  facet normal 0 0 -1
    outer loop
      vertex -1.81949 2.72306 0
      vertex -9.43228 2.98372 0
      vertex -9.603 3.12383 0
    endloop
  endfacet
  facet normal 0 0 -1
    outer loop
      vertex -1.6375 2.83623 0
      vertex -9.603 3.12383 0
      vertex -1 15 0
    endloop
  endfacet
  facet normal 0 0 -1
    outer loop
      vertex -9.78252 3.25247 0
      vertex -1 15 0
      vertex -9.603 3.12383 0
    endloop
  endfacet
  facet normal 0 0 -1
    outer loop
      vertex -9.81244 3.27391 0
      vertex -1 15 0
      vertex -9.78252 3.25247 0
    endloop
  endfacet
  facet normal 0 0 -1
    outer loop
      vertex -9.8437 3.29335 0
      vertex -1 15 0
      vertex -9.81244 3.27391 0
    endloop
  endfacet
  facet normal 0 0 -1
    outer loop
      vertex -10.0312 3.40997 0
      vertex -1 15 0
      vertex -9.8437 3.29335 0
    endloop
  endfacet
  facet normal 0 0 -1
    outer loop
      vertex -10.226 3.51408 0
      vertex -1 15 0
      vertex -10.0312 3.40997 0
    endloop
  endfacet
  facet normal 0 0 -1
    outer loop
      vertex -10.2585 3.53144 0
      vertex -1 15 0
      vertex -10.226 3.51408 0
    endloop
  endfacet
  facet normal 0 0 -1
    outer loop
      vertex -10.292 3.54663 0
      vertex -1 15 0
      vertex -10.2585 3.53144 0
    endloop
  endfacet
  facet normal 0 0 -1
    outer loop
      vertex -10.4932 3.63778 0
      vertex -1 15 0
      vertex -10.292 3.54663 0
    endloop
  endfacet
  facet normal 0 0 -1
    outer loop
      vertex -10.6999 3.71557 0
      vertex -1 15 0
      vertex -10.4932 3.63778 0
    endloop
  endfacet
  facet normal 0 0 -1
    outer loop
      vertex -10.7343 3.72854 0
      vertex -1 15 0
      vertex -10.6999 3.71557 0
    endloop
  endfacet
  facet normal 0 0 -1
    outer loop
      vertex -10.9457 3.79265 0
      vertex -1 15 0
      vertex -10.7343 3.72854 0
    endloop
  endfacet
  facet normal 0 0 -1
    outer loop
      vertex -10.9809 3.80333 0
      vertex -1 15 0
      vertex -10.9457 3.79265 0
    endloop
  endfacet
  facet normal 0 0 -1
    outer loop
      vertex -11.2318 3.86184 0
      vertex -1 15 0
      vertex -10.9809 3.80333 0
    endloop
  endfacet
  facet normal 0 0 -1
    outer loop
      vertex -18 15 0
      vertex -11.2318 3.86184 0
      vertex -11.4861 3.90381 0
    endloop
  endfacet
  facet normal 0 0 -1
    outer loop
      vertex -18 15 0
      vertex -11.4861 3.90381 0
      vertex -11.5227 3.90742 0
    endloop
  endfacet
  facet normal 0 0 -1
    outer loop
      vertex -18 15 0
      vertex -11.5227 3.90742 0
      vertex -11.7425 3.92907 0
    endloop
  endfacet
  facet normal 0 0 -1
    outer loop
      vertex -18 15 0
      vertex -11.7425 3.92907 0
      vertex -11.7793 3.93027 0
    endloop
  endfacet
  facet normal 0 0 -1
    outer loop
      vertex -18 15 0
      vertex -11.7793 3.93027 0
      vertex -12 3.9375 0
    endloop
  endfacet
  facet normal 0 0 -1
    outer loop
      vertex -18 15 0
      vertex -12 3.9375 0
      vertex -12.2207 3.93027 0
    endloop
  endfacet
  facet normal 0 0 -1
    outer loop
      vertex -18 15 0
      vertex -12.2207 3.93027 0
      vertex -12.2575 3.92907 0
    endloop
  endfacet
  facet normal 0 0 -1
    outer loop
      vertex -18 15 0
      vertex -12.2575 3.92907 0
      vertex -12.4773 3.90742 0
    endloop
  endfacet
  facet normal 0 0 -1
    outer loop
      vertex -18 15 0
      vertex -12.4773 3.90742 0
      vertex -12.5139 3.90381 0
    endloop
  endfacet
  facet normal 0 0 -1
    outer loop
      vertex -18 15 0
      vertex -12.5139 3.90381 0
      vertex -12.7682 3.86184 0
    endloop
  endfacet
  facet normal 0 0 -1
    outer loop
      vertex -18 15 0
      vertex -12.7682 3.86184 0
      vertex -13.0191 3.80333 0
    endloop
  endfacet
  facet normal 0 0 -1
    outer loop
      vertex -18 15 0
      vertex -13.0191 3.80333 0
      vertex -13.0543 3.79265 0
    endloop
  endfacet
  facet normal 0 0 -1
    outer loop
      vertex -18 15 0
      vertex -13.0543 3.79265 0
      vertex -13.2657 3.72854 0
    endloop
  endfacet
  facet normal 0 0 -1
    outer loop
      vertex -18 15 0
      vertex -13.2657 3.72854 0
      vertex -13.3001 3.71557 0
    endloop
  endfacet
  facet normal 0 0 -1
    outer loop
      vertex -18 15 0
      vertex -13.3001 3.71557 0
      vertex -13.5068 3.63778 0
    endloop
  endfacet
  facet normal 0 0 -1
    outer loop
      vertex -18 15 0
      vertex -13.5068 3.63778 0
      vertex -13.708 3.54663 0
    endloop
  endfacet
  facet normal 0 0 -1
    outer loop
      vertex -18 15 0
      vertex -13.708 3.54663 0
      vertex -13.7415 3.53144 0
    endloop
  endfacet
  facet normal 0 0 -1
    outer loop
      vertex -18 15 0
      vertex -13.7415 3.53144 0
      vertex -13.774 3.51408 0
    endloop
  endfacet
  facet normal 0 0 -1
    outer loop
      vertex -18 15 0
      vertex -13.774 3.51408 0
      vertex -13.9688 3.40997 0
    endloop
  endfacet
  facet normal 0 0 -1
    outer loop
      vertex -18 15 0
      vertex -13.9688 3.40997 0
      vertex -14.1563 3.29335 0
    endloop
  endfacet
  facet normal 0 0 -1
    outer loop
      vertex -18 15 0
      vertex -14.1563 3.29335 0
      vertex -14.1876 3.27391 0
    endloop
  endfacet
  facet normal 0 0 -1
    outer loop
      vertex -18 15 0
      vertex -14.1876 3.27391 0
      vertex -14.2175 3.25247 0
    endloop
  endfacet
  facet normal 0 0 -1
    outer loop
      vertex -18 15 0
      vertex -14.2175 3.25247 0
      vertex -14.397 3.12383 0
    endloop
  endfacet
  facet normal 0 0 -1
    outer loop
      vertex -18 15 0
      vertex -14.397 3.12383 0
      vertex -14.5677 2.98372 0
    endloop
  endfacet
  facet normal 0 0 -1
    outer loop
      vertex -18 15 0
      vertex -14.5677 2.98372 0
      vertex -14.5962 2.96037 0
    endloop
  endfacet
  facet normal 0 0 -1
    outer loop
      vertex -18 15 0
      vertex -14.9352 2.62304 0
      vertex -14.9604 2.59617 0
    endloop
  endfacet
  facet normal 0 0 -1
    outer loop
      vertex -18 15 0
      vertex -15.2525 2.21748 0
      vertex -15.2739 2.18756 0
    endloop
  endfacet
  facet normal 0 0 -1
    outer loop
      vertex -18 15 0
      vertex -15.5141 1.77397 0
      vertex -15.5314 1.74151 0
    endloop
  endfacet
  facet normal 0 0 -1
    outer loop
      vertex -18 15 0
      vertex -15.5466 1.70798 0
      vertex -15.6378 1.50682 0
    endloop
  endfacet
  facet normal 0 0 1
    outer loop
      vertex -15.7285 1.26567 0
      vertex -15.6378 1.50682 0
      vertex -15.7156 1.30012 0
    endloop
  endfacet
  facet normal 0 0 -1
    outer loop
      vertex -15.9291 0.257524 0
      vertex -15.9038 0.513946 0
      vertex -15.9074 0.477314 0
    endloop
  endfacet
  facet normal 0 0 -1
    outer loop
      vertex -18 15 0
      vertex -15.9375 0 0
      vertex -18 -15 0
    endloop
  endfacet
  facet normal 0 0 -1
    outer loop
      vertex -15.9375 0 0
      vertex -18 15 0
      vertex -15.9303 0.220735 0
    endloop
  endfacet
  facet normal 0 0 -1
    outer loop
      vertex -15.9303 0.220735 0
      vertex -18 15 0
      vertex -15.9291 0.257524 0
    endloop
  endfacet
  facet normal 0 0 -1
    outer loop
      vertex -11.2318 3.86184 0
      vertex -18 15 0
      vertex -1 15 0
    endloop
  endfacet
  facet normal 0 0 -1
    outer loop
      vertex -14.623 2.93521 0
      vertex -18 15 0
      vertex -14.5962 2.96037 0
    endloop
  endfacet
  facet normal 0 0 -1
    outer loop
      vertex -14.7842 2.78423 0
      vertex -18 15 0
      vertex -14.623 2.93521 0
    endloop
  endfacet
  facet normal 0 0 -1
    outer loop
      vertex -14.9352 2.62304 0
      vertex -18 15 0
      vertex -14.7842 2.78423 0
    endloop
  endfacet
  facet normal 0 0 -1
    outer loop
      vertex -14.9837 2.56772 0
      vertex -18 15 0
      vertex -14.9604 2.59617 0
    endloop
  endfacet
  facet normal 0 0 -1
    outer loop
      vertex -15.1238 2.397 0
      vertex -18 15 0
      vertex -14.9837 2.56772 0
    endloop
  endfacet
  facet normal 0 0 -1
    outer loop
      vertex -15.2525 2.21748 0
      vertex -18 15 0
      vertex -15.1238 2.397 0
    endloop
  endfacet
  facet normal 0 0 -1
    outer loop
      vertex -15.2933 2.1563 0
      vertex -18 15 0
      vertex -15.2739 2.18756 0
    endloop
  endfacet
  facet normal 0 0 -1
    outer loop
      vertex -15.41 1.96875 0
      vertex -18 15 0
      vertex -15.2933 2.1563 0
    endloop
  endfacet
  facet normal 0 0 -1
    outer loop
      vertex -15.5141 1.77397 0
      vertex -18 15 0
      vertex -15.41 1.96875 0
    endloop
  endfacet
  facet normal 0 0 -1
    outer loop
      vertex -15.5466 1.70798 0
      vertex -18 15 0
      vertex -15.5314 1.74151 0
    endloop
  endfacet
  facet normal 0 0 -1
    outer loop
      vertex -15.7285 1.26567 0
      vertex -18 15 0
      vertex -15.6378 1.50682 0
    endloop
  endfacet
  facet normal 0 0 -1
    outer loop
      vertex -15.7926 1.05432 0
      vertex -18 15 0
      vertex -15.7285 1.26567 0
    endloop
  endfacet
  facet normal 0 0 -1
    outer loop
      vertex -15.8033 1.0191 0
      vertex -18 15 0
      vertex -15.7926 1.05432 0
    endloop
  endfacet
  facet normal 0 0 -1
    outer loop
      vertex -15.8618 0.768167 0
      vertex -18 15 0
      vertex -15.8033 1.0191 0
    endloop
  endfacet
  facet normal 0 0 -1
    outer loop
      vertex -15.9038 0.513946 0
      vertex -18 15 0
      vertex -15.8618 0.768167 0
    endloop
  endfacet
  facet normal 0 0 -1
    outer loop
      vertex -15.9291 0.257524 0
      vertex -18 15 0
      vertex -15.9038 0.513946 0
    endloop
  endfacet
  facet normal -1 0 0
    outer loop
      vertex -18 15 0
      vertex -18 9.15 12.5
      vertex -18 15 25
    endloop
  endfacet
  facet normal -1 0 0
    outer loop
      vertex -18 15 0
      vertex -18 9.1454 12.3594
      vertex -18 9.15 12.5
    endloop
  endfacet
  facet normal -1 0 0
    outer loop
      vertex -18 15 0
      vertex -18 9.13161 12.2194
      vertex -18 9.1454 12.3594
    endloop
  endfacet
  facet normal -1 0 0
    outer loop
      vertex -18 15 0
      vertex -18 9.10869 12.0806
      vertex -18 9.13161 12.2194
    endloop
  endfacet
  facet normal -1 0 0
    outer loop
      vertex -18 15 0
      vertex -18 9.07674 11.9435
      vertex -18 9.10869 12.0806
    endloop
  endfacet
  facet normal -1 0 0
    outer loop
      vertex -18 15 0
      vertex -18 9.0359 11.8089
      vertex -18 9.07674 11.9435
    endloop
  endfacet
  facet normal -1 0 0
    outer loop
      vertex -18 15 0
      vertex -18 8.98634 11.6772
      vertex -18 9.0359 11.8089
    endloop
  endfacet
  facet normal -1 0 0
    outer loop
      vertex -18 15 0
      vertex -18 8.92828 11.5491
      vertex -18 8.98634 11.6772
    endloop
  endfacet
  facet normal -1 0 0
    outer loop
      vertex -18 15 0
      vertex -18 8.86195 11.425
      vertex -18 8.92828 11.5491
    endloop
  endfacet
  facet normal -1 0 0
    outer loop
      vertex -18 15 0
      vertex -18 8.78766 11.3055
      vertex -18 8.86195 11.425
    endloop
  endfacet
  facet normal -1 0 0
    outer loop
      vertex -18 15 0
      vertex -18 8.70571 11.1912
      vertex -18 8.78766 11.3055
    endloop
  endfacet
  facet normal -1 0 0
    outer loop
      vertex -18 15 0
      vertex -18 8.61646 11.0824
      vertex -18 8.70571 11.1912
    endloop
  endfacet
  facet normal -1 0 0
    outer loop
      vertex -18 15 0
      vertex -18 8.52028 10.9797
      vertex -18 8.61646 11.0824
    endloop
  endfacet
  facet normal -1 0 0
    outer loop
      vertex -18 15 0
      vertex -18 8.41759 10.8835
      vertex -18 8.52028 10.9797
    endloop
  endfacet
  facet normal -1 0 0
    outer loop
      vertex -18 15 0
      vertex -18 8.30884 10.7943
      vertex -18 8.41759 10.8835
    endloop
  endfacet
  facet normal -1 0 0
    outer loop
      vertex -18 15 0
      vertex -18 8.19448 10.7123
      vertex -18 8.30884 10.7943
    endloop
  endfacet
  facet normal -1 0 0
    outer loop
      vertex -18 15 0
      vertex -18 8.075 10.638
      vertex -18 8.19448 10.7123
    endloop
  endfacet
  facet normal -1 0 0
    outer loop
      vertex -18 15 0
      vertex -18 7.95092 10.5717
      vertex -18 8.075 10.638
    endloop
  endfacet
  facet normal -1 0 0
    outer loop
      vertex -18 15 0
      vertex -18 7.82277 10.5137
      vertex -18 7.95092 10.5717
    endloop
  endfacet
  facet normal -1 0 0
    outer loop
      vertex -18 15 0
      vertex -18 7.69109 10.4641
      vertex -18 7.82277 10.5137
    endloop
  endfacet
  facet normal -1 0 0
    outer loop
      vertex -18 15 0
      vertex -18 7.55646 10.4233
      vertex -18 7.69109 10.4641
    endloop
  endfacet
  facet normal -1 0 0
    outer loop
      vertex -18 15 0
      vertex -18 7.41944 10.3913
      vertex -18 7.55646 10.4233
    endloop
  endfacet
  facet normal -1 0 0
    outer loop
      vertex -18 15 0
      vertex -18 7.28063 10.3684
      vertex -18 7.41944 10.3913
    endloop
  endfacet
  facet normal -1 0 0
    outer loop
      vertex -18 15 0
      vertex -18 7.14062 10.3546
      vertex -18 7.28063 10.3684
    endloop
  endfacet
  facet normal -1 0 0
    outer loop
      vertex -18 15 0
      vertex -18 7 10.35
      vertex -18 7.14062 10.3546
    endloop
  endfacet
  facet normal -1 0 0
    outer loop
      vertex -18 15 0
      vertex -18 6.85938 10.3546
      vertex -18 7 10.35
    endloop
  endfacet
  facet normal -1 0 0
    outer loop
      vertex -18 15 0
      vertex -18 6.71937 10.3684
      vertex -18 6.85938 10.3546
    endloop
  endfacet
  facet normal -1 0 0
    outer loop
      vertex -18 15 0
      vertex -18 6.58055 10.3913
      vertex -18 6.71937 10.3684
    endloop
  endfacet
  facet normal -1 0 0
    outer loop
      vertex -18 15 0
      vertex -18 6.44354 10.4233
      vertex -18 6.58055 10.3913
    endloop
  endfacet
  facet normal -1 0 0
    outer loop
      vertex -18 15 0
      vertex -18 6.3089 10.4641
      vertex -18 6.44354 10.4233
    endloop
  endfacet
  facet normal -1 0 0
    outer loop
      vertex -18 15 0
      vertex -18 6.17723 10.5137
      vertex -18 6.3089 10.4641
    endloop
  endfacet
  facet normal -1 0 0
    outer loop
      vertex -18 -15 0
      vertex -18 6.17723 10.5137
      vertex -18 15 0
    endloop
  endfacet
  facet normal -1 -0 0
    outer loop
      vertex -18 6.17723 10.5137
      vertex -18 -15 0
      vertex -18 6.04908 10.5717
    endloop
  endfacet
  facet normal -1 -0 0
    outer loop
      vertex -18 6.04908 10.5717
      vertex -18 -15 0
      vertex -18 5.925 10.638
    endloop
  endfacet
  facet normal -1 -0 0
    outer loop
      vertex -18 5.925 10.638
      vertex -18 -15 0
      vertex -18 5.80552 10.7123
    endloop
  endfacet
  facet normal -1 -0 0
    outer loop
      vertex -18 5.80552 10.7123
      vertex -18 -15 0
      vertex -18 5.69116 10.7943
    endloop
  endfacet
  facet normal -1 -0 0
    outer loop
      vertex -18 5.69116 10.7943
      vertex -18 -15 0
      vertex -18 5.58241 10.8835
    endloop
  endfacet
  facet normal -1 -0 0
    outer loop
      vertex -18 5.58241 10.8835
      vertex -18 -15 0
      vertex -18 5.47972 10.9797
    endloop
  endfacet
  facet normal -1 -0 0
    outer loop
      vertex -18 4.8546 12.3594
      vertex -18 -15 0
      vertex -18 4.85 12.5
    endloop
  endfacet
  facet normal -1 -0 0
    outer loop
      vertex -18 4.86839 12.2194
      vertex -18 -15 0
      vertex -18 4.8546 12.3594
    endloop
  endfacet
  facet normal -1 -0 0
    outer loop
      vertex -18 4.89131 12.0806
      vertex -18 -15 0
      vertex -18 4.86839 12.2194
    endloop
  endfacet
  facet normal -1 -0 0
    outer loop
      vertex -18 4.92326 11.9435
      vertex -18 -15 0
      vertex -18 4.89131 12.0806
    endloop
  endfacet
  facet normal -1 -0 0
    outer loop
      vertex -18 4.9641 11.8089
      vertex -18 -15 0
      vertex -18 4.92326 11.9435
    endloop
  endfacet
  facet normal -1 -0 0
    outer loop
      vertex -18 5.01366 11.6772
      vertex -18 -15 0
      vertex -18 4.9641 11.8089
    endloop
  endfacet
  facet normal -1 -0 0
    outer loop
      vertex -18 5.07172 11.5491
      vertex -18 -15 0
      vertex -18 5.01366 11.6772
    endloop
  endfacet
  facet normal -1 -0 0
    outer loop
      vertex -18 5.13805 11.425
      vertex -18 -15 0
      vertex -18 5.07172 11.5491
    endloop
  endfacet
  facet normal -1 -0 0
    outer loop
      vertex -18 5.21234 11.3055
      vertex -18 -15 0
      vertex -18 5.13805 11.425
    endloop
  endfacet
  facet normal -1 -0 0
    outer loop
      vertex -18 5.29429 11.1912
      vertex -18 -15 0
      vertex -18 5.21234 11.3055
    endloop
  endfacet
  facet normal -1 -0 0
    outer loop
      vertex -18 5.38354 11.0824
      vertex -18 -15 0
      vertex -18 5.29429 11.1912
    endloop
  endfacet
  facet normal -1 -0 0
    outer loop
      vertex -18 5.47972 10.9797
      vertex -18 -15 0
      vertex -18 5.38354 11.0824
    endloop
  endfacet
  facet normal -1 0 0
    outer loop
      vertex -18 9.1454 12.6406
      vertex -18 15 25
      vertex -18 9.15 12.5
    endloop
  endfacet
  facet normal -1 0 0
    outer loop
      vertex -18 9.13161 12.7806
      vertex -18 15 25
      vertex -18 9.1454 12.6406
    endloop
  endfacet
  facet normal -1 0 0
    outer loop
      vertex -18 9.10869 12.9194
      vertex -18 15 25
      vertex -18 9.13161 12.7806
    endloop
  endfacet
  facet normal -1 0 0
    outer loop
      vertex -18 9.07674 13.0565
      vertex -18 15 25
      vertex -18 9.10869 12.9194
    endloop
  endfacet
  facet normal -1 0 0
    outer loop
      vertex -18 9.0359 13.1911
      vertex -18 15 25
      vertex -18 9.07674 13.0565
    endloop
  endfacet
  facet normal -1 0 0
    outer loop
      vertex -18 8.98634 13.3228
      vertex -18 15 25
      vertex -18 9.0359 13.1911
    endloop
  endfacet
  facet normal -1 0 0
    outer loop
      vertex -18 8.92828 13.4509
      vertex -18 15 25
      vertex -18 8.98634 13.3228
    endloop
  endfacet
  facet normal -1 0 0
    outer loop
      vertex -18 8.86195 13.575
      vertex -18 15 25
      vertex -18 8.92828 13.4509
    endloop
  endfacet
  facet normal -1 0 0
    outer loop
      vertex -18 8.78766 13.6945
      vertex -18 15 25
      vertex -18 8.86195 13.575
    endloop
  endfacet
  facet normal -1 0 0
    outer loop
      vertex -18 8.70571 13.8088
      vertex -18 15 25
      vertex -18 8.78766 13.6945
    endloop
  endfacet
  facet normal -1 0 0
    outer loop
      vertex -18 8.61646 13.9176
      vertex -18 15 25
      vertex -18 8.70571 13.8088
    endloop
  endfacet
  facet normal -1 0 0
    outer loop
      vertex -18 8.52028 14.0203
      vertex -18 15 25
      vertex -18 8.61646 13.9176
    endloop
  endfacet
  facet normal -1 0 0
    outer loop
      vertex -18 8.41759 14.1165
      vertex -18 15 25
      vertex -18 8.52028 14.0203
    endloop
  endfacet
  facet normal -1 0 0
    outer loop
      vertex -18 8.30884 14.2057
      vertex -18 15 25
      vertex -18 8.41759 14.1165
    endloop
  endfacet
  facet normal -1 0 0
    outer loop
      vertex -18 8.19448 14.2877
      vertex -18 15 25
      vertex -18 8.30884 14.2057
    endloop
  endfacet
  facet normal -1 0 0
    outer loop
      vertex -18 8.075 14.362
      vertex -18 15 25
      vertex -18 8.19448 14.2877
    endloop
  endfacet
  facet normal -1 0 0
    outer loop
      vertex -18 7.95092 14.4283
      vertex -18 15 25
      vertex -18 8.075 14.362
    endloop
  endfacet
  facet normal -1 0 0
    outer loop
      vertex -18 7.82277 14.4863
      vertex -18 15 25
      vertex -18 7.95092 14.4283
    endloop
  endfacet
  facet normal -1 0 0
    outer loop
      vertex -18 7.69109 14.5359
      vertex -18 15 25
      vertex -18 7.82277 14.4863
    endloop
  endfacet
  facet normal -1 0 0
    outer loop
      vertex -18 7.55646 14.5767
      vertex -18 15 25
      vertex -18 7.69109 14.5359
    endloop
  endfacet
  facet normal -1 0 0
    outer loop
      vertex -18 7.41944 14.6087
      vertex -18 15 25
      vertex -18 7.55646 14.5767
    endloop
  endfacet
  facet normal -1 0 0
    outer loop
      vertex -18 7.28063 14.6316
      vertex -18 15 25
      vertex -18 7.41944 14.6087
    endloop
  endfacet
  facet normal -1 0 0
    outer loop
      vertex -18 7.14062 14.6454
      vertex -18 15 25
      vertex -18 7.28063 14.6316
    endloop
  endfacet
  facet normal -1 0 0
    outer loop
      vertex -18 7 14.65
      vertex -18 15 25
      vertex -18 7.14062 14.6454
    endloop
  endfacet
  facet normal -1 0 0
    outer loop
      vertex -18 6.85938 14.6454
      vertex -18 15 25
      vertex -18 7 14.65
    endloop
  endfacet
  facet normal -1 0 0
    outer loop
      vertex -18 6.71937 14.6316
      vertex -18 15 25
      vertex -18 6.85938 14.6454
    endloop
  endfacet
  facet normal -1 0 0
    outer loop
      vertex -18 6.58055 14.6087
      vertex -18 15 25
      vertex -18 6.71937 14.6316
    endloop
  endfacet
  facet normal -1 0 0
    outer loop
      vertex -18 6.44354 14.5767
      vertex -18 15 25
      vertex -18 6.58055 14.6087
    endloop
  endfacet
  facet normal -1 0 0
    outer loop
      vertex -18 6.3089 14.5359
      vertex -18 15 25
      vertex -18 6.44354 14.5767
    endloop
  endfacet
  facet normal -1 0 0
    outer loop
      vertex -18 6.17723 14.4863
      vertex -18 15 25
      vertex -18 6.3089 14.5359
    endloop
  endfacet
  facet normal -1 0 0
    outer loop
      vertex -18 -15 25
      vertex -18 6.17723 14.4863
      vertex -18 6.04908 14.4283
    endloop
  endfacet
  facet normal -1 0 0
    outer loop
      vertex -18 -15 25
      vertex -18 6.04908 14.4283
      vertex -18 5.925 14.362
    endloop
  endfacet
  facet normal -1 0 0
    outer loop
      vertex -18 -15 25
      vertex -18 5.925 14.362
      vertex -18 5.80552 14.2877
    endloop
  endfacet
  facet normal -1 0 0
    outer loop
      vertex -18 -15 25
      vertex -18 5.80552 14.2877
      vertex -18 5.69116 14.2057
    endloop
  endfacet
  facet normal -1 0 0
    outer loop
      vertex -18 -15 25
      vertex -18 5.69116 14.2057
      vertex -18 5.58241 14.1165
    endloop
  endfacet
  facet normal -1 0 0
    outer loop
      vertex -18 -15 25
      vertex -18 5.58241 14.1165
      vertex -18 5.47972 14.0203
    endloop
  endfacet
  facet normal -1 0 0
    outer loop
      vertex -18 -15 25
      vertex -18 5.47972 14.0203
      vertex -18 5.38354 13.9176
    endloop
  endfacet
  facet normal -1 0 0
    outer loop
      vertex -18 -15 25
      vertex -18 4.85 12.5
      vertex -18 -15 0
    endloop
  endfacet
  facet normal -1 0 0
    outer loop
      vertex -18 4.85 12.5
      vertex -18 -15 25
      vertex -18 4.8546 12.6406
    endloop
  endfacet
  facet normal -1 0 0
    outer loop
      vertex -18 4.8546 12.6406
      vertex -18 -15 25
      vertex -18 4.86839 12.7806
    endloop
  endfacet
  facet normal -1 0 0
    outer loop
      vertex -18 4.86839 12.7806
      vertex -18 -15 25
      vertex -18 4.89131 12.9194
    endloop
  endfacet
  facet normal -1 0 0
    outer loop
      vertex -18 4.89131 12.9194
      vertex -18 -15 25
      vertex -18 4.92326 13.0565
    endloop
  endfacet
  facet normal -1 0 0
    outer loop
      vertex -18 4.92326 13.0565
      vertex -18 -15 25
      vertex -18 4.9641 13.1911
    endloop
  endfacet
  facet normal -1 0 0
    outer loop
      vertex -18 4.9641 13.1911
      vertex -18 -15 25
      vertex -18 5.01366 13.3228
    endloop
  endfacet
  facet normal -1 0 0
    outer loop
      vertex -18 5.01366 13.3228
      vertex -18 -15 25
      vertex -18 5.07172 13.4509
    endloop
  endfacet
  facet normal -1 0 0
    outer loop
      vertex -18 5.07172 13.4509
      vertex -18 -15 25
      vertex -18 5.13805 13.575
    endloop
  endfacet
  facet normal -1 0 0
    outer loop
      vertex -18 5.13805 13.575
      vertex -18 -15 25
      vertex -18 5.21234 13.6945
    endloop
  endfacet
  facet normal -1 0 0
    outer loop
      vertex -18 5.21234 13.6945
      vertex -18 -15 25
      vertex -18 5.29429 13.8088
    endloop
  endfacet
  facet normal -1 0 0
    outer loop
      vertex -18 5.29429 13.8088
      vertex -18 -15 25
      vertex -18 5.38354 13.9176
    endloop
  endfacet
  facet normal -1 0 0
    outer loop
      vertex -18 6.17723 14.4863
      vertex -18 -15 25
      vertex -18 15 25
    endloop
  endfacet
  facet normal 0 1 -0
    outer loop
      vertex -1 15 0
      vertex -18 15 25
      vertex -1 15 25
    endloop
  endfacet
  facet normal 0 1 0
    outer loop
      vertex -18 15 25
      vertex -1 15 0
      vertex -18 15 0
    endloop
  endfacet
  facet normal 0 1 -0
    outer loop
      vertex 18 15 0
      vertex 1 15 25
      vertex 18 15 25
    endloop
  endfacet
  facet normal 0 1 0
    outer loop
      vertex 1 15 25
      vertex 18 15 0
      vertex 1 15 0
    endloop
  endfacet
  facet normal 0 -1 0
    outer loop
      vertex -18 -15 0
      vertex 18 -15 25
      vertex -18 -15 25
    endloop
  endfacet
  facet normal 0 -1 -0
    outer loop
      vertex 18 -15 25
      vertex -18 -15 0
      vertex 18 -15 0
    endloop
  endfacet
  facet normal -0.995183 -0.0980349 0
    outer loop
      vertex 3.26799 0.214194 0
      vertex 3.24698 0.427473 25
      vertex 3.24698 0.427473 0
    endloop
  endfacet
  facet normal -0.995183 -0.0980349 0
    outer loop
      vertex 3.24698 0.427473 25
      vertex 3.26799 0.214194 0
      vertex 3.26799 0.214194 25
    endloop
  endfacet
  facet normal -0.999465 -0.0327098 0
    outer loop
      vertex 3.275 0 0
      vertex 3.26799 0.214194 25
      vertex 3.26799 0.214194 0
    endloop
  endfacet
  facet normal -0.999465 -0.0327098 0
    outer loop
      vertex 3.26799 0.214194 25
      vertex 3.275 0 0
      vertex 3.275 0 25
    endloop
  endfacet
  facet normal -0.849199 -0.528072 0
    outer loop
      vertex 2.83623 1.6375 0
      vertex 2.72306 1.81949 25
      vertex 2.72306 1.81949 0
    endloop
  endfacet
  facet normal -0.849199 -0.528072 0
    outer loop
      vertex 2.72306 1.81949 25
      vertex 2.83623 1.6375 0
      vertex 2.83623 1.6375 25
    endloop
  endfacet
  facet normal -0.471404 0.881917 0
    outer loop
      vertex 1.6375 -2.83623 0
      vertex 1.44849 -2.93726 25
      vertex 1.6375 -2.83623 25
    endloop
  endfacet
  facet normal -0.471404 0.881917 0
    outer loop
      vertex 1.44849 -2.93726 25
      vertex 1.6375 -2.83623 0
      vertex 1.44849 -2.93726 0
    endloop
  endfacet
  facet normal 0.582478 -0.812847 0
    outer loop
      vertex -1.99369 2.59823 0
      vertex -1.81949 2.72306 25
      vertex -1.99369 2.59823 25
    endloop
  endfacet
  facet normal 0.582478 -0.812847 0
    outer loop
      vertex -1.81949 2.72306 25
      vertex -1.99369 2.59823 0
      vertex -1.81949 2.72306 0
    endloop
  endfacet
  facet normal -0.41273 -0.910853 0
    outer loop
      vertex 1.25329 3.02571 0
      vertex 1.44849 2.93726 25
      vertex 1.25329 3.02571 25
    endloop
  endfacet
  facet normal -0.41273 -0.910853 -0
    outer loop
      vertex 1.44849 2.93726 25
      vertex 1.25329 3.02571 0
      vertex 1.44849 2.93726 0
    endloop
  endfacet
  facet normal -0.634388 0.773015 0
    outer loop
      vertex 2.15936 -2.46227 0
      vertex 1.99369 -2.59823 25
      vertex 2.15936 -2.46227 25
    endloop
  endfacet
  facet normal -0.634388 0.773015 0
    outer loop
      vertex 1.99369 -2.59823 25
      vertex 2.15936 -2.46227 0
      vertex 1.99369 -2.59823 0
    endloop
  endfacet
  facet normal 0.72985 -0.683607 0
    outer loop
      vertex -2.46227 2.15936 25
      vertex -2.31577 2.31577 0
      vertex -2.31577 2.31577 25
    endloop
  endfacet
  facet normal 0.72985 -0.683607 0
    outer loop
      vertex -2.31577 2.31577 0
      vertex -2.46227 2.15936 25
      vertex -2.46227 2.15936 0
    endloop
  endfacet
  facet normal 0.93591 0.352238 0
    outer loop
      vertex -3.02571 -1.25329 25
      vertex -3.1012 -1.05271 0
      vertex -3.1012 -1.05271 25
    endloop
  endfacet
  facet normal 0.93591 0.352238 0
    outer loop
      vertex -3.1012 -1.05271 0
      vertex -3.02571 -1.25329 25
      vertex -3.02571 -1.25329 0
    endloop
  endfacet
  facet normal 0.995183 -0.0980349 0
    outer loop
      vertex -3.26799 0.214194 25
      vertex -3.24698 0.427473 0
      vertex -3.24698 0.427473 25
    endloop
  endfacet
  facet normal 0.995183 -0.0980349 0
    outer loop
      vertex -3.24698 0.427473 0
      vertex -3.26799 0.214194 25
      vertex -3.26799 0.214194 0
    endloop
  endfacet
  facet normal 0.683607 -0.72985 0
    outer loop
      vertex -2.31577 2.31577 0
      vertex -2.15936 2.46227 25
      vertex -2.31577 2.31577 25
    endloop
  endfacet
  facet normal 0.683607 -0.72985 0
    outer loop
      vertex -2.15936 2.46227 25
      vertex -2.31577 2.31577 0
      vertex -2.15936 2.46227 0
    endloop
  endfacet
  facet normal -0.95694 -0.290285 0
    outer loop
      vertex 3.16341 0.847631 0
      vertex 3.1012 1.05271 25
      vertex 3.1012 1.05271 0
    endloop
  endfacet
  facet normal -0.95694 -0.290285 0
    outer loop
      vertex 3.1012 1.05271 25
      vertex 3.16341 0.847631 0
      vertex 3.16341 0.847631 25
    endloop
  endfacet
  facet normal -0.352238 0.93591 0
    outer loop
      vertex 1.25329 -3.02571 0
      vertex 1.05271 -3.1012 25
      vertex 1.25329 -3.02571 25
    endloop
  endfacet
  facet normal -0.352238 0.93591 0
    outer loop
      vertex 1.05271 -3.1012 25
      vertex 1.25329 -3.02571 0
      vertex 1.05271 -3.1012 0
    endloop
  endfacet
  facet normal -0.986643 0.162895 0
    outer loop
      vertex 3.21207 -0.638921 0
      vertex 3.24698 -0.427473 25
      vertex 3.24698 -0.427473 0
    endloop
  endfacet
  facet normal -0.986643 0.162895 0
    outer loop
      vertex 3.24698 -0.427473 25
      vertex 3.21207 -0.638921 0
      vertex 3.21207 -0.638921 25
    endloop
  endfacet
  facet normal 0.72985 0.683607 0
    outer loop
      vertex -2.31577 -2.31577 25
      vertex -2.46227 -2.15936 0
      vertex -2.46227 -2.15936 25
    endloop
  endfacet
  facet normal 0.72985 0.683607 0
    outer loop
      vertex -2.46227 -2.15936 0
      vertex -2.31577 -2.31577 25
      vertex -2.31577 -2.31577 0
    endloop
  endfacet
  facet normal -0.773015 -0.634388 0
    outer loop
      vertex 2.59823 1.99369 0
      vertex 2.46227 2.15936 25
      vertex 2.46227 2.15936 0
    endloop
  endfacet
  facet normal -0.773015 -0.634388 0
    outer loop
      vertex 2.46227 2.15936 25
      vertex 2.59823 1.99369 0
      vertex 2.59823 1.99369 25
    endloop
  endfacet
  facet normal 0.95694 -0.290285 0
    outer loop
      vertex -3.16341 0.847631 25
      vertex -3.1012 1.05271 0
      vertex -3.1012 1.05271 25
    endloop
  endfacet
  facet normal 0.95694 -0.290285 0
    outer loop
      vertex -3.1012 1.05271 0
      vertex -3.16341 0.847631 25
      vertex -3.16341 0.847631 0
    endloop
  endfacet
  facet normal 0.528072 0.849199 -0
    outer loop
      vertex -1.6375 -2.83623 0
      vertex -1.81949 -2.72306 25
      vertex -1.6375 -2.83623 25
    endloop
  endfacet
  facet normal 0.528072 0.849199 0
    outer loop
      vertex -1.81949 -2.72306 25
      vertex -1.6375 -2.83623 0
      vertex -1.81949 -2.72306 0
    endloop
  endfacet
  facet normal 0.0327098 0.999465 -0
    outer loop
      vertex 0 -3.275 0
      vertex -0.214194 -3.26799 25
      vertex 0 -3.275 25
    endloop
  endfacet
  facet normal 0.0327098 0.999465 0
    outer loop
      vertex -0.214194 -3.26799 25
      vertex 0 -3.275 0
      vertex -0.214194 -3.26799 0
    endloop
  endfacet
  facet normal -0.812847 -0.582478 0
    outer loop
      vertex 2.72306 1.81949 0
      vertex 2.59823 1.99369 25
      vertex 2.59823 1.99369 0
    endloop
  endfacet
  facet normal -0.812847 -0.582478 0
    outer loop
      vertex 2.59823 1.99369 25
      vertex 2.72306 1.81949 0
      vertex 2.72306 1.81949 25
    endloop
  endfacet
  facet normal -0.582478 -0.812847 0
    outer loop
      vertex 1.81949 2.72306 0
      vertex 1.99369 2.59823 25
      vertex 1.81949 2.72306 25
    endloop
  endfacet
  facet normal -0.582478 -0.812847 -0
    outer loop
      vertex 1.99369 2.59823 25
      vertex 1.81949 2.72306 0
      vertex 1.99369 2.59823 0
    endloop
  endfacet
  facet normal 0.849199 0.528072 0
    outer loop
      vertex -2.72306 -1.81949 25
      vertex -2.83623 -1.6375 0
      vertex -2.83623 -1.6375 25
    endloop
  endfacet
  facet normal 0.849199 0.528072 0
    outer loop
      vertex -2.83623 -1.6375 0
      vertex -2.72306 -1.81949 25
      vertex -2.72306 -1.81949 0
    endloop
  endfacet
  facet normal -0.72985 -0.683607 0
    outer loop
      vertex 2.46227 2.15936 0
      vertex 2.31577 2.31577 25
      vertex 2.31577 2.31577 0
    endloop
  endfacet
  facet normal -0.72985 -0.683607 0
    outer loop
      vertex 2.31577 2.31577 25
      vertex 2.46227 2.15936 0
      vertex 2.46227 2.15936 25
    endloop
  endfacet
  facet normal -0.227057 0.973881 0
    outer loop
      vertex 0.847631 -3.16341 0
      vertex 0.638921 -3.21207 25
      vertex 0.847631 -3.16341 25
    endloop
  endfacet
  facet normal -0.227057 0.973881 0
    outer loop
      vertex 0.638921 -3.21207 25
      vertex 0.847631 -3.16341 0
      vertex 0.638921 -3.21207 0
    endloop
  endfacet
  facet normal -0.528072 -0.849199 0
    outer loop
      vertex 1.6375 2.83623 0
      vertex 1.81949 2.72306 25
      vertex 1.6375 2.83623 25
    endloop
  endfacet
  facet normal -0.528072 -0.849199 -0
    outer loop
      vertex 1.81949 2.72306 25
      vertex 1.6375 2.83623 0
      vertex 1.81949 2.72306 0
    endloop
  endfacet
  facet normal 0.41273 -0.910853 0
    outer loop
      vertex -1.44849 2.93726 0
      vertex -1.25329 3.02571 25
      vertex -1.44849 2.93726 25
    endloop
  endfacet
  facet normal 0.41273 -0.910853 0
    outer loop
      vertex -1.25329 3.02571 25
      vertex -1.44849 2.93726 0
      vertex -1.25329 3.02571 0
    endloop
  endfacet
  facet normal -0.973881 -0.227057 0
    outer loop
      vertex 3.21207 0.638921 0
      vertex 3.16341 0.847631 25
      vertex 3.16341 0.847631 0
    endloop
  endfacet
  facet normal -0.973881 -0.227057 0
    outer loop
      vertex 3.16341 0.847631 25
      vertex 3.21207 0.638921 0
      vertex 3.21207 0.638921 25
    endloop
  endfacet
  facet normal 0.352238 -0.93591 0
    outer loop
      vertex -1.25329 3.02571 0
      vertex -1.05271 3.1012 25
      vertex -1.25329 3.02571 25
    endloop
  endfacet
  facet normal 0.352238 -0.93591 0
    outer loop
      vertex -1.05271 3.1012 25
      vertex -1.25329 3.02571 0
      vertex -1.05271 3.1012 0
    endloop
  endfacet
  facet normal -0.162895 0.986643 0
    outer loop
      vertex 0.638921 -3.21207 0
      vertex 0.427473 -3.24698 25
      vertex 0.638921 -3.21207 25
    endloop
  endfacet
  facet normal -0.162895 0.986643 0
    outer loop
      vertex 0.427473 -3.24698 25
      vertex 0.638921 -3.21207 0
      vertex 0.427473 -3.24698 0
    endloop
  endfacet
  facet normal -0.0980349 0.995183 0
    outer loop
      vertex 0.427473 -3.24698 0
      vertex 0.214194 -3.26799 25
      vertex 0.427473 -3.24698 25
    endloop
  endfacet
  facet normal -0.0980349 0.995183 0
    outer loop
      vertex 0.214194 -3.26799 25
      vertex 0.427473 -3.24698 0
      vertex 0.214194 -3.26799 0
    endloop
  endfacet
  facet normal -0.910853 -0.41273 0
    outer loop
      vertex 3.02571 1.25329 0
      vertex 2.93726 1.44849 25
      vertex 2.93726 1.44849 0
    endloop
  endfacet
  facet normal -0.910853 -0.41273 0
    outer loop
      vertex 2.93726 1.44849 25
      vertex 3.02571 1.25329 0
      vertex 3.02571 1.25329 25
    endloop
  endfacet
  facet normal 0.973881 -0.227057 0
    outer loop
      vertex -3.21207 0.638921 25
      vertex -3.16341 0.847631 0
      vertex -3.16341 0.847631 25
    endloop
  endfacet
  facet normal 0.973881 -0.227057 0
    outer loop
      vertex -3.16341 0.847631 0
      vertex -3.21207 0.638921 25
      vertex -3.21207 0.638921 0
    endloop
  endfacet
  facet normal 0.910853 0.41273 0
    outer loop
      vertex -2.93726 -1.44849 25
      vertex -3.02571 -1.25329 0
      vertex -3.02571 -1.25329 25
    endloop
  endfacet
  facet normal 0.910853 0.41273 0
    outer loop
      vertex -3.02571 -1.25329 0
      vertex -2.93726 -1.44849 25
      vertex -2.93726 -1.44849 0
    endloop
  endfacet
  facet normal -0.528072 0.849199 0
    outer loop
      vertex 1.81949 -2.72306 0
      vertex 1.6375 -2.83623 25
      vertex 1.81949 -2.72306 25
    endloop
  endfacet
  facet normal -0.528072 0.849199 0
    outer loop
      vertex 1.6375 -2.83623 25
      vertex 1.81949 -2.72306 0
      vertex 1.6375 -2.83623 0
    endloop
  endfacet
  facet normal 0.93591 -0.352238 0
    outer loop
      vertex -3.1012 1.05271 25
      vertex -3.02571 1.25329 0
      vertex -3.02571 1.25329 25
    endloop
  endfacet
  facet normal 0.93591 -0.352238 0
    outer loop
      vertex -3.02571 1.25329 0
      vertex -3.1012 1.05271 25
      vertex -3.1012 1.05271 0
    endloop
  endfacet
  facet normal 0.471404 0.881917 -0
    outer loop
      vertex -1.44849 -2.93726 0
      vertex -1.6375 -2.83623 25
      vertex -1.44849 -2.93726 25
    endloop
  endfacet
  facet normal 0.471404 0.881917 0
    outer loop
      vertex -1.6375 -2.83623 25
      vertex -1.44849 -2.93726 0
      vertex -1.6375 -2.83623 0
    endloop
  endfacet
  facet normal 0.881917 -0.471404 0
    outer loop
      vertex -2.93726 1.44849 25
      vertex -2.83623 1.6375 0
      vertex -2.83623 1.6375 25
    endloop
  endfacet
  facet normal 0.881917 -0.471404 0
    outer loop
      vertex -2.83623 1.6375 0
      vertex -2.93726 1.44849 25
      vertex -2.93726 1.44849 0
    endloop
  endfacet
  facet normal -0.849199 0.528072 0
    outer loop
      vertex 2.72306 -1.81949 0
      vertex 2.83623 -1.6375 25
      vertex 2.83623 -1.6375 0
    endloop
  endfacet
  facet normal -0.849199 0.528072 0
    outer loop
      vertex 2.83623 -1.6375 25
      vertex 2.72306 -1.81949 0
      vertex 2.72306 -1.81949 25
    endloop
  endfacet
  facet normal -0.471404 -0.881917 0
    outer loop
      vertex 1.44849 2.93726 0
      vertex 1.6375 2.83623 25
      vertex 1.44849 2.93726 25
    endloop
  endfacet
  facet normal -0.471404 -0.881917 -0
    outer loop
      vertex 1.6375 2.83623 25
      vertex 1.44849 2.93726 0
      vertex 1.6375 2.83623 0
    endloop
  endfacet
  facet normal 0.227057 0.973881 -0
    outer loop
      vertex -0.638921 -3.21207 0
      vertex -0.847631 -3.16341 25
      vertex -0.638921 -3.21207 25
    endloop
  endfacet
  facet normal 0.227057 0.973881 0
    outer loop
      vertex -0.847631 -3.16341 25
      vertex -0.638921 -3.21207 0
      vertex -0.847631 -3.16341 0
    endloop
  endfacet
  facet normal 0.986643 0.162895 0
    outer loop
      vertex -3.21207 -0.638921 25
      vertex -3.24698 -0.427473 0
      vertex -3.24698 -0.427473 25
    endloop
  endfacet
  facet normal 0.986643 0.162895 0
    outer loop
      vertex -3.24698 -0.427473 0
      vertex -3.21207 -0.638921 25
      vertex -3.21207 -0.638921 0
    endloop
  endfacet
  facet normal -0.881917 -0.471404 0
    outer loop
      vertex 2.93726 1.44849 0
      vertex 2.83623 1.6375 25
      vertex 2.83623 1.6375 0
    endloop
  endfacet
  facet normal -0.881917 -0.471404 0
    outer loop
      vertex 2.83623 1.6375 25
      vertex 2.93726 1.44849 0
      vertex 2.93726 1.44849 25
    endloop
  endfacet
  facet normal -0.812847 0.582478 0
    outer loop
      vertex 2.59823 -1.99369 0
      vertex 2.72306 -1.81949 25
      vertex 2.72306 -1.81949 0
    endloop
  endfacet
  facet normal -0.812847 0.582478 0
    outer loop
      vertex 2.72306 -1.81949 25
      vertex 2.59823 -1.99369 0
      vertex 2.59823 -1.99369 25
    endloop
  endfacet
  facet normal -0.773015 0.634388 0
    outer loop
      vertex 2.46227 -2.15936 0
      vertex 2.59823 -1.99369 25
      vertex 2.59823 -1.99369 0
    endloop
  endfacet
  facet normal -0.773015 0.634388 0
    outer loop
      vertex 2.59823 -1.99369 25
      vertex 2.46227 -2.15936 0
      vertex 2.46227 -2.15936 25
    endloop
  endfacet
  facet normal 0.881917 0.471404 0
    outer loop
      vertex -2.83623 -1.6375 25
      vertex -2.93726 -1.44849 0
      vertex -2.93726 -1.44849 25
    endloop
  endfacet
  facet normal 0.881917 0.471404 0
    outer loop
      vertex -2.93726 -1.44849 0
      vertex -2.83623 -1.6375 25
      vertex -2.83623 -1.6375 0
    endloop
  endfacet
  facet normal -0.41273 0.910853 0
    outer loop
      vertex 1.44849 -2.93726 0
      vertex 1.25329 -3.02571 25
      vertex 1.44849 -2.93726 25
    endloop
  endfacet
  facet normal -0.41273 0.910853 0
    outer loop
      vertex 1.25329 -3.02571 25
      vertex 1.44849 -2.93726 0
      vertex 1.25329 -3.02571 0
    endloop
  endfacet
  facet normal 0.528072 -0.849199 0
    outer loop
      vertex -1.81949 2.72306 0
      vertex -1.6375 2.83623 25
      vertex -1.81949 2.72306 25
    endloop
  endfacet
  facet normal 0.528072 -0.849199 0
    outer loop
      vertex -1.6375 2.83623 25
      vertex -1.81949 2.72306 0
      vertex -1.6375 2.83623 0
    endloop
  endfacet
  facet normal -0.881917 0.471404 0
    outer loop
      vertex 2.83623 -1.6375 0
      vertex 2.93726 -1.44849 25
      vertex 2.93726 -1.44849 0
    endloop
  endfacet
  facet normal -0.881917 0.471404 0
    outer loop
      vertex 2.93726 -1.44849 25
      vertex 2.83623 -1.6375 0
      vertex 2.83623 -1.6375 25
    endloop
  endfacet
  facet normal -0.352238 -0.93591 0
    outer loop
      vertex 1.05271 3.1012 0
      vertex 1.25329 3.02571 25
      vertex 1.05271 3.1012 25
    endloop
  endfacet
  facet normal -0.352238 -0.93591 -0
    outer loop
      vertex 1.25329 3.02571 25
      vertex 1.05271 3.1012 0
      vertex 1.25329 3.02571 0
    endloop
  endfacet
  facet normal -0.0327098 0.999465 0
    outer loop
      vertex 0.214194 -3.26799 0
      vertex 0 -3.275 25
      vertex 0.214194 -3.26799 25
    endloop
  endfacet
  facet normal -0.0327098 0.999465 0
    outer loop
      vertex 0 -3.275 25
      vertex 0.214194 -3.26799 0
      vertex 0 -3.275 0
    endloop
  endfacet
  facet normal 0.352238 0.93591 -0
    outer loop
      vertex -1.05271 -3.1012 0
      vertex -1.25329 -3.02571 25
      vertex -1.05271 -3.1012 25
    endloop
  endfacet
  facet normal 0.352238 0.93591 0
    outer loop
      vertex -1.25329 -3.02571 25
      vertex -1.05271 -3.1012 0
      vertex -1.25329 -3.02571 0
    endloop
  endfacet
  facet normal 0.812847 -0.582478 0
    outer loop
      vertex -2.72306 1.81949 25
      vertex -2.59823 1.99369 0
      vertex -2.59823 1.99369 25
    endloop
  endfacet
  facet normal 0.812847 -0.582478 0
    outer loop
      vertex -2.59823 1.99369 0
      vertex -2.72306 1.81949 25
      vertex -2.72306 1.81949 0
    endloop
  endfacet
  facet normal 0.973881 0.227057 0
    outer loop
      vertex -3.16341 -0.847631 25
      vertex -3.21207 -0.638921 0
      vertex -3.21207 -0.638921 25
    endloop
  endfacet
  facet normal 0.973881 0.227057 0
    outer loop
      vertex -3.21207 -0.638921 0
      vertex -3.16341 -0.847631 25
      vertex -3.16341 -0.847631 0
    endloop
  endfacet
  facet normal 0.773015 0.634388 0
    outer loop
      vertex -2.46227 -2.15936 25
      vertex -2.59823 -1.99369 0
      vertex -2.59823 -1.99369 25
    endloop
  endfacet
  facet normal 0.773015 0.634388 0
    outer loop
      vertex -2.59823 -1.99369 0
      vertex -2.46227 -2.15936 25
      vertex -2.46227 -2.15936 0
    endloop
  endfacet
  facet normal -0.999465 0.0327098 0
    outer loop
      vertex 3.26799 -0.214194 0
      vertex 3.275 0 25
      vertex 3.275 0 0
    endloop
  endfacet
  facet normal -0.999465 0.0327098 0
    outer loop
      vertex 3.275 0 25
      vertex 3.26799 -0.214194 0
      vertex 3.26799 -0.214194 25
    endloop
  endfacet
  facet normal 0.95694 0.290285 0
    outer loop
      vertex -3.1012 -1.05271 25
      vertex -3.16341 -0.847631 0
      vertex -3.16341 -0.847631 25
    endloop
  endfacet
  facet normal 0.95694 0.290285 0
    outer loop
      vertex -3.16341 -0.847631 0
      vertex -3.1012 -1.05271 25
      vertex -3.1012 -1.05271 0
    endloop
  endfacet
  facet normal 0.290295 -0.956937 0
    outer loop
      vertex -1.05271 3.1012 0
      vertex -1 3.11719 25
      vertex -1.05271 3.1012 25
    endloop
  endfacet
  facet normal 0.290295 -0.956937 0
    outer loop
      vertex -1 3.11719 25
      vertex -1.05271 3.1012 0
      vertex -1 3.11719 0
    endloop
  endfacet
  facet normal -0.973881 0.227057 0
    outer loop
      vertex 3.16341 -0.847631 0
      vertex 3.21207 -0.638921 25
      vertex 3.21207 -0.638921 0
    endloop
  endfacet
  facet normal -0.973881 0.227057 0
    outer loop
      vertex 3.21207 -0.638921 25
      vertex 3.16341 -0.847631 0
      vertex 3.16341 -0.847631 25
    endloop
  endfacet
  facet normal -0.93591 0.352238 0
    outer loop
      vertex 3.02571 -1.25329 0
      vertex 3.1012 -1.05271 25
      vertex 3.1012 -1.05271 0
    endloop
  endfacet
  facet normal -0.93591 0.352238 0
    outer loop
      vertex 3.1012 -1.05271 25
      vertex 3.02571 -1.25329 0
      vertex 3.02571 -1.25329 25
    endloop
  endfacet
  facet normal -0.634388 -0.773015 0
    outer loop
      vertex 1.99369 2.59823 0
      vertex 2.15936 2.46227 25
      vertex 1.99369 2.59823 25
    endloop
  endfacet
  facet normal -0.634388 -0.773015 -0
    outer loop
      vertex 2.15936 2.46227 25
      vertex 1.99369 2.59823 0
      vertex 2.15936 2.46227 0
    endloop
  endfacet
  facet normal 0.0980349 0.995183 -0
    outer loop
      vertex -0.214194 -3.26799 0
      vertex -0.427473 -3.24698 25
      vertex -0.214194 -3.26799 25
    endloop
  endfacet
  facet normal 0.0980349 0.995183 0
    outer loop
      vertex -0.427473 -3.24698 25
      vertex -0.214194 -3.26799 0
      vertex -0.427473 -3.24698 0
    endloop
  endfacet
  facet normal -0.290285 0.95694 0
    outer loop
      vertex 1.05271 -3.1012 0
      vertex 0.847631 -3.16341 25
      vertex 1.05271 -3.1012 25
    endloop
  endfacet
  facet normal -0.290285 0.95694 0
    outer loop
      vertex 0.847631 -3.16341 25
      vertex 1.05271 -3.1012 0
      vertex 0.847631 -3.16341 0
    endloop
  endfacet
  facet normal 0.910853 -0.41273 0
    outer loop
      vertex -3.02571 1.25329 25
      vertex -2.93726 1.44849 0
      vertex -2.93726 1.44849 25
    endloop
  endfacet
  facet normal 0.910853 -0.41273 0
    outer loop
      vertex -2.93726 1.44849 0
      vertex -3.02571 1.25329 25
      vertex -3.02571 1.25329 0
    endloop
  endfacet
  facet normal -0.995183 0.0980349 0
    outer loop
      vertex 3.24698 -0.427473 0
      vertex 3.26799 -0.214194 25
      vertex 3.26799 -0.214194 0
    endloop
  endfacet
  facet normal -0.995183 0.0980349 0
    outer loop
      vertex 3.26799 -0.214194 25
      vertex 3.24698 -0.427473 0
      vertex 3.24698 -0.427473 25
    endloop
  endfacet
  facet normal -0.93591 -0.352238 0
    outer loop
      vertex 3.1012 1.05271 0
      vertex 3.02571 1.25329 25
      vertex 3.02571 1.25329 0
    endloop
  endfacet
  facet normal -0.93591 -0.352238 0
    outer loop
      vertex 3.02571 1.25329 25
      vertex 3.1012 1.05271 0
      vertex 3.1012 1.05271 25
    endloop
  endfacet
  facet normal -0.986643 -0.162895 0
    outer loop
      vertex 3.24698 0.427473 0
      vertex 3.21207 0.638921 25
      vertex 3.21207 0.638921 0
    endloop
  endfacet
  facet normal -0.986643 -0.162895 0
    outer loop
      vertex 3.21207 0.638921 25
      vertex 3.24698 0.427473 0
      vertex 3.24698 0.427473 25
    endloop
  endfacet
  facet normal 0.162895 0.986643 -0
    outer loop
      vertex -0.427473 -3.24698 0
      vertex -0.638921 -3.21207 25
      vertex -0.427473 -3.24698 25
    endloop
  endfacet
  facet normal 0.162895 0.986643 0
    outer loop
      vertex -0.638921 -3.21207 25
      vertex -0.427473 -3.24698 0
      vertex -0.638921 -3.21207 0
    endloop
  endfacet
  facet normal 0.634388 -0.773015 0
    outer loop
      vertex -2.15936 2.46227 0
      vertex -1.99369 2.59823 25
      vertex -2.15936 2.46227 25
    endloop
  endfacet
  facet normal 0.634388 -0.773015 0
    outer loop
      vertex -1.99369 2.59823 25
      vertex -2.15936 2.46227 0
      vertex -1.99369 2.59823 0
    endloop
  endfacet
  facet normal 0.995183 0.0980349 0
    outer loop
      vertex -3.24698 -0.427473 25
      vertex -3.26799 -0.214194 0
      vertex -3.26799 -0.214194 25
    endloop
  endfacet
  facet normal 0.995183 0.0980349 0
    outer loop
      vertex -3.26799 -0.214194 0
      vertex -3.24698 -0.427473 25
      vertex -3.24698 -0.427473 0
    endloop
  endfacet
  facet normal -0.683607 -0.72985 0
    outer loop
      vertex 2.15936 2.46227 0
      vertex 2.31577 2.31577 25
      vertex 2.15936 2.46227 25
    endloop
  endfacet
  facet normal -0.683607 -0.72985 -0
    outer loop
      vertex 2.31577 2.31577 25
      vertex 2.15936 2.46227 0
      vertex 2.31577 2.31577 0
    endloop
  endfacet
  facet normal 0.986643 -0.162895 0
    outer loop
      vertex -3.24698 0.427473 25
      vertex -3.21207 0.638921 0
      vertex -3.21207 0.638921 25
    endloop
  endfacet
  facet normal 0.986643 -0.162895 0
    outer loop
      vertex -3.21207 0.638921 0
      vertex -3.24698 0.427473 25
      vertex -3.24698 0.427473 0
    endloop
  endfacet
  facet normal 0.41273 0.910853 -0
    outer loop
      vertex -1.25329 -3.02571 0
      vertex -1.44849 -2.93726 25
      vertex -1.25329 -3.02571 25
    endloop
  endfacet
  facet normal 0.41273 0.910853 0
    outer loop
      vertex -1.44849 -2.93726 25
      vertex -1.25329 -3.02571 0
      vertex -1.44849 -2.93726 0
    endloop
  endfacet
  facet normal 0.683607 0.72985 -0
    outer loop
      vertex -2.15936 -2.46227 0
      vertex -2.31577 -2.31577 25
      vertex -2.15936 -2.46227 25
    endloop
  endfacet
  facet normal 0.683607 0.72985 0
    outer loop
      vertex -2.31577 -2.31577 25
      vertex -2.15936 -2.46227 0
      vertex -2.31577 -2.31577 0
    endloop
  endfacet
  facet normal 0.290285 0.95694 -0
    outer loop
      vertex -0.847631 -3.16341 0
      vertex -1.05271 -3.1012 25
      vertex -0.847631 -3.16341 25
    endloop
  endfacet
  facet normal 0.290285 0.95694 0
    outer loop
      vertex -1.05271 -3.1012 25
      vertex -0.847631 -3.16341 0
      vertex -1.05271 -3.1012 0
    endloop
  endfacet
  facet normal 0.773015 -0.634388 0
    outer loop
      vertex -2.59823 1.99369 25
      vertex -2.46227 2.15936 0
      vertex -2.46227 2.15936 25
    endloop
  endfacet
  facet normal 0.773015 -0.634388 0
    outer loop
      vertex -2.46227 2.15936 0
      vertex -2.59823 1.99369 25
      vertex -2.59823 1.99369 0
    endloop
  endfacet
  facet normal 0.999465 0.0327098 0
    outer loop
      vertex -3.26799 -0.214194 25
      vertex -3.275 0 0
      vertex -3.275 0 25
    endloop
  endfacet
  facet normal 0.999465 0.0327098 0
    outer loop
      vertex -3.275 0 0
      vertex -3.26799 -0.214194 25
      vertex -3.26799 -0.214194 0
    endloop
  endfacet
  facet normal -0.582478 0.812847 0
    outer loop
      vertex 1.99369 -2.59823 0
      vertex 1.81949 -2.72306 25
      vertex 1.99369 -2.59823 25
    endloop
  endfacet
  facet normal -0.582478 0.812847 0
    outer loop
      vertex 1.81949 -2.72306 25
      vertex 1.99369 -2.59823 0
      vertex 1.81949 -2.72306 0
    endloop
  endfacet
  facet normal 0.471404 -0.881917 0
    outer loop
      vertex -1.6375 2.83623 0
      vertex -1.44849 2.93726 25
      vertex -1.6375 2.83623 25
    endloop
  endfacet
  facet normal 0.471404 -0.881917 0
    outer loop
      vertex -1.44849 2.93726 25
      vertex -1.6375 2.83623 0
      vertex -1.44849 2.93726 0
    endloop
  endfacet
  facet normal -0.95694 0.290285 0
    outer loop
      vertex 3.1012 -1.05271 0
      vertex 3.16341 -0.847631 25
      vertex 3.16341 -0.847631 0
    endloop
  endfacet
  facet normal -0.95694 0.290285 0
    outer loop
      vertex 3.16341 -0.847631 25
      vertex 3.1012 -1.05271 0
      vertex 3.1012 -1.05271 25
    endloop
  endfacet
  facet normal -0.910853 0.41273 0
    outer loop
      vertex 2.93726 -1.44849 0
      vertex 3.02571 -1.25329 25
      vertex 3.02571 -1.25329 0
    endloop
  endfacet
  facet normal -0.910853 0.41273 0
    outer loop
      vertex 3.02571 -1.25329 25
      vertex 2.93726 -1.44849 0
      vertex 2.93726 -1.44849 25
    endloop
  endfacet
  facet normal -0.290295 -0.956937 0
    outer loop
      vertex 1 3.11719 0
      vertex 1.05271 3.1012 25
      vertex 1 3.11719 25
    endloop
  endfacet
  facet normal -0.290295 -0.956937 -0
    outer loop
      vertex 1.05271 3.1012 25
      vertex 1 3.11719 0
      vertex 1.05271 3.1012 0
    endloop
  endfacet
  facet normal 0.634388 0.773015 -0
    outer loop
      vertex -1.99369 -2.59823 0
      vertex -2.15936 -2.46227 25
      vertex -1.99369 -2.59823 25
    endloop
  endfacet
  facet normal 0.634388 0.773015 0
    outer loop
      vertex -2.15936 -2.46227 25
      vertex -1.99369 -2.59823 0
      vertex -2.15936 -2.46227 0
    endloop
  endfacet
  facet normal 0.812847 0.582478 0
    outer loop
      vertex -2.59823 -1.99369 25
      vertex -2.72306 -1.81949 0
      vertex -2.72306 -1.81949 25
    endloop
  endfacet
  facet normal 0.812847 0.582478 0
    outer loop
      vertex -2.72306 -1.81949 0
      vertex -2.59823 -1.99369 25
      vertex -2.59823 -1.99369 0
    endloop
  endfacet
  facet normal 0.849199 -0.528072 0
    outer loop
      vertex -2.83623 1.6375 25
      vertex -2.72306 1.81949 0
      vertex -2.72306 1.81949 25
    endloop
  endfacet
  facet normal 0.849199 -0.528072 0
    outer loop
      vertex -2.72306 1.81949 0
      vertex -2.83623 1.6375 25
      vertex -2.83623 1.6375 0
    endloop
  endfacet
  facet normal -0.683607 0.72985 0
    outer loop
      vertex 2.31577 -2.31577 0
      vertex 2.15936 -2.46227 25
      vertex 2.31577 -2.31577 25
    endloop
  endfacet
  facet normal -0.683607 0.72985 0
    outer loop
      vertex 2.15936 -2.46227 25
      vertex 2.31577 -2.31577 0
      vertex 2.15936 -2.46227 0
    endloop
  endfacet
  facet normal 0.999465 -0.0327098 0
    outer loop
      vertex -3.275 0 25
      vertex -3.26799 0.214194 0
      vertex -3.26799 0.214194 25
    endloop
  endfacet
  facet normal 0.999465 -0.0327098 0
    outer loop
      vertex -3.26799 0.214194 0
      vertex -3.275 0 25
      vertex -3.275 0 0
    endloop
  endfacet
  facet normal -0.72985 0.683607 0
    outer loop
      vertex 2.31577 -2.31577 0
      vertex 2.46227 -2.15936 25
      vertex 2.46227 -2.15936 0
    endloop
  endfacet
  facet normal -0.72985 0.683607 0
    outer loop
      vertex 2.46227 -2.15936 25
      vertex 2.31577 -2.31577 0
      vertex 2.31577 -2.31577 25
    endloop
  endfacet
  facet normal 0.582478 0.812847 -0
    outer loop
      vertex -1.81949 -2.72306 0
      vertex -1.99369 -2.59823 25
      vertex -1.81949 -2.72306 25
    endloop
  endfacet
  facet normal 0.582478 0.812847 0
    outer loop
      vertex -1.99369 -2.59823 25
      vertex -1.81949 -2.72306 0
      vertex -1.99369 -2.59823 0
    endloop
  endfacet
  facet normal -1 0 0
    outer loop
      vertex 1 15 0
      vertex 1 9.15 12.5
      vertex 1 15 25
    endloop
  endfacet
  facet normal -1 0 0
    outer loop
      vertex 1 15 0
      vertex 1 9.1454 12.3594
      vertex 1 9.15 12.5
    endloop
  endfacet
  facet normal -1 0 0
    outer loop
      vertex 1 15 0
      vertex 1 9.13161 12.2194
      vertex 1 9.1454 12.3594
    endloop
  endfacet
  facet normal -1 0 0
    outer loop
      vertex 1 15 0
      vertex 1 9.10869 12.0806
      vertex 1 9.13161 12.2194
    endloop
  endfacet
  facet normal -1 0 0
    outer loop
      vertex 1 15 0
      vertex 1 9.07674 11.9435
      vertex 1 9.10869 12.0806
    endloop
  endfacet
  facet normal -1 0 0
    outer loop
      vertex 1 15 0
      vertex 1 9.0359 11.8089
      vertex 1 9.07674 11.9435
    endloop
  endfacet
  facet normal -1 0 0
    outer loop
      vertex 1 15 0
      vertex 1 8.98634 11.6772
      vertex 1 9.0359 11.8089
    endloop
  endfacet
  facet normal -1 0 0
    outer loop
      vertex 1 15 0
      vertex 1 8.92828 11.5491
      vertex 1 8.98634 11.6772
    endloop
  endfacet
  facet normal -1 0 0
    outer loop
      vertex 1 15 0
      vertex 1 8.86195 11.425
      vertex 1 8.92828 11.5491
    endloop
  endfacet
  facet normal -1 0 0
    outer loop
      vertex 1 15 0
      vertex 1 8.78766 11.3055
      vertex 1 8.86195 11.425
    endloop
  endfacet
  facet normal -1 0 0
    outer loop
      vertex 1 15 0
      vertex 1 8.70571 11.1912
      vertex 1 8.78766 11.3055
    endloop
  endfacet
  facet normal -1 0 0
    outer loop
      vertex 1 15 0
      vertex 1 8.61646 11.0824
      vertex 1 8.70571 11.1912
    endloop
  endfacet
  facet normal -1 0 0
    outer loop
      vertex 1 15 0
      vertex 1 8.52028 10.9797
      vertex 1 8.61646 11.0824
    endloop
  endfacet
  facet normal -1 0 0
    outer loop
      vertex 1 15 0
      vertex 1 8.41759 10.8835
      vertex 1 8.52028 10.9797
    endloop
  endfacet
  facet normal -1 0 0
    outer loop
      vertex 1 15 0
      vertex 1 8.30884 10.7943
      vertex 1 8.41759 10.8835
    endloop
  endfacet
  facet normal -1 0 0
    outer loop
      vertex 1 15 0
      vertex 1 8.19448 10.7123
      vertex 1 8.30884 10.7943
    endloop
  endfacet
  facet normal -1 0 0
    outer loop
      vertex 1 15 0
      vertex 1 8.075 10.638
      vertex 1 8.19448 10.7123
    endloop
  endfacet
  facet normal -1 0 0
    outer loop
      vertex 1 15 0
      vertex 1 7.95092 10.5717
      vertex 1 8.075 10.638
    endloop
  endfacet
  facet normal -1 0 0
    outer loop
      vertex 1 15 0
      vertex 1 7.82277 10.5137
      vertex 1 7.95092 10.5717
    endloop
  endfacet
  facet normal -1 0 0
    outer loop
      vertex 1 15 0
      vertex 1 7.69109 10.4641
      vertex 1 7.82277 10.5137
    endloop
  endfacet
  facet normal -1 0 0
    outer loop
      vertex 1 15 0
      vertex 1 7.55646 10.4233
      vertex 1 7.69109 10.4641
    endloop
  endfacet
  facet normal -1 0 0
    outer loop
      vertex 1 15 0
      vertex 1 7.41944 10.3913
      vertex 1 7.55646 10.4233
    endloop
  endfacet
  facet normal -1 0 0
    outer loop
      vertex 1 3.11719 0
      vertex 1 7.41944 10.3913
      vertex 1 15 0
    endloop
  endfacet
  facet normal -1 0 0
    outer loop
      vertex 1 7.41944 10.3913
      vertex 1 3.11719 0
      vertex 1 7.28063 10.3684
    endloop
  endfacet
  facet normal -1 0 0
    outer loop
      vertex 1 7.28063 10.3684
      vertex 1 3.11719 0
      vertex 1 7.14062 10.3546
    endloop
  endfacet
  facet normal -1 0 0
    outer loop
      vertex 1 7.14062 10.3546
      vertex 1 3.11719 0
      vertex 1 7 10.35
    endloop
  endfacet
  facet normal -1 -0 0
    outer loop
      vertex 1 7 10.35
      vertex 1 3.11719 0
      vertex 1 6.85938 10.3546
    endloop
  endfacet
  facet normal -1 -0 0
    outer loop
      vertex 1 6.85938 10.3546
      vertex 1 3.11719 0
      vertex 1 6.71937 10.3684
    endloop
  endfacet
  facet normal -1 -0 0
    outer loop
      vertex 1 6.71937 10.3684
      vertex 1 3.11719 0
      vertex 1 6.58055 10.3913
    endloop
  endfacet
  facet normal -1 -0 0
    outer loop
      vertex 1 6.58055 10.3913
      vertex 1 3.11719 0
      vertex 1 6.44354 10.4233
    endloop
  endfacet
  facet normal -1 -0 0
    outer loop
      vertex 1 6.44354 10.4233
      vertex 1 3.11719 0
      vertex 1 6.3089 10.4641
    endloop
  endfacet
  facet normal -1 -0 0
    outer loop
      vertex 1 6.3089 10.4641
      vertex 1 3.11719 0
      vertex 1 6.17723 10.5137
    endloop
  endfacet
  facet normal -1 -0 0
    outer loop
      vertex 1 6.17723 10.5137
      vertex 1 3.11719 0
      vertex 1 6.04908 10.5717
    endloop
  endfacet
  facet normal -1 -0 0
    outer loop
      vertex 1 6.04908 10.5717
      vertex 1 3.11719 0
      vertex 1 5.925 10.638
    endloop
  endfacet
  facet normal -1 -0 0
    outer loop
      vertex 1 5.925 10.638
      vertex 1 3.11719 0
      vertex 1 5.80552 10.7123
    endloop
  endfacet
  facet normal -1 -0 0
    outer loop
      vertex 1 5.80552 10.7123
      vertex 1 3.11719 0
      vertex 1 5.69116 10.7943
    endloop
  endfacet
  facet normal -1 -0 0
    outer loop
      vertex 1 5.69116 10.7943
      vertex 1 3.11719 0
      vertex 1 5.58241 10.8835
    endloop
  endfacet
  facet normal -1 -0 0
    outer loop
      vertex 1 5.58241 10.8835
      vertex 1 3.11719 0
      vertex 1 5.47972 10.9797
    endloop
  endfacet
  facet normal -1 -0 0
    outer loop
      vertex 1 4.8546 12.3594
      vertex 1 3.11719 0
      vertex 1 4.85 12.5
    endloop
  endfacet
  facet normal -1 -0 0
    outer loop
      vertex 1 4.86839 12.2194
      vertex 1 3.11719 0
      vertex 1 4.8546 12.3594
    endloop
  endfacet
  facet normal -1 -0 0
    outer loop
      vertex 1 4.89131 12.0806
      vertex 1 3.11719 0
      vertex 1 4.86839 12.2194
    endloop
  endfacet
  facet normal -1 -0 0
    outer loop
      vertex 1 4.92326 11.9435
      vertex 1 3.11719 0
      vertex 1 4.89131 12.0806
    endloop
  endfacet
  facet normal -1 -0 0
    outer loop
      vertex 1 4.9641 11.8089
      vertex 1 3.11719 0
      vertex 1 4.92326 11.9435
    endloop
  endfacet
  facet normal -1 -0 0
    outer loop
      vertex 1 5.01366 11.6772
      vertex 1 3.11719 0
      vertex 1 4.9641 11.8089
    endloop
  endfacet
  facet normal -1 -0 0
    outer loop
      vertex 1 5.07172 11.5491
      vertex 1 3.11719 0
      vertex 1 5.01366 11.6772
    endloop
  endfacet
  facet normal -1 -0 0
    outer loop
      vertex 1 5.13805 11.425
      vertex 1 3.11719 0
      vertex 1 5.07172 11.5491
    endloop
  endfacet
  facet normal -1 -0 0
    outer loop
      vertex 1 5.21234 11.3055
      vertex 1 3.11719 0
      vertex 1 5.13805 11.425
    endloop
  endfacet
  facet normal -1 -0 0
    outer loop
      vertex 1 5.29429 11.1912
      vertex 1 3.11719 0
      vertex 1 5.21234 11.3055
    endloop
  endfacet
  facet normal -1 -0 0
    outer loop
      vertex 1 5.38354 11.0824
      vertex 1 3.11719 0
      vertex 1 5.29429 11.1912
    endloop
  endfacet
  facet normal -1 -0 0
    outer loop
      vertex 1 5.47972 10.9797
      vertex 1 3.11719 0
      vertex 1 5.38354 11.0824
    endloop
  endfacet
  facet normal -1 0 0
    outer loop
      vertex 1 9.1454 12.6406
      vertex 1 15 25
      vertex 1 9.15 12.5
    endloop
  endfacet
  facet normal -1 0 0
    outer loop
      vertex 1 9.13161 12.7806
      vertex 1 15 25
      vertex 1 9.1454 12.6406
    endloop
  endfacet
  facet normal -1 0 0
    outer loop
      vertex 1 9.10869 12.9194
      vertex 1 15 25
      vertex 1 9.13161 12.7806
    endloop
  endfacet
  facet normal -1 0 0
    outer loop
      vertex 1 9.07674 13.0565
      vertex 1 15 25
      vertex 1 9.10869 12.9194
    endloop
  endfacet
  facet normal -1 0 0
    outer loop
      vertex 1 9.0359 13.1911
      vertex 1 15 25
      vertex 1 9.07674 13.0565
    endloop
  endfacet
  facet normal -1 0 0
    outer loop
      vertex 1 8.98634 13.3228
      vertex 1 15 25
      vertex 1 9.0359 13.1911
    endloop
  endfacet
  facet normal -1 0 0
    outer loop
      vertex 1 8.92828 13.4509
      vertex 1 15 25
      vertex 1 8.98634 13.3228
    endloop
  endfacet
  facet normal -1 0 0
    outer loop
      vertex 1 8.86195 13.575
      vertex 1 15 25
      vertex 1 8.92828 13.4509
    endloop
  endfacet
  facet normal -1 0 0
    outer loop
      vertex 1 8.78766 13.6945
      vertex 1 15 25
      vertex 1 8.86195 13.575
    endloop
  endfacet
  facet normal -1 0 0
    outer loop
      vertex 1 8.70571 13.8088
      vertex 1 15 25
      vertex 1 8.78766 13.6945
    endloop
  endfacet
  facet normal -1 0 0
    outer loop
      vertex 1 8.61646 13.9176
      vertex 1 15 25
      vertex 1 8.70571 13.8088
    endloop
  endfacet
  facet normal -1 0 0
    outer loop
      vertex 1 8.52028 14.0203
      vertex 1 15 25
      vertex 1 8.61646 13.9176
    endloop
  endfacet
  facet normal -1 0 0
    outer loop
      vertex 1 8.41759 14.1165
      vertex 1 15 25
      vertex 1 8.52028 14.0203
    endloop
  endfacet
  facet normal -1 0 0
    outer loop
      vertex 1 8.30884 14.2057
      vertex 1 15 25
      vertex 1 8.41759 14.1165
    endloop
  endfacet
  facet normal -1 0 0
    outer loop
      vertex 1 8.19448 14.2877
      vertex 1 15 25
      vertex 1 8.30884 14.2057
    endloop
  endfacet
  facet normal -1 0 0
    outer loop
      vertex 1 8.075 14.362
      vertex 1 15 25
      vertex 1 8.19448 14.2877
    endloop
  endfacet
  facet normal -1 0 0
    outer loop
      vertex 1 7.95092 14.4283
      vertex 1 15 25
      vertex 1 8.075 14.362
    endloop
  endfacet
  facet normal -1 0 0
    outer loop
      vertex 1 7.82277 14.4863
      vertex 1 15 25
      vertex 1 7.95092 14.4283
    endloop
  endfacet
  facet normal -1 0 0
    outer loop
      vertex 1 7.69109 14.5359
      vertex 1 15 25
      vertex 1 7.82277 14.4863
    endloop
  endfacet
  facet normal -1 0 0
    outer loop
      vertex 1 7.55646 14.5767
      vertex 1 15 25
      vertex 1 7.69109 14.5359
    endloop
  endfacet
  facet normal -1 0 0
    outer loop
      vertex 1 7.41944 14.6087
      vertex 1 15 25
      vertex 1 7.55646 14.5767
    endloop
  endfacet
  facet normal -1 0 0
    outer loop
      vertex 1 3.11719 25
      vertex 1 7.41944 14.6087
      vertex 1 7.28063 14.6316
    endloop
  endfacet
  facet normal -1 0 0
    outer loop
      vertex 1 3.11719 25
      vertex 1 7.28063 14.6316
      vertex 1 7.14062 14.6454
    endloop
  endfacet
  facet normal -1 0 0
    outer loop
      vertex 1 3.11719 25
      vertex 1 7.14062 14.6454
      vertex 1 7 14.65
    endloop
  endfacet
  facet normal -1 0 0
    outer loop
      vertex 1 3.11719 25
      vertex 1 7 14.65
      vertex 1 6.85938 14.6454
    endloop
  endfacet
  facet normal -1 0 0
    outer loop
      vertex 1 3.11719 25
      vertex 1 6.85938 14.6454
      vertex 1 6.71937 14.6316
    endloop
  endfacet
  facet normal -1 0 0
    outer loop
      vertex 1 3.11719 25
      vertex 1 6.71937 14.6316
      vertex 1 6.58055 14.6087
    endloop
  endfacet
  facet normal -1 0 0
    outer loop
      vertex 1 3.11719 25
      vertex 1 6.58055 14.6087
      vertex 1 6.44354 14.5767
    endloop
  endfacet
  facet normal -1 0 0
    outer loop
      vertex 1 3.11719 25
      vertex 1 6.44354 14.5767
      vertex 1 6.3089 14.5359
    endloop
  endfacet
  facet normal -1 0 0
    outer loop
      vertex 1 3.11719 25
      vertex 1 6.3089 14.5359
      vertex 1 6.17723 14.4863
    endloop
  endfacet
  facet normal -1 0 0
    outer loop
      vertex 1 3.11719 25
      vertex 1 6.17723 14.4863
      vertex 1 6.04908 14.4283
    endloop
  endfacet
  facet normal -1 0 0
    outer loop
      vertex 1 3.11719 25
      vertex 1 6.04908 14.4283
      vertex 1 5.925 14.362
    endloop
  endfacet
  facet normal -1 0 0
    outer loop
      vertex 1 3.11719 25
      vertex 1 5.925 14.362
      vertex 1 5.80552 14.2877
    endloop
  endfacet
  facet normal -1 0 0
    outer loop
      vertex 1 3.11719 25
      vertex 1 5.80552 14.2877
      vertex 1 5.69116 14.2057
    endloop
  endfacet
  facet normal -1 0 0
    outer loop
      vertex 1 3.11719 25
      vertex 1 5.69116 14.2057
      vertex 1 5.58241 14.1165
    endloop
  endfacet
  facet normal -1 0 0
    outer loop
      vertex 1 3.11719 25
      vertex 1 5.58241 14.1165
      vertex 1 5.47972 14.0203
    endloop
  endfacet
  facet normal -1 0 0
    outer loop
      vertex 1 3.11719 25
      vertex 1 5.47972 14.0203
      vertex 1 5.38354 13.9176
    endloop
  endfacet
  facet normal -1 0 0
    outer loop
      vertex 1 3.11719 25
      vertex 1 4.85 12.5
      vertex 1 3.11719 0
    endloop
  endfacet
  facet normal -1 0 0
    outer loop
      vertex 1 4.85 12.5
      vertex 1 3.11719 25
      vertex 1 4.8546 12.6406
    endloop
  endfacet
  facet normal -1 0 0
    outer loop
      vertex 1 7.41944 14.6087
      vertex 1 3.11719 25
      vertex 1 15 25
    endloop
  endfacet
  facet normal -1 0 0
    outer loop
      vertex 1 5.29429 13.8088
      vertex 1 3.11719 25
      vertex 1 5.38354 13.9176
    endloop
  endfacet
  facet normal -1 0 0
    outer loop
      vertex 1 5.21234 13.6945
      vertex 1 3.11719 25
      vertex 1 5.29429 13.8088
    endloop
  endfacet
  facet normal -1 0 0
    outer loop
      vertex 1 5.13805 13.575
      vertex 1 3.11719 25
      vertex 1 5.21234 13.6945
    endloop
  endfacet
  facet normal -1 0 0
    outer loop
      vertex 1 5.07172 13.4509
      vertex 1 3.11719 25
      vertex 1 5.13805 13.575
    endloop
  endfacet
  facet normal -1 0 0
    outer loop
      vertex 1 5.01366 13.3228
      vertex 1 3.11719 25
      vertex 1 5.07172 13.4509
    endloop
  endfacet
  facet normal -1 0 0
    outer loop
      vertex 1 4.9641 13.1911
      vertex 1 3.11719 25
      vertex 1 5.01366 13.3228
    endloop
  endfacet
  facet normal -1 0 0
    outer loop
      vertex 1 4.92326 13.0565
      vertex 1 3.11719 25
      vertex 1 4.9641 13.1911
    endloop
  endfacet
  facet normal -1 0 0
    outer loop
      vertex 1 4.89131 12.9194
      vertex 1 3.11719 25
      vertex 1 4.92326 13.0565
    endloop
  endfacet
  facet normal -1 0 0
    outer loop
      vertex 1 4.86839 12.7806
      vertex 1 3.11719 25
      vertex 1 4.89131 12.9194
    endloop
  endfacet
  facet normal -1 0 0
    outer loop
      vertex 1 4.8546 12.6406
      vertex 1 3.11719 25
      vertex 1 4.86839 12.7806
    endloop
  endfacet
  facet normal 1 0 0
    outer loop
      vertex -1 15 25
      vertex -1 9.15 12.5
      vertex -1 15 0
    endloop
  endfacet
  facet normal 1 0 0
    outer loop
      vertex -1 15 25
      vertex -1 9.1454 12.6406
      vertex -1 9.15 12.5
    endloop
  endfacet
  facet normal 1 0 0
    outer loop
      vertex -1 15 25
      vertex -1 9.13161 12.7806
      vertex -1 9.1454 12.6406
    endloop
  endfacet
  facet normal 1 0 0
    outer loop
      vertex -1 15 25
      vertex -1 9.10869 12.9194
      vertex -1 9.13161 12.7806
    endloop
  endfacet
  facet normal 1 0 0
    outer loop
      vertex -1 15 25
      vertex -1 9.07674 13.0565
      vertex -1 9.10869 12.9194
    endloop
  endfacet
  facet normal 1 0 0
    outer loop
      vertex -1 15 25
      vertex -1 9.0359 13.1911
      vertex -1 9.07674 13.0565
    endloop
  endfacet
  facet normal 1 0 0
    outer loop
      vertex -1 15 25
      vertex -1 8.98634 13.3228
      vertex -1 9.0359 13.1911
    endloop
  endfacet
  facet normal 1 0 0
    outer loop
      vertex -1 15 25
      vertex -1 8.92828 13.4509
      vertex -1 8.98634 13.3228
    endloop
  endfacet
  facet normal 1 0 0
    outer loop
      vertex -1 15 25
      vertex -1 8.86195 13.575
      vertex -1 8.92828 13.4509
    endloop
  endfacet
  facet normal 1 0 0
    outer loop
      vertex -1 15 25
      vertex -1 8.78766 13.6945
      vertex -1 8.86195 13.575
    endloop
  endfacet
  facet normal 1 0 0
    outer loop
      vertex -1 15 25
      vertex -1 8.70571 13.8088
      vertex -1 8.78766 13.6945
    endloop
  endfacet
  facet normal 1 0 0
    outer loop
      vertex -1 15 25
      vertex -1 8.61646 13.9176
      vertex -1 8.70571 13.8088
    endloop
  endfacet
  facet normal 1 0 0
    outer loop
      vertex -1 15 25
      vertex -1 8.52028 14.0203
      vertex -1 8.61646 13.9176
    endloop
  endfacet
  facet normal 1 0 0
    outer loop
      vertex -1 15 25
      vertex -1 8.41759 14.1165
      vertex -1 8.52028 14.0203
    endloop
  endfacet
  facet normal 1 0 0
    outer loop
      vertex -1 15 25
      vertex -1 8.30884 14.2057
      vertex -1 8.41759 14.1165
    endloop
  endfacet
  facet normal 1 0 0
    outer loop
      vertex -1 15 25
      vertex -1 8.19448 14.2877
      vertex -1 8.30884 14.2057
    endloop
  endfacet
  facet normal 1 0 0
    outer loop
      vertex -1 15 25
      vertex -1 8.075 14.362
      vertex -1 8.19448 14.2877
    endloop
  endfacet
  facet normal 1 0 0
    outer loop
      vertex -1 15 25
      vertex -1 7.95092 14.4283
      vertex -1 8.075 14.362
    endloop
  endfacet
  facet normal 1 0 0
    outer loop
      vertex -1 15 25
      vertex -1 7.82277 14.4863
      vertex -1 7.95092 14.4283
    endloop
  endfacet
  facet normal 1 0 0
    outer loop
      vertex -1 15 25
      vertex -1 7.69109 14.5359
      vertex -1 7.82277 14.4863
    endloop
  endfacet
  facet normal 1 0 0
    outer loop
      vertex -1 15 25
      vertex -1 7.55646 14.5767
      vertex -1 7.69109 14.5359
    endloop
  endfacet
  facet normal 1 0 0
    outer loop
      vertex -1 15 25
      vertex -1 7.41944 14.6087
      vertex -1 7.55646 14.5767
    endloop
  endfacet
  facet normal 1 -0 0
    outer loop
      vertex -1 3.11719 25
      vertex -1 7.41944 14.6087
      vertex -1 15 25
    endloop
  endfacet
  facet normal 1 0 0
    outer loop
      vertex -1 7.41944 14.6087
      vertex -1 3.11719 25
      vertex -1 7.28063 14.6316
    endloop
  endfacet
  facet normal 1 0 0
    outer loop
      vertex -1 7.28063 14.6316
      vertex -1 3.11719 25
      vertex -1 7.14062 14.6454
    endloop
  endfacet
  facet normal 1 0 0
    outer loop
      vertex -1 7.14062 14.6454
      vertex -1 3.11719 25
      vertex -1 7 14.65
    endloop
  endfacet
  facet normal 1 0 0
    outer loop
      vertex -1 7 14.65
      vertex -1 3.11719 25
      vertex -1 6.85938 14.6454
    endloop
  endfacet
  facet normal 1 0 0
    outer loop
      vertex -1 6.85938 14.6454
      vertex -1 3.11719 25
      vertex -1 6.71937 14.6316
    endloop
  endfacet
  facet normal 1 0 0
    outer loop
      vertex -1 6.71937 14.6316
      vertex -1 3.11719 25
      vertex -1 6.58055 14.6087
    endloop
  endfacet
  facet normal 1 0 0
    outer loop
      vertex -1 6.58055 14.6087
      vertex -1 3.11719 25
      vertex -1 6.44354 14.5767
    endloop
  endfacet
  facet normal 1 0 0
    outer loop
      vertex -1 6.44354 14.5767
      vertex -1 3.11719 25
      vertex -1 6.3089 14.5359
    endloop
  endfacet
  facet normal 1 0 0
    outer loop
      vertex -1 6.3089 14.5359
      vertex -1 3.11719 25
      vertex -1 6.17723 14.4863
    endloop
  endfacet
  facet normal 1 0 0
    outer loop
      vertex -1 6.17723 14.4863
      vertex -1 3.11719 25
      vertex -1 6.04908 14.4283
    endloop
  endfacet
  facet normal 1 0 0
    outer loop
      vertex -1 6.04908 14.4283
      vertex -1 3.11719 25
      vertex -1 5.925 14.362
    endloop
  endfacet
  facet normal 1 0 0
    outer loop
      vertex -1 5.925 14.362
      vertex -1 3.11719 25
      vertex -1 5.80552 14.2877
    endloop
  endfacet
  facet normal 1 0 0
    outer loop
      vertex -1 5.80552 14.2877
      vertex -1 3.11719 25
      vertex -1 5.69116 14.2057
    endloop
  endfacet
  facet normal 1 0 0
    outer loop
      vertex -1 5.69116 14.2057
      vertex -1 3.11719 25
      vertex -1 5.58241 14.1165
    endloop
  endfacet
  facet normal 1 0 0
    outer loop
      vertex -1 5.58241 14.1165
      vertex -1 3.11719 25
      vertex -1 5.47972 14.0203
    endloop
  endfacet
  facet normal 1 0 0
    outer loop
      vertex -1 4.8546 12.6406
      vertex -1 3.11719 25
      vertex -1 4.85 12.5
    endloop
  endfacet
  facet normal 1 0 0
    outer loop
      vertex -1 4.86839 12.7806
      vertex -1 3.11719 25
      vertex -1 4.8546 12.6406
    endloop
  endfacet
  facet normal 1 0 0
    outer loop
      vertex -1 4.89131 12.9194
      vertex -1 3.11719 25
      vertex -1 4.86839 12.7806
    endloop
  endfacet
  facet normal 1 0 0
    outer loop
      vertex -1 4.92326 13.0565
      vertex -1 3.11719 25
      vertex -1 4.89131 12.9194
    endloop
  endfacet
  facet normal 1 0 0
    outer loop
      vertex -1 4.9641 13.1911
      vertex -1 3.11719 25
      vertex -1 4.92326 13.0565
    endloop
  endfacet
  facet normal 1 0 0
    outer loop
      vertex -1 5.01366 13.3228
      vertex -1 3.11719 25
      vertex -1 4.9641 13.1911
    endloop
  endfacet
  facet normal 1 0 0
    outer loop
      vertex -1 5.07172 13.4509
      vertex -1 3.11719 25
      vertex -1 5.01366 13.3228
    endloop
  endfacet
  facet normal 1 0 0
    outer loop
      vertex -1 5.13805 13.575
      vertex -1 3.11719 25
      vertex -1 5.07172 13.4509
    endloop
  endfacet
  facet normal 1 0 0
    outer loop
      vertex -1 5.21234 13.6945
      vertex -1 3.11719 25
      vertex -1 5.13805 13.575
    endloop
  endfacet
  facet normal 1 0 0
    outer loop
      vertex -1 5.29429 13.8088
      vertex -1 3.11719 25
      vertex -1 5.21234 13.6945
    endloop
  endfacet
  facet normal 1 0 0
    outer loop
      vertex -1 5.38354 13.9176
      vertex -1 3.11719 25
      vertex -1 5.29429 13.8088
    endloop
  endfacet
  facet normal 1 0 0
    outer loop
      vertex -1 5.47972 14.0203
      vertex -1 3.11719 25
      vertex -1 5.38354 13.9176
    endloop
  endfacet
  facet normal 1 -0 0
    outer loop
      vertex -1 9.1454 12.3594
      vertex -1 15 0
      vertex -1 9.15 12.5
    endloop
  endfacet
  facet normal 1 -0 0
    outer loop
      vertex -1 9.13161 12.2194
      vertex -1 15 0
      vertex -1 9.1454 12.3594
    endloop
  endfacet
  facet normal 1 -0 0
    outer loop
      vertex -1 9.10869 12.0806
      vertex -1 15 0
      vertex -1 9.13161 12.2194
    endloop
  endfacet
  facet normal 1 -0 0
    outer loop
      vertex -1 9.07674 11.9435
      vertex -1 15 0
      vertex -1 9.10869 12.0806
    endloop
  endfacet
  facet normal 1 -0 0
    outer loop
      vertex -1 9.0359 11.8089
      vertex -1 15 0
      vertex -1 9.07674 11.9435
    endloop
  endfacet
  facet normal 1 -0 0
    outer loop
      vertex -1 8.98634 11.6772
      vertex -1 15 0
      vertex -1 9.0359 11.8089
    endloop
  endfacet
  facet normal 1 -0 0
    outer loop
      vertex -1 8.92828 11.5491
      vertex -1 15 0
      vertex -1 8.98634 11.6772
    endloop
  endfacet
  facet normal 1 -0 0
    outer loop
      vertex -1 8.86195 11.425
      vertex -1 15 0
      vertex -1 8.92828 11.5491
    endloop
  endfacet
  facet normal 1 -0 0
    outer loop
      vertex -1 8.78766 11.3055
      vertex -1 15 0
      vertex -1 8.86195 11.425
    endloop
  endfacet
  facet normal 1 -0 0
    outer loop
      vertex -1 8.70571 11.1912
      vertex -1 15 0
      vertex -1 8.78766 11.3055
    endloop
  endfacet
  facet normal 1 -0 0
    outer loop
      vertex -1 8.61646 11.0824
      vertex -1 15 0
      vertex -1 8.70571 11.1912
    endloop
  endfacet
  facet normal 1 -0 0
    outer loop
      vertex -1 8.52028 10.9797
      vertex -1 15 0
      vertex -1 8.61646 11.0824
    endloop
  endfacet
  facet normal 1 -0 0
    outer loop
      vertex -1 8.41759 10.8835
      vertex -1 15 0
      vertex -1 8.52028 10.9797
    endloop
  endfacet
  facet normal 1 -0 0
    outer loop
      vertex -1 8.30884 10.7943
      vertex -1 15 0
      vertex -1 8.41759 10.8835
    endloop
  endfacet
  facet normal 1 -0 0
    outer loop
      vertex -1 8.19448 10.7123
      vertex -1 15 0
      vertex -1 8.30884 10.7943
    endloop
  endfacet
  facet normal 1 -0 0
    outer loop
      vertex -1 8.075 10.638
      vertex -1 15 0
      vertex -1 8.19448 10.7123
    endloop
  endfacet
  facet normal 1 -0 0
    outer loop
      vertex -1 7.95092 10.5717
      vertex -1 15 0
      vertex -1 8.075 10.638
    endloop
  endfacet
  facet normal 1 -0 0
    outer loop
      vertex -1 7.82277 10.5137
      vertex -1 15 0
      vertex -1 7.95092 10.5717
    endloop
  endfacet
  facet normal 1 -0 0
    outer loop
      vertex -1 7.69109 10.4641
      vertex -1 15 0
      vertex -1 7.82277 10.5137
    endloop
  endfacet
  facet normal 1 -0 0
    outer loop
      vertex -1 7.55646 10.4233
      vertex -1 15 0
      vertex -1 7.69109 10.4641
    endloop
  endfacet
  facet normal 1 -0 0
    outer loop
      vertex -1 7.41944 10.3913
      vertex -1 15 0
      vertex -1 7.55646 10.4233
    endloop
  endfacet
  facet normal 1 0 0
    outer loop
      vertex -1 3.11719 0
      vertex -1 7.41944 10.3913
      vertex -1 7.28063 10.3684
    endloop
  endfacet
  facet normal 1 0 0
    outer loop
      vertex -1 3.11719 0
      vertex -1 7.28063 10.3684
      vertex -1 7.14062 10.3546
    endloop
  endfacet
  facet normal 1 0 0
    outer loop
      vertex -1 3.11719 0
      vertex -1 7.14062 10.3546
      vertex -1 7 10.35
    endloop
  endfacet
  facet normal 1 0 0
    outer loop
      vertex -1 3.11719 0
      vertex -1 7 10.35
      vertex -1 6.85938 10.3546
    endloop
  endfacet
  facet normal 1 0 0
    outer loop
      vertex -1 3.11719 0
      vertex -1 6.85938 10.3546
      vertex -1 6.71937 10.3684
    endloop
  endfacet
  facet normal 1 0 0
    outer loop
      vertex -1 3.11719 0
      vertex -1 6.71937 10.3684
      vertex -1 6.58055 10.3913
    endloop
  endfacet
  facet normal 1 0 0
    outer loop
      vertex -1 3.11719 0
      vertex -1 6.58055 10.3913
      vertex -1 6.44354 10.4233
    endloop
  endfacet
  facet normal 1 0 0
    outer loop
      vertex -1 3.11719 0
      vertex -1 6.44354 10.4233
      vertex -1 6.3089 10.4641
    endloop
  endfacet
  facet normal 1 0 0
    outer loop
      vertex -1 3.11719 0
      vertex -1 6.3089 10.4641
      vertex -1 6.17723 10.5137
    endloop
  endfacet
  facet normal 1 0 0
    outer loop
      vertex -1 3.11719 0
      vertex -1 6.17723 10.5137
      vertex -1 6.04908 10.5717
    endloop
  endfacet
  facet normal 1 0 0
    outer loop
      vertex -1 3.11719 0
      vertex -1 6.04908 10.5717
      vertex -1 5.925 10.638
    endloop
  endfacet
  facet normal 1 0 0
    outer loop
      vertex -1 3.11719 0
      vertex -1 5.925 10.638
      vertex -1 5.80552 10.7123
    endloop
  endfacet
  facet normal 1 0 0
    outer loop
      vertex -1 3.11719 0
      vertex -1 5.80552 10.7123
      vertex -1 5.69116 10.7943
    endloop
  endfacet
  facet normal 1 0 0
    outer loop
      vertex -1 3.11719 0
      vertex -1 5.69116 10.7943
      vertex -1 5.58241 10.8835
    endloop
  endfacet
  facet normal 1 0 0
    outer loop
      vertex -1 3.11719 0
      vertex -1 5.58241 10.8835
      vertex -1 5.47972 10.9797
    endloop
  endfacet
  facet normal 1 0 0
    outer loop
      vertex -1 3.11719 0
      vertex -1 5.47972 10.9797
      vertex -1 5.38354 11.0824
    endloop
  endfacet
  facet normal 1 0 0
    outer loop
      vertex -1 3.11719 0
      vertex -1 4.85 12.5
      vertex -1 3.11719 25
    endloop
  endfacet
  facet normal 1 0 0
    outer loop
      vertex -1 4.85 12.5
      vertex -1 3.11719 0
      vertex -1 4.8546 12.3594
    endloop
  endfacet
  facet normal 1 0 0
    outer loop
      vertex -1 7.41944 10.3913
      vertex -1 3.11719 0
      vertex -1 15 0
    endloop
  endfacet
  facet normal 1 0 0
    outer loop
      vertex -1 5.29429 11.1912
      vertex -1 3.11719 0
      vertex -1 5.38354 11.0824
    endloop
  endfacet
  facet normal 1 0 0
    outer loop
      vertex -1 5.21234 11.3055
      vertex -1 3.11719 0
      vertex -1 5.29429 11.1912
    endloop
  endfacet
  facet normal 1 0 0
    outer loop
      vertex -1 5.13805 11.425
      vertex -1 3.11719 0
      vertex -1 5.21234 11.3055
    endloop
  endfacet
  facet normal 1 0 0
    outer loop
      vertex -1 5.07172 11.5491
      vertex -1 3.11719 0
      vertex -1 5.13805 11.425
    endloop
  endfacet
  facet normal 1 0 0
    outer loop
      vertex -1 5.01366 11.6772
      vertex -1 3.11719 0
      vertex -1 5.07172 11.5491
    endloop
  endfacet
  facet normal 1 0 0
    outer loop
      vertex -1 4.9641 11.8089
      vertex -1 3.11719 0
      vertex -1 5.01366 11.6772
    endloop
  endfacet
  facet normal 1 0 0
    outer loop
      vertex -1 4.92326 11.9435
      vertex -1 3.11719 0
      vertex -1 4.9641 11.8089
    endloop
  endfacet
  facet normal 1 0 0
    outer loop
      vertex -1 4.89131 12.0806
      vertex -1 3.11719 0
      vertex -1 4.92326 11.9435
    endloop
  endfacet
  facet normal 1 0 0
    outer loop
      vertex -1 4.86839 12.2194
      vertex -1 3.11719 0
      vertex -1 4.89131 12.0806
    endloop
  endfacet
  facet normal 1 0 0
    outer loop
      vertex -1 4.8546 12.3594
      vertex -1 3.11719 0
      vertex -1 4.86839 12.2194
    endloop
  endfacet
  facet normal 0 -0.352494 0.935814
    outer loop
      vertex -18 7.82277 10.5137
      vertex -1 7.69109 10.4641
      vertex -1 7.82277 10.5137
    endloop
  endfacet
  facet normal 0 -0.352494 0.935814
    outer loop
      vertex -1 7.69109 10.4641
      vertex -18 7.82277 10.5137
      vertex -18 7.69109 10.4641
    endloop
  endfacet
  facet normal 0 -0.352494 0.935814
    outer loop
      vertex 1 7.82277 10.5137
      vertex 18 7.69109 10.4641
      vertex 18 7.82277 10.5137
    endloop
  endfacet
  facet normal 0 -0.352494 0.935814
    outer loop
      vertex 18 7.69109 10.4641
      vertex 1 7.82277 10.5137
      vertex 1 7.69109 10.4641
    endloop
  endfacet
  facet normal 0 -0.412329 0.911035
    outer loop
      vertex -18 7.95092 10.5717
      vertex -1 7.82277 10.5137
      vertex -1 7.95092 10.5717
    endloop
  endfacet
  facet normal 0 -0.412329 0.911035
    outer loop
      vertex -1 7.82277 10.5137
      vertex -18 7.95092 10.5717
      vertex -18 7.82277 10.5137
    endloop
  endfacet
  facet normal 0 -0.412329 0.911035
    outer loop
      vertex 1 7.95092 10.5717
      vertex 18 7.82277 10.5137
      vertex 18 7.95092 10.5717
    endloop
  endfacet
  facet normal 0 -0.412329 0.911035
    outer loop
      vertex 18 7.82277 10.5137
      vertex 1 7.95092 10.5717
      vertex 1 7.82277 10.5137
    endloop
  endfacet
  facet normal 0 0.683669 -0.729792
    outer loop
      vertex -18 5.47972 14.0203
      vertex -1 5.58241 14.1165
      vertex -1 5.47972 14.0203
    endloop
  endfacet
  facet normal 0 0.683669 -0.729792
    outer loop
      vertex -1 5.58241 14.1165
      vertex -18 5.47972 14.0203
      vertex -18 5.58241 14.1165
    endloop
  endfacet
  facet normal 0 0.683669 -0.729792
    outer loop
      vertex 1 5.47972 14.0203
      vertex 18 5.58241 14.1165
      vertex 18 5.47972 14.0203
    endloop
  endfacet
  facet normal 0 0.683669 -0.729792
    outer loop
      vertex 18 5.58241 14.1165
      vertex 1 5.47972 14.0203
      vertex 1 5.58241 14.1165
    endloop
  endfacet
  facet normal 0 -0.683669 -0.729792
    outer loop
      vertex -18 8.41759 14.1165
      vertex -1 8.52028 14.0203
      vertex -1 8.41759 14.1165
    endloop
  endfacet
  facet normal -0 -0.683669 -0.729792
    outer loop
      vertex -1 8.52028 14.0203
      vertex -18 8.41759 14.1165
      vertex -18 8.52028 14.0203
    endloop
  endfacet
  facet normal 0 -0.683669 -0.729792
    outer loop
      vertex 1 8.41759 14.1165
      vertex 18 8.52028 14.0203
      vertex 18 8.41759 14.1165
    endloop
  endfacet
  facet normal -0 -0.683669 -0.729792
    outer loop
      vertex 18 8.52028 14.0203
      vertex 1 8.41759 14.1165
      vertex 1 8.52028 14.0203
    endloop
  endfacet
  facet normal 0 -0.973904 -0.22696
    outer loop
      vertex -18 9.10869 12.9194
      vertex -1 9.07674 13.0565
      vertex -18 9.07674 13.0565
    endloop
  endfacet
  facet normal 0 -0.973904 -0.22696
    outer loop
      vertex -1 9.07674 13.0565
      vertex -18 9.10869 12.9194
      vertex -1 9.10869 12.9194
    endloop
  endfacet
  facet normal 0 -0.973904 -0.22696
    outer loop
      vertex 1 9.10869 12.9194
      vertex 18 9.07674 13.0565
      vertex 1 9.07674 13.0565
    endloop
  endfacet
  facet normal 0 -0.973904 -0.22696
    outer loop
      vertex 18 9.07674 13.0565
      vertex 1 9.10869 12.9194
      vertex 18 9.10869 12.9194
    endloop
  endfacet
  facet normal 0 0.634186 -0.773181
    outer loop
      vertex -18 5.58241 14.1165
      vertex -1 5.69116 14.2057
      vertex -1 5.58241 14.1165
    endloop
  endfacet
  facet normal 0 0.634186 -0.773181
    outer loop
      vertex -1 5.69116 14.2057
      vertex -18 5.58241 14.1165
      vertex -18 5.69116 14.2057
    endloop
  endfacet
  facet normal 0 0.634186 -0.773181
    outer loop
      vertex 1 5.58241 14.1165
      vertex 18 5.69116 14.2057
      vertex 18 5.58241 14.1165
    endloop
  endfacet
  facet normal 0 0.634186 -0.773181
    outer loop
      vertex 18 5.69116 14.2057
      vertex 1 5.58241 14.1165
      vertex 1 5.69116 14.2057
    endloop
  endfacet
  facet normal 0 -0.0326948 0.999465
    outer loop
      vertex -18 7.14062 10.3546
      vertex -1 7 10.35
      vertex -1 7.14062 10.3546
    endloop
  endfacet
  facet normal 0 -0.0326948 0.999465
    outer loop
      vertex -1 7 10.35
      vertex -18 7.14062 10.3546
      vertex -18 7 10.35
    endloop
  endfacet
  facet normal 0 -0.0326948 0.999465
    outer loop
      vertex 1 7.14062 10.3546
      vertex 18 7 10.35
      vertex 18 7.14062 10.3546
    endloop
  endfacet
  facet normal 0 -0.0326948 0.999465
    outer loop
      vertex 18 7 10.35
      vertex 1 7.14062 10.3546
      vertex 1 7 10.35
    endloop
  endfacet
  facet normal 0 0.88193 0.471381
    outer loop
      vertex -1 5.13805 11.425
      vertex -18 5.07172 11.5491
      vertex -1 5.07172 11.5491
    endloop
  endfacet
  facet normal 0 0.88193 0.471381
    outer loop
      vertex -18 5.07172 11.5491
      vertex -1 5.13805 11.425
      vertex -18 5.13805 11.425
    endloop
  endfacet
  facet normal 0 0.88193 0.471381
    outer loop
      vertex 18 5.13805 11.425
      vertex 1 5.07172 11.5491
      vertex 18 5.07172 11.5491
    endloop
  endfacet
  facet normal 0 0.88193 0.471381
    outer loop
      vertex 1 5.07172 11.5491
      vertex 18 5.13805 11.425
      vertex 1 5.13805 11.425
    endloop
  endfacet
  facet normal 0 -0.88193 0.471381
    outer loop
      vertex -18 8.86195 11.425
      vertex -1 8.92828 11.5491
      vertex -18 8.92828 11.5491
    endloop
  endfacet
  facet normal 0 -0.88193 0.471381
    outer loop
      vertex -1 8.92828 11.5491
      vertex -18 8.86195 11.425
      vertex -1 8.86195 11.425
    endloop
  endfacet
  facet normal 0 -0.88193 0.471381
    outer loop
      vertex 1 8.86195 11.425
      vertex 18 8.92828 11.5491
      vertex 1 8.92828 11.5491
    endloop
  endfacet
  facet normal 0 -0.88193 0.471381
    outer loop
      vertex 18 8.92828 11.5491
      vertex 1 8.86195 11.425
      vertex 18 8.86195 11.425
    endloop
  endfacet
  facet normal 0 -0.352494 -0.935814
    outer loop
      vertex -18 7.69109 14.5359
      vertex -1 7.82277 14.4863
      vertex -1 7.69109 14.5359
    endloop
  endfacet
  facet normal -0 -0.352494 -0.935814
    outer loop
      vertex -1 7.82277 14.4863
      vertex -18 7.69109 14.5359
      vertex -18 7.82277 14.4863
    endloop
  endfacet
  facet normal 0 -0.352494 -0.935814
    outer loop
      vertex 1 7.69109 14.5359
      vertex 18 7.82277 14.4863
      vertex 18 7.69109 14.5359
    endloop
  endfacet
  facet normal -0 -0.352494 -0.935814
    outer loop
      vertex 18 7.82277 14.4863
      vertex 1 7.69109 14.5359
      vertex 1 7.82277 14.4863
    endloop
  endfacet
  facet normal 0 -0.227423 0.973796
    outer loop
      vertex -18 7.55646 10.4233
      vertex -1 7.41944 10.3913
      vertex -1 7.55646 10.4233
    endloop
  endfacet
  facet normal 0 -0.227423 0.973796
    outer loop
      vertex -1 7.41944 10.3913
      vertex -18 7.55646 10.4233
      vertex -18 7.41944 10.3913
    endloop
  endfacet
  facet normal 0 -0.227423 0.973796
    outer loop
      vertex 1 7.55646 10.4233
      vertex 18 7.41944 10.3913
      vertex 18 7.55646 10.4233
    endloop
  endfacet
  facet normal 0 -0.227423 0.973796
    outer loop
      vertex 18 7.41944 10.3913
      vertex 1 7.55646 10.4233
      vertex 1 7.41944 10.3913
    endloop
  endfacet
  facet normal 0 0.995184 0.0980256
    outer loop
      vertex -1 4.86839 12.2194
      vertex -18 4.8546 12.3594
      vertex -1 4.8546 12.3594
    endloop
  endfacet
  facet normal 0 0.995184 0.0980256
    outer loop
      vertex -18 4.8546 12.3594
      vertex -1 4.86839 12.2194
      vertex -18 4.86839 12.2194
    endloop
  endfacet
  facet normal 0 0.995184 0.0980256
    outer loop
      vertex 18 4.86839 12.2194
      vertex 1 4.8546 12.3594
      vertex 18 4.8546 12.3594
    endloop
  endfacet
  facet normal 0 0.995184 0.0980256
    outer loop
      vertex 1 4.8546 12.3594
      vertex 18 4.86839 12.2194
      vertex 1 4.86839 12.2194
    endloop
  endfacet
  facet normal 0 0.999465 0.0326994
    outer loop
      vertex -1 4.8546 12.3594
      vertex -18 4.85 12.5
      vertex -1 4.85 12.5
    endloop
  endfacet
  facet normal 0 0.999465 0.0326994
    outer loop
      vertex -18 4.85 12.5
      vertex -1 4.8546 12.3594
      vertex -18 4.8546 12.3594
    endloop
  endfacet
  facet normal 0 0.999465 0.0326994
    outer loop
      vertex 18 4.8546 12.3594
      vertex 1 4.85 12.5
      vertex 18 4.85 12.5
    endloop
  endfacet
  facet normal 0 0.999465 0.0326994
    outer loop
      vertex 1 4.85 12.5
      vertex 18 4.8546 12.3594
      vertex 1 4.8546 12.3594
    endloop
  endfacet
  facet normal 0 -0.935926 0.352198
    outer loop
      vertex -18 8.98634 11.6772
      vertex -1 9.0359 11.8089
      vertex -18 9.0359 11.8089
    endloop
  endfacet
  facet normal 0 -0.935926 0.352198
    outer loop
      vertex -1 9.0359 11.8089
      vertex -18 8.98634 11.6772
      vertex -1 8.98634 11.6772
    endloop
  endfacet
  facet normal 0 -0.935926 0.352198
    outer loop
      vertex 1 8.98634 11.6772
      vertex 18 9.0359 11.8089
      vertex 1 9.0359 11.8089
    endloop
  endfacet
  facet normal 0 -0.935926 0.352198
    outer loop
      vertex 18 9.0359 11.8089
      vertex 1 8.98634 11.6772
      vertex 18 8.98634 11.6772
    endloop
  endfacet
  facet normal 0 -0.773149 0.634224
    outer loop
      vertex -18 8.61646 11.0824
      vertex -1 8.70571 11.1912
      vertex -18 8.70571 11.1912
    endloop
  endfacet
  facet normal 0 -0.773149 0.634224
    outer loop
      vertex -1 8.70571 11.1912
      vertex -18 8.61646 11.0824
      vertex -1 8.61646 11.0824
    endloop
  endfacet
  facet normal 0 -0.773149 0.634224
    outer loop
      vertex 1 8.61646 11.0824
      vertex 18 8.70571 11.1912
      vertex 1 8.70571 11.1912
    endloop
  endfacet
  facet normal 0 -0.773149 0.634224
    outer loop
      vertex 18 8.70571 11.1912
      vertex 1 8.61646 11.0824
      vertex 18 8.61646 11.0824
    endloop
  endfacet
  facet normal -0 0.412329 0.911035
    outer loop
      vertex -18 6.17723 10.5137
      vertex -1 6.04908 10.5717
      vertex -1 6.17723 10.5137
    endloop
  endfacet
  facet normal 0 0.412329 0.911035
    outer loop
      vertex -1 6.04908 10.5717
      vertex -18 6.17723 10.5137
      vertex -18 6.04908 10.5717
    endloop
  endfacet
  facet normal -0 0.412329 0.911035
    outer loop
      vertex 1 6.17723 10.5137
      vertex 18 6.04908 10.5717
      vertex 18 6.17723 10.5137
    endloop
  endfacet
  facet normal 0 0.412329 0.911035
    outer loop
      vertex 18 6.04908 10.5717
      vertex 1 6.17723 10.5137
      vertex 1 6.04908 10.5717
    endloop
  endfacet
  facet normal -0 0.528081 0.849194
    outer loop
      vertex -18 5.925 10.638
      vertex -1 5.80552 10.7123
      vertex -1 5.925 10.638
    endloop
  endfacet
  facet normal 0 0.528081 0.849194
    outer loop
      vertex -1 5.80552 10.7123
      vertex -18 5.925 10.638
      vertex -18 5.80552 10.7123
    endloop
  endfacet
  facet normal -0 0.528081 0.849194
    outer loop
      vertex 1 5.925 10.638
      vertex 18 5.80552 10.7123
      vertex 18 5.925 10.638
    endloop
  endfacet
  facet normal 0 0.528081 0.849194
    outer loop
      vertex 18 5.80552 10.7123
      vertex 1 5.925 10.638
      vertex 1 5.80552 10.7123
    endloop
  endfacet
  facet normal -0 0.352517 0.935805
    outer loop
      vertex -18 6.3089 10.4641
      vertex -1 6.17723 10.5137
      vertex -1 6.3089 10.4641
    endloop
  endfacet
  facet normal 0 0.352517 0.935805
    outer loop
      vertex -1 6.17723 10.5137
      vertex -18 6.3089 10.4641
      vertex -18 6.17723 10.5137
    endloop
  endfacet
  facet normal -0 0.352517 0.935805
    outer loop
      vertex 1 6.3089 10.4641
      vertex 18 6.17723 10.5137
      vertex 18 6.3089 10.4641
    endloop
  endfacet
  facet normal 0 0.352517 0.935805
    outer loop
      vertex 18 6.17723 10.5137
      vertex 1 6.3089 10.4641
      vertex 1 6.17723 10.5137
    endloop
  endfacet
  facet normal 0 -0.290027 0.957018
    outer loop
      vertex -18 7.69109 10.4641
      vertex -1 7.55646 10.4233
      vertex -1 7.69109 10.4641
    endloop
  endfacet
  facet normal 0 -0.290027 0.957018
    outer loop
      vertex -1 7.55646 10.4233
      vertex -18 7.69109 10.4641
      vertex -18 7.55646 10.4233
    endloop
  endfacet
  facet normal 0 -0.290027 0.957018
    outer loop
      vertex 1 7.69109 10.4641
      vertex 18 7.55646 10.4233
      vertex 18 7.69109 10.4641
    endloop
  endfacet
  facet normal 0 -0.290027 0.957018
    outer loop
      vertex 18 7.55646 10.4233
      vertex 1 7.69109 10.4641
      vertex 1 7.55646 10.4233
    endloop
  endfacet
  facet normal 0 0.227439 -0.973792
    outer loop
      vertex -18 6.44354 14.5767
      vertex -1 6.58055 14.6087
      vertex -1 6.44354 14.5767
    endloop
  endfacet
  facet normal 0 0.227439 -0.973792
    outer loop
      vertex -1 6.58055 14.6087
      vertex -18 6.44354 14.5767
      vertex -18 6.58055 14.6087
    endloop
  endfacet
  facet normal 0 0.227439 -0.973792
    outer loop
      vertex 1 6.44354 14.5767
      vertex 18 6.58055 14.6087
      vertex 18 6.44354 14.5767
    endloop
  endfacet
  facet normal 0 0.227439 -0.973792
    outer loop
      vertex 18 6.58055 14.6087
      vertex 1 6.44354 14.5767
      vertex 1 6.58055 14.6087
    endloop
  endfacet
  facet normal 0 -0.528081 -0.849194
    outer loop
      vertex -18 8.075 14.362
      vertex -1 8.19448 14.2877
      vertex -1 8.075 14.362
    endloop
  endfacet
  facet normal -0 -0.528081 -0.849194
    outer loop
      vertex -1 8.19448 14.2877
      vertex -18 8.075 14.362
      vertex -18 8.19448 14.2877
    endloop
  endfacet
  facet normal 0 -0.528081 -0.849194
    outer loop
      vertex 1 8.075 14.362
      vertex 18 8.19448 14.2877
      vertex 18 8.075 14.362
    endloop
  endfacet
  facet normal -0 -0.528081 -0.849194
    outer loop
      vertex 18 8.19448 14.2877
      vertex 1 8.075 14.362
      vertex 1 8.19448 14.2877
    endloop
  endfacet
  facet normal 0 0.910814 -0.412817
    outer loop
      vertex -1 5.01366 13.3228
      vertex -18 5.07172 13.4509
      vertex -1 5.07172 13.4509
    endloop
  endfacet
  facet normal 0 0.910814 -0.412817
    outer loop
      vertex -18 5.07172 13.4509
      vertex -1 5.01366 13.3228
      vertex -18 5.01366 13.3228
    endloop
  endfacet
  facet normal 0 0.910814 -0.412817
    outer loop
      vertex 18 5.01366 13.3228
      vertex 1 5.07172 13.4509
      vertex 18 5.07172 13.4509
    endloop
  endfacet
  facet normal 0 0.910814 -0.412817
    outer loop
      vertex 1 5.07172 13.4509
      vertex 18 5.01366 13.3228
      vertex 1 5.01366 13.3228
    endloop
  endfacet
  facet normal 0 0.910814 0.412817
    outer loop
      vertex -1 5.07172 11.5491
      vertex -18 5.01366 11.6772
      vertex -1 5.01366 11.6772
    endloop
  endfacet
  facet normal 0 0.910814 0.412817
    outer loop
      vertex -18 5.01366 11.6772
      vertex -1 5.07172 11.5491
      vertex -18 5.07172 11.5491
    endloop
  endfacet
  facet normal 0 0.910814 0.412817
    outer loop
      vertex 18 5.07172 11.5491
      vertex 1 5.01366 11.6772
      vertex 18 5.01366 11.6772
    endloop
  endfacet
  facet normal 0 0.910814 0.412817
    outer loop
      vertex 1 5.01366 11.6772
      vertex 18 5.07172 11.5491
      vertex 1 5.07172 11.5491
    endloop
  endfacet
  facet normal 0 -0.88193 -0.471381
    outer loop
      vertex -18 8.92828 13.4509
      vertex -1 8.86195 13.575
      vertex -18 8.86195 13.575
    endloop
  endfacet
  facet normal 0 -0.88193 -0.471381
    outer loop
      vertex -1 8.86195 13.575
      vertex -18 8.92828 13.4509
      vertex -1 8.92828 13.4509
    endloop
  endfacet
  facet normal 0 -0.88193 -0.471381
    outer loop
      vertex 1 8.92828 13.4509
      vertex 18 8.86195 13.575
      vertex 1 8.86195 13.575
    endloop
  endfacet
  facet normal 0 -0.88193 -0.471381
    outer loop
      vertex 18 8.86195 13.575
      vertex 1 8.92828 13.4509
      vertex 18 8.92828 13.4509
    endloop
  endfacet
  facet normal -0 0.162762 0.986665
    outer loop
      vertex -18 6.71937 10.3684
      vertex -1 6.58055 10.3913
      vertex -1 6.71937 10.3684
    endloop
  endfacet
  facet normal 0 0.162762 0.986665
    outer loop
      vertex -1 6.58055 10.3913
      vertex -18 6.71937 10.3684
      vertex -18 6.58055 10.3913
    endloop
  endfacet
  facet normal -0 0.162762 0.986665
    outer loop
      vertex 1 6.71937 10.3684
      vertex 18 6.58055 10.3913
      vertex 18 6.71937 10.3684
    endloop
  endfacet
  facet normal 0 0.162762 0.986665
    outer loop
      vertex 18 6.58055 10.3913
      vertex 1 6.71937 10.3684
      vertex 1 6.58055 10.3913
    endloop
  endfacet
  facet normal 0 -0.582716 0.812676
    outer loop
      vertex -18 8.30884 10.7943
      vertex -1 8.19448 10.7123
      vertex -1 8.30884 10.7943
    endloop
  endfacet
  facet normal 0 -0.582716 0.812676
    outer loop
      vertex -1 8.19448 10.7123
      vertex -18 8.30884 10.7943
      vertex -18 8.19448 10.7123
    endloop
  endfacet
  facet normal 0 -0.582716 0.812676
    outer loop
      vertex 1 8.30884 10.7943
      vertex 18 8.19448 10.7123
      vertex 18 8.30884 10.7943
    endloop
  endfacet
  facet normal 0 -0.582716 0.812676
    outer loop
      vertex 18 8.19448 10.7123
      vertex 1 8.30884 10.7943
      vertex 1 8.19448 10.7123
    endloop
  endfacet
  facet normal 0 -0.910814 -0.412817
    outer loop
      vertex -18 8.98634 13.3228
      vertex -1 8.92828 13.4509
      vertex -18 8.92828 13.4509
    endloop
  endfacet
  facet normal 0 -0.910814 -0.412817
    outer loop
      vertex -1 8.92828 13.4509
      vertex -18 8.98634 13.3228
      vertex -1 8.98634 13.3228
    endloop
  endfacet
  facet normal 0 -0.910814 -0.412817
    outer loop
      vertex 1 8.98634 13.3228
      vertex 18 8.92828 13.4509
      vertex 1 8.92828 13.4509
    endloop
  endfacet
  facet normal 0 -0.910814 -0.412817
    outer loop
      vertex 18 8.92828 13.4509
      vertex 1 8.98634 13.3228
      vertex 18 8.98634 13.3228
    endloop
  endfacet
  facet normal 0 -0.812699 0.582683
    outer loop
      vertex -18 8.70571 11.1912
      vertex -1 8.78766 11.3055
      vertex -18 8.78766 11.3055
    endloop
  endfacet
  facet normal 0 -0.812699 0.582683
    outer loop
      vertex -1 8.78766 11.3055
      vertex -18 8.70571 11.1912
      vertex -1 8.70571 11.1912
    endloop
  endfacet
  facet normal 0 -0.812699 0.582683
    outer loop
      vertex 1 8.70571 11.1912
      vertex 18 8.78766 11.3055
      vertex 1 8.78766 11.3055
    endloop
  endfacet
  facet normal 0 -0.812699 0.582683
    outer loop
      vertex 18 8.78766 11.3055
      vertex 1 8.70571 11.1912
      vertex 18 8.70571 11.1912
    endloop
  endfacet
  facet normal 0 -0.773149 -0.634224
    outer loop
      vertex -18 8.70571 13.8088
      vertex -1 8.61646 13.9176
      vertex -18 8.61646 13.9176
    endloop
  endfacet
  facet normal 0 -0.773149 -0.634224
    outer loop
      vertex -1 8.61646 13.9176
      vertex -18 8.70571 13.8088
      vertex -1 8.70571 13.8088
    endloop
  endfacet
  facet normal 0 -0.773149 -0.634224
    outer loop
      vertex 1 8.70571 13.8088
      vertex 18 8.61646 13.9176
      vertex 1 8.61646 13.9176
    endloop
  endfacet
  facet normal 0 -0.773149 -0.634224
    outer loop
      vertex 18 8.61646 13.9176
      vertex 1 8.70571 13.8088
      vertex 18 8.70571 13.8088
    endloop
  endfacet
  facet normal 0 0.0326948 -0.999465
    outer loop
      vertex -18 6.85938 14.6454
      vertex -1 7 14.65
      vertex -1 6.85938 14.6454
    endloop
  endfacet
  facet normal 0 0.0326948 -0.999465
    outer loop
      vertex -1 7 14.65
      vertex -18 6.85938 14.6454
      vertex -18 7 14.65
    endloop
  endfacet
  facet normal 0 0.0326948 -0.999465
    outer loop
      vertex 1 6.85938 14.6454
      vertex 18 7 14.65
      vertex 18 6.85938 14.6454
    endloop
  endfacet
  facet normal 0 0.0326948 -0.999465
    outer loop
      vertex 18 7 14.65
      vertex 1 6.85938 14.6454
      vertex 1 7 14.65
    endloop
  endfacet
  facet normal 0 -0.0980891 0.995178
    outer loop
      vertex -18 7.28063 10.3684
      vertex -1 7.14062 10.3546
      vertex -1 7.28063 10.3684
    endloop
  endfacet
  facet normal 0 -0.0980891 0.995178
    outer loop
      vertex -1 7.14062 10.3546
      vertex -18 7.28063 10.3684
      vertex -18 7.14062 10.3546
    endloop
  endfacet
  facet normal 0 -0.0980891 0.995178
    outer loop
      vertex 1 7.28063 10.3684
      vertex 18 7.14062 10.3546
      vertex 18 7.28063 10.3684
    endloop
  endfacet
  facet normal 0 -0.0980891 0.995178
    outer loop
      vertex 18 7.14062 10.3546
      vertex 1 7.28063 10.3684
      vertex 1 7.14062 10.3546
    endloop
  endfacet
  facet normal 0 0.812699 0.582683
    outer loop
      vertex -1 5.29429 11.1912
      vertex -18 5.21234 11.3055
      vertex -1 5.21234 11.3055
    endloop
  endfacet
  facet normal 0 0.812699 0.582683
    outer loop
      vertex -18 5.21234 11.3055
      vertex -1 5.29429 11.1912
      vertex -18 5.29429 11.1912
    endloop
  endfacet
  facet normal 0 0.812699 0.582683
    outer loop
      vertex 18 5.29429 11.1912
      vertex 1 5.21234 11.3055
      vertex 18 5.21234 11.3055
    endloop
  endfacet
  facet normal 0 0.812699 0.582683
    outer loop
      vertex 1 5.21234 11.3055
      vertex 18 5.29429 11.1912
      vertex 1 5.29429 11.1912
    endloop
  endfacet
  facet normal 0 0.849266 0.527966
    outer loop
      vertex -1 5.21234 11.3055
      vertex -18 5.13805 11.425
      vertex -1 5.13805 11.425
    endloop
  endfacet
  facet normal 0 0.849266 0.527966
    outer loop
      vertex -18 5.13805 11.425
      vertex -1 5.21234 11.3055
      vertex -18 5.21234 11.3055
    endloop
  endfacet
  facet normal 0 0.849266 0.527966
    outer loop
      vertex 18 5.21234 11.3055
      vertex 1 5.13805 11.425
      vertex 18 5.13805 11.425
    endloop
  endfacet
  facet normal 0 0.849266 0.527966
    outer loop
      vertex 1 5.13805 11.425
      vertex 18 5.21234 11.3055
      vertex 1 5.21234 11.3055
    endloop
  endfacet
  facet normal 0 0.773149 0.634224
    outer loop
      vertex -1 5.38354 11.0824
      vertex -18 5.29429 11.1912
      vertex -1 5.29429 11.1912
    endloop
  endfacet
  facet normal 0 0.773149 0.634224
    outer loop
      vertex -18 5.29429 11.1912
      vertex -1 5.38354 11.0824
      vertex -18 5.38354 11.0824
    endloop
  endfacet
  facet normal 0 0.773149 0.634224
    outer loop
      vertex 18 5.38354 11.0824
      vertex 1 5.29429 11.1912
      vertex 18 5.29429 11.1912
    endloop
  endfacet
  facet normal 0 0.773149 0.634224
    outer loop
      vertex 1 5.29429 11.1912
      vertex 18 5.38354 11.0824
      vertex 1 5.38354 11.0824
    endloop
  endfacet
  facet normal -0 0.227439 0.973792
    outer loop
      vertex -18 6.58055 10.3913
      vertex -1 6.44354 10.4233
      vertex -1 6.58055 10.3913
    endloop
  endfacet
  facet normal 0 0.227439 0.973792
    outer loop
      vertex -1 6.44354 10.4233
      vertex -18 6.58055 10.3913
      vertex -18 6.44354 10.4233
    endloop
  endfacet
  facet normal -0 0.227439 0.973792
    outer loop
      vertex 1 6.58055 10.3913
      vertex 18 6.44354 10.4233
      vertex 18 6.58055 10.3913
    endloop
  endfacet
  facet normal 0 0.227439 0.973792
    outer loop
      vertex 18 6.44354 10.4233
      vertex 1 6.58055 10.3913
      vertex 1 6.44354 10.4233
    endloop
  endfacet
  facet normal 0 0.973904 0.22696
    outer loop
      vertex -1 4.92326 11.9435
      vertex -18 4.89131 12.0806
      vertex -1 4.89131 12.0806
    endloop
  endfacet
  facet normal 0 0.973904 0.22696
    outer loop
      vertex -18 4.89131 12.0806
      vertex -1 4.92326 11.9435
      vertex -18 4.92326 11.9435
    endloop
  endfacet
  facet normal 0 0.973904 0.22696
    outer loop
      vertex 18 4.92326 11.9435
      vertex 1 4.89131 12.0806
      vertex 18 4.89131 12.0806
    endloop
  endfacet
  facet normal 0 0.973904 0.22696
    outer loop
      vertex 1 4.89131 12.0806
      vertex 18 4.92326 11.9435
      vertex 1 4.92326 11.9435
    endloop
  endfacet
  facet normal 0 0.0980891 -0.995178
    outer loop
      vertex -18 6.71937 14.6316
      vertex -1 6.85938 14.6454
      vertex -1 6.71937 14.6316
    endloop
  endfacet
  facet normal 0 0.0980891 -0.995178
    outer loop
      vertex -1 6.85938 14.6454
      vertex -18 6.71937 14.6316
      vertex -18 6.85938 14.6454
    endloop
  endfacet
  facet normal 0 0.0980891 -0.995178
    outer loop
      vertex 1 6.71937 14.6316
      vertex 18 6.85938 14.6454
      vertex 18 6.71937 14.6316
    endloop
  endfacet
  facet normal 0 0.0980891 -0.995178
    outer loop
      vertex 18 6.85938 14.6454
      vertex 1 6.71937 14.6316
      vertex 1 6.85938 14.6454
    endloop
  endfacet
  facet normal 0 -0.910814 0.412817
    outer loop
      vertex -18 8.92828 11.5491
      vertex -1 8.98634 11.6772
      vertex -18 8.98634 11.6772
    endloop
  endfacet
  facet normal 0 -0.910814 0.412817
    outer loop
      vertex -1 8.98634 11.6772
      vertex -18 8.92828 11.5491
      vertex -1 8.92828 11.5491
    endloop
  endfacet
  facet normal 0 -0.910814 0.412817
    outer loop
      vertex 1 8.92828 11.5491
      vertex 18 8.98634 11.6772
      vertex 1 8.98634 11.6772
    endloop
  endfacet
  facet normal 0 -0.910814 0.412817
    outer loop
      vertex 18 8.98634 11.6772
      vertex 1 8.92828 11.5491
      vertex 18 8.92828 11.5491
    endloop
  endfacet
  facet normal 0 -0.849266 0.527966
    outer loop
      vertex -18 8.78766 11.3055
      vertex -1 8.86195 11.425
      vertex -18 8.86195 11.425
    endloop
  endfacet
  facet normal 0 -0.849266 0.527966
    outer loop
      vertex -1 8.86195 11.425
      vertex -18 8.78766 11.3055
      vertex -1 8.78766 11.3055
    endloop
  endfacet
  facet normal 0 -0.849266 0.527966
    outer loop
      vertex 1 8.78766 11.3055
      vertex 18 8.86195 11.425
      vertex 1 8.86195 11.425
    endloop
  endfacet
  facet normal 0 -0.849266 0.527966
    outer loop
      vertex 18 8.86195 11.425
      vertex 1 8.78766 11.3055
      vertex 18 8.78766 11.3055
    endloop
  endfacet
  facet normal -0 0.0980891 0.995178
    outer loop
      vertex -18 6.85938 10.3546
      vertex -1 6.71937 10.3684
      vertex -1 6.85938 10.3546
    endloop
  endfacet
  facet normal 0 0.0980891 0.995178
    outer loop
      vertex -1 6.71937 10.3684
      vertex -18 6.85938 10.3546
      vertex -18 6.71937 10.3684
    endloop
  endfacet
  facet normal -0 0.0980891 0.995178
    outer loop
      vertex 1 6.85938 10.3546
      vertex 18 6.71937 10.3684
      vertex 18 6.85938 10.3546
    endloop
  endfacet
  facet normal 0 0.0980891 0.995178
    outer loop
      vertex 18 6.71937 10.3684
      vertex 1 6.85938 10.3546
      vertex 1 6.71937 10.3684
    endloop
  endfacet
  facet normal -0 0.634186 0.773181
    outer loop
      vertex -18 5.69116 10.7943
      vertex -1 5.58241 10.8835
      vertex -1 5.69116 10.7943
    endloop
  endfacet
  facet normal 0 0.634186 0.773181
    outer loop
      vertex -1 5.58241 10.8835
      vertex -18 5.69116 10.7943
      vertex -18 5.58241 10.8835
    endloop
  endfacet
  facet normal -0 0.634186 0.773181
    outer loop
      vertex 1 5.69116 10.7943
      vertex 18 5.58241 10.8835
      vertex 18 5.69116 10.7943
    endloop
  endfacet
  facet normal 0 0.634186 0.773181
    outer loop
      vertex 18 5.58241 10.8835
      vertex 1 5.69116 10.7943
      vertex 1 5.58241 10.8835
    endloop
  endfacet
  facet normal 0 0.986639 0.162923
    outer loop
      vertex -1 4.89131 12.0806
      vertex -18 4.86839 12.2194
      vertex -1 4.86839 12.2194
    endloop
  endfacet
  facet normal 0 0.986639 0.162923
    outer loop
      vertex -18 4.86839 12.2194
      vertex -1 4.89131 12.0806
      vertex -18 4.89131 12.0806
    endloop
  endfacet
  facet normal 0 0.986639 0.162923
    outer loop
      vertex 18 4.89131 12.0806
      vertex 1 4.86839 12.2194
      vertex 18 4.86839 12.2194
    endloop
  endfacet
  facet normal 0 0.986639 0.162923
    outer loop
      vertex 1 4.86839 12.2194
      vertex 18 4.89131 12.0806
      vertex 1 4.89131 12.0806
    endloop
  endfacet
  facet normal -0 0.0326948 0.999465
    outer loop
      vertex -18 7 10.35
      vertex -1 6.85938 10.3546
      vertex -1 7 10.35
    endloop
  endfacet
  facet normal 0 0.0326948 0.999465
    outer loop
      vertex -1 6.85938 10.3546
      vertex -18 7 10.35
      vertex -18 6.85938 10.3546
    endloop
  endfacet
  facet normal -0 0.0326948 0.999465
    outer loop
      vertex 1 7 10.35
      vertex 18 6.85938 10.3546
      vertex 18 7 10.35
    endloop
  endfacet
  facet normal 0 0.0326948 0.999465
    outer loop
      vertex 18 6.85938 10.3546
      vertex 1 7 10.35
      vertex 1 6.85938 10.3546
    endloop
  endfacet
  facet normal 0 -0.986639 0.162923
    outer loop
      vertex -18 9.10869 12.0806
      vertex -1 9.13161 12.2194
      vertex -18 9.13161 12.2194
    endloop
  endfacet
  facet normal 0 -0.986639 0.162923
    outer loop
      vertex -1 9.13161 12.2194
      vertex -18 9.10869 12.0806
      vertex -1 9.10869 12.0806
    endloop
  endfacet
  facet normal 0 -0.986639 0.162923
    outer loop
      vertex 1 9.10869 12.0806
      vertex 18 9.13161 12.2194
      vertex 1 9.13161 12.2194
    endloop
  endfacet
  facet normal 0 -0.986639 0.162923
    outer loop
      vertex 18 9.13161 12.2194
      vertex 1 9.10869 12.0806
      vertex 18 9.10869 12.0806
    endloop
  endfacet
  facet normal -0 0.290007 0.957024
    outer loop
      vertex -18 6.44354 10.4233
      vertex -1 6.3089 10.4641
      vertex -1 6.44354 10.4233
    endloop
  endfacet
  facet normal 0 0.290007 0.957024
    outer loop
      vertex -1 6.3089 10.4641
      vertex -18 6.44354 10.4233
      vertex -18 6.3089 10.4641
    endloop
  endfacet
  facet normal -0 0.290007 0.957024
    outer loop
      vertex 1 6.44354 10.4233
      vertex 18 6.3089 10.4641
      vertex 18 6.44354 10.4233
    endloop
  endfacet
  facet normal 0 0.290007 0.957024
    outer loop
      vertex 18 6.3089 10.4641
      vertex 1 6.44354 10.4233
      vertex 1 6.3089 10.4641
    endloop
  endfacet
  facet normal 0 0.773149 -0.634224
    outer loop
      vertex -1 5.29429 13.8088
      vertex -18 5.38354 13.9176
      vertex -1 5.38354 13.9176
    endloop
  endfacet
  facet normal 0 0.773149 -0.634224
    outer loop
      vertex -18 5.38354 13.9176
      vertex -1 5.29429 13.8088
      vertex -18 5.29429 13.8088
    endloop
  endfacet
  facet normal 0 0.773149 -0.634224
    outer loop
      vertex 18 5.29429 13.8088
      vertex 1 5.38354 13.9176
      vertex 18 5.38354 13.9176
    endloop
  endfacet
  facet normal 0 0.773149 -0.634224
    outer loop
      vertex 1 5.38354 13.9176
      vertex 18 5.29429 13.8088
      vertex 1 5.29429 13.8088
    endloop
  endfacet
  facet normal 0 -0.290027 -0.957018
    outer loop
      vertex -18 7.55646 14.5767
      vertex -1 7.69109 14.5359
      vertex -1 7.55646 14.5767
    endloop
  endfacet
  facet normal -0 -0.290027 -0.957018
    outer loop
      vertex -1 7.69109 14.5359
      vertex -18 7.55646 14.5767
      vertex -18 7.69109 14.5359
    endloop
  endfacet
  facet normal 0 -0.290027 -0.957018
    outer loop
      vertex 1 7.55646 14.5767
      vertex 18 7.69109 14.5359
      vertex 18 7.55646 14.5767
    endloop
  endfacet
  facet normal -0 -0.290027 -0.957018
    outer loop
      vertex 18 7.69109 14.5359
      vertex 1 7.55646 14.5767
      vertex 1 7.69109 14.5359
    endloop
  endfacet
  facet normal 0 -0.999465 -0.0326994
    outer loop
      vertex -18 9.15 12.5
      vertex -1 9.1454 12.6406
      vertex -18 9.1454 12.6406
    endloop
  endfacet
  facet normal 0 -0.999465 -0.0326994
    outer loop
      vertex -1 9.1454 12.6406
      vertex -18 9.15 12.5
      vertex -1 9.15 12.5
    endloop
  endfacet
  facet normal 0 -0.999465 -0.0326994
    outer loop
      vertex 1 9.15 12.5
      vertex 18 9.1454 12.6406
      vertex 1 9.1454 12.6406
    endloop
  endfacet
  facet normal 0 -0.999465 -0.0326994
    outer loop
      vertex 18 9.1454 12.6406
      vertex 1 9.15 12.5
      vertex 18 9.15 12.5
    endloop
  endfacet
  facet normal 0 -0.471274 0.881987
    outer loop
      vertex -18 8.075 10.638
      vertex -1 7.95092 10.5717
      vertex -1 8.075 10.638
    endloop
  endfacet
  facet normal 0 -0.471274 0.881987
    outer loop
      vertex -1 7.95092 10.5717
      vertex -18 8.075 10.638
      vertex -18 7.95092 10.5717
    endloop
  endfacet
  facet normal 0 -0.471274 0.881987
    outer loop
      vertex 1 8.075 10.638
      vertex 18 7.95092 10.5717
      vertex 18 8.075 10.638
    endloop
  endfacet
  facet normal 0 -0.471274 0.881987
    outer loop
      vertex 18 7.95092 10.5717
      vertex 1 8.075 10.638
      vertex 1 7.95092 10.5717
    endloop
  endfacet
  facet normal 0 -0.162774 -0.986663
    outer loop
      vertex -18 7.28063 14.6316
      vertex -1 7.41944 14.6087
      vertex -1 7.28063 14.6316
    endloop
  endfacet
  facet normal -0 -0.162774 -0.986663
    outer loop
      vertex -1 7.41944 14.6087
      vertex -18 7.28063 14.6316
      vertex -18 7.41944 14.6087
    endloop
  endfacet
  facet normal 0 -0.162774 -0.986663
    outer loop
      vertex 1 7.28063 14.6316
      vertex 18 7.41944 14.6087
      vertex 18 7.28063 14.6316
    endloop
  endfacet
  facet normal -0 -0.162774 -0.986663
    outer loop
      vertex 18 7.41944 14.6087
      vertex 1 7.28063 14.6316
      vertex 1 7.41944 14.6087
    endloop
  endfacet
  facet normal 0 0.999465 -0.0326994
    outer loop
      vertex -1 4.85 12.5
      vertex -18 4.8546 12.6406
      vertex -1 4.8546 12.6406
    endloop
  endfacet
  facet normal 0 0.999465 -0.0326994
    outer loop
      vertex -18 4.8546 12.6406
      vertex -1 4.85 12.5
      vertex -18 4.85 12.5
    endloop
  endfacet
  facet normal 0 0.999465 -0.0326994
    outer loop
      vertex 18 4.85 12.5
      vertex 1 4.8546 12.6406
      vertex 18 4.8546 12.6406
    endloop
  endfacet
  facet normal 0 0.999465 -0.0326994
    outer loop
      vertex 1 4.8546 12.6406
      vertex 18 4.85 12.5
      vertex 1 4.85 12.5
    endloop
  endfacet
  facet normal 0 -0.812699 -0.582683
    outer loop
      vertex -18 8.78766 13.6945
      vertex -1 8.70571 13.8088
      vertex -18 8.70571 13.8088
    endloop
  endfacet
  facet normal 0 -0.812699 -0.582683
    outer loop
      vertex -1 8.70571 13.8088
      vertex -18 8.78766 13.6945
      vertex -1 8.78766 13.6945
    endloop
  endfacet
  facet normal 0 -0.812699 -0.582683
    outer loop
      vertex 1 8.78766 13.6945
      vertex 18 8.70571 13.8088
      vertex 1 8.70571 13.8088
    endloop
  endfacet
  facet normal 0 -0.812699 -0.582683
    outer loop
      vertex 18 8.70571 13.8088
      vertex 1 8.78766 13.6945
      vertex 18 8.78766 13.6945
    endloop
  endfacet
  facet normal -0 0.582716 0.812676
    outer loop
      vertex -18 5.80552 10.7123
      vertex -1 5.69116 10.7943
      vertex -1 5.80552 10.7123
    endloop
  endfacet
  facet normal 0 0.582716 0.812676
    outer loop
      vertex -1 5.69116 10.7943
      vertex -18 5.80552 10.7123
      vertex -18 5.69116 10.7943
    endloop
  endfacet
  facet normal -0 0.582716 0.812676
    outer loop
      vertex 1 5.80552 10.7123
      vertex 18 5.69116 10.7943
      vertex 18 5.80552 10.7123
    endloop
  endfacet
  facet normal 0 0.582716 0.812676
    outer loop
      vertex 18 5.69116 10.7943
      vertex 1 5.80552 10.7123
      vertex 1 5.69116 10.7943
    endloop
  endfacet
  facet normal 0 0.412329 -0.911035
    outer loop
      vertex -18 6.04908 14.4283
      vertex -1 6.17723 14.4863
      vertex -1 6.04908 14.4283
    endloop
  endfacet
  facet normal 0 0.412329 -0.911035
    outer loop
      vertex -1 6.17723 14.4863
      vertex -18 6.04908 14.4283
      vertex -18 6.17723 14.4863
    endloop
  endfacet
  facet normal 0 0.412329 -0.911035
    outer loop
      vertex 1 6.04908 14.4283
      vertex 18 6.17723 14.4863
      vertex 18 6.04908 14.4283
    endloop
  endfacet
  facet normal 0 0.412329 -0.911035
    outer loop
      vertex 18 6.17723 14.4863
      vertex 1 6.04908 14.4283
      vertex 1 6.17723 14.4863
    endloop
  endfacet
  facet normal 0 0.471274 -0.881987
    outer loop
      vertex -18 5.925 14.362
      vertex -1 6.04908 14.4283
      vertex -1 5.925 14.362
    endloop
  endfacet
  facet normal 0 0.471274 -0.881987
    outer loop
      vertex -1 6.04908 14.4283
      vertex -18 5.925 14.362
      vertex -18 6.04908 14.4283
    endloop
  endfacet
  facet normal 0 0.471274 -0.881987
    outer loop
      vertex 1 5.925 14.362
      vertex 18 6.04908 14.4283
      vertex 18 5.925 14.362
    endloop
  endfacet
  facet normal 0 0.471274 -0.881987
    outer loop
      vertex 18 6.04908 14.4283
      vertex 1 5.925 14.362
      vertex 1 6.04908 14.4283
    endloop
  endfacet
  facet normal 0 0.935926 0.352198
    outer loop
      vertex -1 5.01366 11.6772
      vertex -18 4.9641 11.8089
      vertex -1 4.9641 11.8089
    endloop
  endfacet
  facet normal 0 0.935926 0.352198
    outer loop
      vertex -18 4.9641 11.8089
      vertex -1 5.01366 11.6772
      vertex -18 5.01366 11.6772
    endloop
  endfacet
  facet normal 0 0.935926 0.352198
    outer loop
      vertex 18 5.01366 11.6772
      vertex 1 4.9641 11.8089
      vertex 18 4.9641 11.8089
    endloop
  endfacet
  facet normal 0 0.935926 0.352198
    outer loop
      vertex 1 4.9641 11.8089
      vertex 18 5.01366 11.6772
      vertex 1 5.01366 11.6772
    endloop
  endfacet
  facet normal 0 -0.995184 -0.0980256
    outer loop
      vertex -18 9.1454 12.6406
      vertex -1 9.13161 12.7806
      vertex -18 9.13161 12.7806
    endloop
  endfacet
  facet normal 0 -0.995184 -0.0980256
    outer loop
      vertex -1 9.13161 12.7806
      vertex -18 9.1454 12.6406
      vertex -1 9.1454 12.6406
    endloop
  endfacet
  facet normal 0 -0.995184 -0.0980256
    outer loop
      vertex 1 9.1454 12.6406
      vertex 18 9.13161 12.7806
      vertex 1 9.13161 12.7806
    endloop
  endfacet
  facet normal 0 -0.995184 -0.0980256
    outer loop
      vertex 18 9.13161 12.7806
      vertex 1 9.1454 12.6406
      vertex 18 9.1454 12.6406
    endloop
  endfacet
  facet normal 0 0.162762 -0.986665
    outer loop
      vertex -18 6.58055 14.6087
      vertex -1 6.71937 14.6316
      vertex -1 6.58055 14.6087
    endloop
  endfacet
  facet normal 0 0.162762 -0.986665
    outer loop
      vertex -1 6.71937 14.6316
      vertex -18 6.58055 14.6087
      vertex -18 6.71937 14.6316
    endloop
  endfacet
  facet normal 0 0.162762 -0.986665
    outer loop
      vertex 1 6.58055 14.6087
      vertex 18 6.71937 14.6316
      vertex 18 6.58055 14.6087
    endloop
  endfacet
  facet normal 0 0.162762 -0.986665
    outer loop
      vertex 18 6.71937 14.6316
      vertex 1 6.58055 14.6087
      vertex 1 6.71937 14.6316
    endloop
  endfacet
  facet normal 0 -0.412329 -0.911035
    outer loop
      vertex -18 7.82277 14.4863
      vertex -1 7.95092 14.4283
      vertex -1 7.82277 14.4863
    endloop
  endfacet
  facet normal -0 -0.412329 -0.911035
    outer loop
      vertex -1 7.95092 14.4283
      vertex -18 7.82277 14.4863
      vertex -18 7.95092 14.4283
    endloop
  endfacet
  facet normal 0 -0.412329 -0.911035
    outer loop
      vertex 1 7.82277 14.4863
      vertex 18 7.95092 14.4283
      vertex 18 7.82277 14.4863
    endloop
  endfacet
  facet normal -0 -0.412329 -0.911035
    outer loop
      vertex 18 7.95092 14.4283
      vertex 1 7.82277 14.4863
      vertex 1 7.95092 14.4283
    endloop
  endfacet
  facet normal 0 0.849266 -0.527966
    outer loop
      vertex -1 5.13805 13.575
      vertex -18 5.21234 13.6945
      vertex -1 5.21234 13.6945
    endloop
  endfacet
  facet normal 0 0.849266 -0.527966
    outer loop
      vertex -18 5.21234 13.6945
      vertex -1 5.13805 13.575
      vertex -18 5.13805 13.575
    endloop
  endfacet
  facet normal 0 0.849266 -0.527966
    outer loop
      vertex 18 5.13805 13.575
      vertex 1 5.21234 13.6945
      vertex 18 5.21234 13.6945
    endloop
  endfacet
  facet normal 0 0.849266 -0.527966
    outer loop
      vertex 1 5.21234 13.6945
      vertex 18 5.13805 13.575
      vertex 1 5.13805 13.575
    endloop
  endfacet
  facet normal 0 0.290007 -0.957024
    outer loop
      vertex -18 6.3089 14.5359
      vertex -1 6.44354 14.5767
      vertex -1 6.3089 14.5359
    endloop
  endfacet
  facet normal 0 0.290007 -0.957024
    outer loop
      vertex -1 6.44354 14.5767
      vertex -18 6.3089 14.5359
      vertex -18 6.44354 14.5767
    endloop
  endfacet
  facet normal 0 0.290007 -0.957024
    outer loop
      vertex 1 6.3089 14.5359
      vertex 18 6.44354 14.5767
      vertex 18 6.3089 14.5359
    endloop
  endfacet
  facet normal 0 0.290007 -0.957024
    outer loop
      vertex 18 6.44354 14.5767
      vertex 1 6.3089 14.5359
      vertex 1 6.44354 14.5767
    endloop
  endfacet
  facet normal 0 -0.471274 -0.881987
    outer loop
      vertex -18 7.95092 14.4283
      vertex -1 8.075 14.362
      vertex -1 7.95092 14.4283
    endloop
  endfacet
  facet normal -0 -0.471274 -0.881987
    outer loop
      vertex -1 8.075 14.362
      vertex -18 7.95092 14.4283
      vertex -18 8.075 14.362
    endloop
  endfacet
  facet normal 0 -0.471274 -0.881987
    outer loop
      vertex 1 7.95092 14.4283
      vertex 18 8.075 14.362
      vertex 18 7.95092 14.4283
    endloop
  endfacet
  facet normal -0 -0.471274 -0.881987
    outer loop
      vertex 18 8.075 14.362
      vertex 1 7.95092 14.4283
      vertex 1 8.075 14.362
    endloop
  endfacet
  facet normal 0 0.956922 0.290347
    outer loop
      vertex -1 4.9641 11.8089
      vertex -18 4.92326 11.9435
      vertex -1 4.92326 11.9435
    endloop
  endfacet
  facet normal 0 0.956922 0.290347
    outer loop
      vertex -18 4.92326 11.9435
      vertex -1 4.9641 11.8089
      vertex -18 4.9641 11.8089
    endloop
  endfacet
  facet normal 0 0.956922 0.290347
    outer loop
      vertex 18 4.9641 11.8089
      vertex 1 4.92326 11.9435
      vertex 18 4.92326 11.9435
    endloop
  endfacet
  facet normal 0 0.956922 0.290347
    outer loop
      vertex 1 4.92326 11.9435
      vertex 18 4.9641 11.8089
      vertex 1 4.9641 11.8089
    endloop
  endfacet
  facet normal 0 -0.634186 0.773181
    outer loop
      vertex -18 8.41759 10.8835
      vertex -1 8.30884 10.7943
      vertex -1 8.41759 10.8835
    endloop
  endfacet
  facet normal 0 -0.634186 0.773181
    outer loop
      vertex -1 8.30884 10.7943
      vertex -18 8.41759 10.8835
      vertex -18 8.30884 10.7943
    endloop
  endfacet
  facet normal 0 -0.634186 0.773181
    outer loop
      vertex 1 8.41759 10.8835
      vertex 18 8.30884 10.7943
      vertex 18 8.41759 10.8835
    endloop
  endfacet
  facet normal 0 -0.634186 0.773181
    outer loop
      vertex 18 8.30884 10.7943
      vertex 1 8.41759 10.8835
      vertex 1 8.30884 10.7943
    endloop
  endfacet
  facet normal 0 0.956922 -0.290347
    outer loop
      vertex -1 4.92326 13.0565
      vertex -18 4.9641 13.1911
      vertex -1 4.9641 13.1911
    endloop
  endfacet
  facet normal 0 0.956922 -0.290347
    outer loop
      vertex -18 4.9641 13.1911
      vertex -1 4.92326 13.0565
      vertex -18 4.92326 13.0565
    endloop
  endfacet
  facet normal 0 0.956922 -0.290347
    outer loop
      vertex 18 4.92326 13.0565
      vertex 1 4.9641 13.1911
      vertex 18 4.9641 13.1911
    endloop
  endfacet
  facet normal 0 0.956922 -0.290347
    outer loop
      vertex 1 4.9641 13.1911
      vertex 18 4.92326 13.0565
      vertex 1 4.92326 13.0565
    endloop
  endfacet
  facet normal -0 0.471274 0.881987
    outer loop
      vertex -18 6.04908 10.5717
      vertex -1 5.925 10.638
      vertex -1 6.04908 10.5717
    endloop
  endfacet
  facet normal 0 0.471274 0.881987
    outer loop
      vertex -1 5.925 10.638
      vertex -18 6.04908 10.5717
      vertex -18 5.925 10.638
    endloop
  endfacet
  facet normal -0 0.471274 0.881987
    outer loop
      vertex 1 6.04908 10.5717
      vertex 18 5.925 10.638
      vertex 18 6.04908 10.5717
    endloop
  endfacet
  facet normal 0 0.471274 0.881987
    outer loop
      vertex 18 5.925 10.638
      vertex 1 6.04908 10.5717
      vertex 1 5.925 10.638
    endloop
  endfacet
  facet normal 0 -0.528081 0.849194
    outer loop
      vertex -18 8.19448 10.7123
      vertex -1 8.075 10.638
      vertex -1 8.19448 10.7123
    endloop
  endfacet
  facet normal 0 -0.528081 0.849194
    outer loop
      vertex -1 8.075 10.638
      vertex -18 8.19448 10.7123
      vertex -18 8.075 10.638
    endloop
  endfacet
  facet normal 0 -0.528081 0.849194
    outer loop
      vertex 1 8.19448 10.7123
      vertex 18 8.075 10.638
      vertex 18 8.19448 10.7123
    endloop
  endfacet
  facet normal 0 -0.528081 0.849194
    outer loop
      vertex 18 8.075 10.638
      vertex 1 8.19448 10.7123
      vertex 1 8.075 10.638
    endloop
  endfacet
  facet normal 0 -0.162774 0.986663
    outer loop
      vertex -18 7.41944 10.3913
      vertex -1 7.28063 10.3684
      vertex -1 7.41944 10.3913
    endloop
  endfacet
  facet normal 0 -0.162774 0.986663
    outer loop
      vertex -1 7.28063 10.3684
      vertex -18 7.41944 10.3913
      vertex -18 7.28063 10.3684
    endloop
  endfacet
  facet normal 0 -0.162774 0.986663
    outer loop
      vertex 1 7.41944 10.3913
      vertex 18 7.28063 10.3684
      vertex 18 7.41944 10.3913
    endloop
  endfacet
  facet normal 0 -0.162774 0.986663
    outer loop
      vertex 18 7.28063 10.3684
      vertex 1 7.41944 10.3913
      vertex 1 7.28063 10.3684
    endloop
  endfacet
  facet normal 0 0.995184 -0.0980256
    outer loop
      vertex -1 4.8546 12.6406
      vertex -18 4.86839 12.7806
      vertex -1 4.86839 12.7806
    endloop
  endfacet
  facet normal 0 0.995184 -0.0980256
    outer loop
      vertex -18 4.86839 12.7806
      vertex -1 4.8546 12.6406
      vertex -18 4.8546 12.6406
    endloop
  endfacet
  facet normal 0 0.995184 -0.0980256
    outer loop
      vertex 18 4.8546 12.6406
      vertex 1 4.86839 12.7806
      vertex 18 4.86839 12.7806
    endloop
  endfacet
  facet normal 0 0.995184 -0.0980256
    outer loop
      vertex 1 4.86839 12.7806
      vertex 18 4.8546 12.6406
      vertex 1 4.8546 12.6406
    endloop
  endfacet
  facet normal 0 -0.956922 -0.290347
    outer loop
      vertex -18 9.07674 13.0565
      vertex -1 9.0359 13.1911
      vertex -18 9.0359 13.1911
    endloop
  endfacet
  facet normal 0 -0.956922 -0.290347
    outer loop
      vertex -1 9.0359 13.1911
      vertex -18 9.07674 13.0565
      vertex -1 9.07674 13.0565
    endloop
  endfacet
  facet normal 0 -0.956922 -0.290347
    outer loop
      vertex 1 9.07674 13.0565
      vertex 18 9.0359 13.1911
      vertex 1 9.0359 13.1911
    endloop
  endfacet
  facet normal 0 -0.956922 -0.290347
    outer loop
      vertex 18 9.0359 13.1911
      vertex 1 9.07674 13.0565
      vertex 18 9.07674 13.0565
    endloop
  endfacet
  facet normal 0 0.352517 -0.935805
    outer loop
      vertex -18 6.17723 14.4863
      vertex -1 6.3089 14.5359
      vertex -1 6.17723 14.4863
    endloop
  endfacet
  facet normal 0 0.352517 -0.935805
    outer loop
      vertex -1 6.3089 14.5359
      vertex -18 6.17723 14.4863
      vertex -18 6.3089 14.5359
    endloop
  endfacet
  facet normal 0 0.352517 -0.935805
    outer loop
      vertex 1 6.17723 14.4863
      vertex 18 6.3089 14.5359
      vertex 18 6.17723 14.4863
    endloop
  endfacet
  facet normal 0 0.352517 -0.935805
    outer loop
      vertex 18 6.3089 14.5359
      vertex 1 6.17723 14.4863
      vertex 1 6.3089 14.5359
    endloop
  endfacet
  facet normal 0 -0.935926 -0.352198
    outer loop
      vertex -18 9.0359 13.1911
      vertex -1 8.98634 13.3228
      vertex -18 8.98634 13.3228
    endloop
  endfacet
  facet normal 0 -0.935926 -0.352198
    outer loop
      vertex -1 8.98634 13.3228
      vertex -18 9.0359 13.1911
      vertex -1 9.0359 13.1911
    endloop
  endfacet
  facet normal 0 -0.935926 -0.352198
    outer loop
      vertex 1 9.0359 13.1911
      vertex 18 8.98634 13.3228
      vertex 1 8.98634 13.3228
    endloop
  endfacet
  facet normal 0 -0.935926 -0.352198
    outer loop
      vertex 18 8.98634 13.3228
      vertex 1 9.0359 13.1911
      vertex 18 9.0359 13.1911
    endloop
  endfacet
  facet normal 0 -0.999465 0.0326994
    outer loop
      vertex -18 9.1454 12.3594
      vertex -1 9.15 12.5
      vertex -18 9.15 12.5
    endloop
  endfacet
  facet normal 0 -0.999465 0.0326994
    outer loop
      vertex -1 9.15 12.5
      vertex -18 9.1454 12.3594
      vertex -1 9.1454 12.3594
    endloop
  endfacet
  facet normal 0 -0.999465 0.0326994
    outer loop
      vertex 1 9.1454 12.3594
      vertex 18 9.15 12.5
      vertex 1 9.15 12.5
    endloop
  endfacet
  facet normal 0 -0.999465 0.0326994
    outer loop
      vertex 18 9.15 12.5
      vertex 1 9.1454 12.3594
      vertex 18 9.1454 12.3594
    endloop
  endfacet
  facet normal 0 -0.986639 -0.162923
    outer loop
      vertex -18 9.13161 12.7806
      vertex -1 9.10869 12.9194
      vertex -18 9.10869 12.9194
    endloop
  endfacet
  facet normal 0 -0.986639 -0.162923
    outer loop
      vertex -1 9.10869 12.9194
      vertex -18 9.13161 12.7806
      vertex -1 9.13161 12.7806
    endloop
  endfacet
  facet normal 0 -0.986639 -0.162923
    outer loop
      vertex 1 9.13161 12.7806
      vertex 18 9.10869 12.9194
      vertex 1 9.10869 12.9194
    endloop
  endfacet
  facet normal 0 -0.986639 -0.162923
    outer loop
      vertex 18 9.10869 12.9194
      vertex 1 9.13161 12.7806
      vertex 18 9.13161 12.7806
    endloop
  endfacet
  facet normal 0 -0.956922 0.290347
    outer loop
      vertex -18 9.0359 11.8089
      vertex -1 9.07674 11.9435
      vertex -18 9.07674 11.9435
    endloop
  endfacet
  facet normal 0 -0.956922 0.290347
    outer loop
      vertex -1 9.07674 11.9435
      vertex -18 9.0359 11.8089
      vertex -1 9.0359 11.8089
    endloop
  endfacet
  facet normal 0 -0.956922 0.290347
    outer loop
      vertex 1 9.0359 11.8089
      vertex 18 9.07674 11.9435
      vertex 1 9.07674 11.9435
    endloop
  endfacet
  facet normal 0 -0.956922 0.290347
    outer loop
      vertex 18 9.07674 11.9435
      vertex 1 9.0359 11.8089
      vertex 18 9.0359 11.8089
    endloop
  endfacet
  facet normal 0 0.973904 -0.22696
    outer loop
      vertex -1 4.89131 12.9194
      vertex -18 4.92326 13.0565
      vertex -1 4.92326 13.0565
    endloop
  endfacet
  facet normal 0 0.973904 -0.22696
    outer loop
      vertex -18 4.92326 13.0565
      vertex -1 4.89131 12.9194
      vertex -18 4.89131 12.9194
    endloop
  endfacet
  facet normal 0 0.973904 -0.22696
    outer loop
      vertex 18 4.89131 12.9194
      vertex 1 4.92326 13.0565
      vertex 18 4.92326 13.0565
    endloop
  endfacet
  facet normal 0 0.973904 -0.22696
    outer loop
      vertex 1 4.92326 13.0565
      vertex 18 4.89131 12.9194
      vertex 1 4.89131 12.9194
    endloop
  endfacet
  facet normal 0 -0.729896 -0.683558
    outer loop
      vertex -18 8.61646 13.9176
      vertex -1 8.52028 14.0203
      vertex -18 8.52028 14.0203
    endloop
  endfacet
  facet normal 0 -0.729896 -0.683558
    outer loop
      vertex -1 8.52028 14.0203
      vertex -18 8.61646 13.9176
      vertex -1 8.61646 13.9176
    endloop
  endfacet
  facet normal 0 -0.729896 -0.683558
    outer loop
      vertex 1 8.61646 13.9176
      vertex 18 8.52028 14.0203
      vertex 1 8.52028 14.0203
    endloop
  endfacet
  facet normal 0 -0.729896 -0.683558
    outer loop
      vertex 18 8.52028 14.0203
      vertex 1 8.61646 13.9176
      vertex 18 8.61646 13.9176
    endloop
  endfacet
  facet normal 0 -0.995184 0.0980256
    outer loop
      vertex -18 9.13161 12.2194
      vertex -1 9.1454 12.3594
      vertex -18 9.1454 12.3594
    endloop
  endfacet
  facet normal 0 -0.995184 0.0980256
    outer loop
      vertex -1 9.1454 12.3594
      vertex -18 9.13161 12.2194
      vertex -1 9.13161 12.2194
    endloop
  endfacet
  facet normal 0 -0.995184 0.0980256
    outer loop
      vertex 1 9.13161 12.2194
      vertex 18 9.1454 12.3594
      vertex 1 9.1454 12.3594
    endloop
  endfacet
  facet normal 0 -0.995184 0.0980256
    outer loop
      vertex 18 9.1454 12.3594
      vertex 1 9.13161 12.2194
      vertex 18 9.13161 12.2194
    endloop
  endfacet
  facet normal 0 0.582716 -0.812676
    outer loop
      vertex -18 5.69116 14.2057
      vertex -1 5.80552 14.2877
      vertex -1 5.69116 14.2057
    endloop
  endfacet
  facet normal 0 0.582716 -0.812676
    outer loop
      vertex -1 5.80552 14.2877
      vertex -18 5.69116 14.2057
      vertex -18 5.80552 14.2877
    endloop
  endfacet
  facet normal 0 0.582716 -0.812676
    outer loop
      vertex 1 5.69116 14.2057
      vertex 18 5.80552 14.2877
      vertex 18 5.69116 14.2057
    endloop
  endfacet
  facet normal 0 0.582716 -0.812676
    outer loop
      vertex 18 5.80552 14.2877
      vertex 1 5.69116 14.2057
      vertex 1 5.80552 14.2877
    endloop
  endfacet
  facet normal 0 -0.634186 -0.773181
    outer loop
      vertex -18 8.30884 14.2057
      vertex -1 8.41759 14.1165
      vertex -1 8.30884 14.2057
    endloop
  endfacet
  facet normal -0 -0.634186 -0.773181
    outer loop
      vertex -1 8.41759 14.1165
      vertex -18 8.30884 14.2057
      vertex -18 8.41759 14.1165
    endloop
  endfacet
  facet normal 0 -0.634186 -0.773181
    outer loop
      vertex 1 8.30884 14.2057
      vertex 18 8.41759 14.1165
      vertex 18 8.30884 14.2057
    endloop
  endfacet
  facet normal -0 -0.634186 -0.773181
    outer loop
      vertex 18 8.41759 14.1165
      vertex 1 8.30884 14.2057
      vertex 1 8.41759 14.1165
    endloop
  endfacet
  facet normal 0 -0.729896 0.683558
    outer loop
      vertex -18 8.52028 10.9797
      vertex -1 8.61646 11.0824
      vertex -18 8.61646 11.0824
    endloop
  endfacet
  facet normal 0 -0.729896 0.683558
    outer loop
      vertex -1 8.61646 11.0824
      vertex -18 8.52028 10.9797
      vertex -1 8.52028 10.9797
    endloop
  endfacet
  facet normal 0 -0.729896 0.683558
    outer loop
      vertex 1 8.52028 10.9797
      vertex 18 8.61646 11.0824
      vertex 1 8.61646 11.0824
    endloop
  endfacet
  facet normal 0 -0.729896 0.683558
    outer loop
      vertex 18 8.61646 11.0824
      vertex 1 8.52028 10.9797
      vertex 18 8.52028 10.9797
    endloop
  endfacet
  facet normal 0 0.986639 -0.162923
    outer loop
      vertex -1 4.86839 12.7806
      vertex -18 4.89131 12.9194
      vertex -1 4.89131 12.9194
    endloop
  endfacet
  facet normal 0 0.986639 -0.162923
    outer loop
      vertex -18 4.89131 12.9194
      vertex -1 4.86839 12.7806
      vertex -18 4.86839 12.7806
    endloop
  endfacet
  facet normal 0 0.986639 -0.162923
    outer loop
      vertex 18 4.86839 12.7806
      vertex 1 4.89131 12.9194
      vertex 18 4.89131 12.9194
    endloop
  endfacet
  facet normal 0 0.986639 -0.162923
    outer loop
      vertex 1 4.89131 12.9194
      vertex 18 4.86839 12.7806
      vertex 1 4.86839 12.7806
    endloop
  endfacet
  facet normal 0 0.729896 -0.683558
    outer loop
      vertex -1 5.38354 13.9176
      vertex -18 5.47972 14.0203
      vertex -1 5.47972 14.0203
    endloop
  endfacet
  facet normal 0 0.729896 -0.683558
    outer loop
      vertex -18 5.47972 14.0203
      vertex -1 5.38354 13.9176
      vertex -18 5.38354 13.9176
    endloop
  endfacet
  facet normal 0 0.729896 -0.683558
    outer loop
      vertex 18 5.38354 13.9176
      vertex 1 5.47972 14.0203
      vertex 18 5.47972 14.0203
    endloop
  endfacet
  facet normal 0 0.729896 -0.683558
    outer loop
      vertex 1 5.47972 14.0203
      vertex 18 5.38354 13.9176
      vertex 1 5.38354 13.9176
    endloop
  endfacet
  facet normal 0 -0.683669 0.729792
    outer loop
      vertex -18 8.52028 10.9797
      vertex -1 8.41759 10.8835
      vertex -1 8.52028 10.9797
    endloop
  endfacet
  facet normal 0 -0.683669 0.729792
    outer loop
      vertex -1 8.41759 10.8835
      vertex -18 8.52028 10.9797
      vertex -18 8.41759 10.8835
    endloop
  endfacet
  facet normal 0 -0.683669 0.729792
    outer loop
      vertex 1 8.52028 10.9797
      vertex 18 8.41759 10.8835
      vertex 18 8.52028 10.9797
    endloop
  endfacet
  facet normal 0 -0.683669 0.729792
    outer loop
      vertex 18 8.41759 10.8835
      vertex 1 8.52028 10.9797
      vertex 1 8.41759 10.8835
    endloop
  endfacet
  facet normal -0 0.683669 0.729792
    outer loop
      vertex -18 5.58241 10.8835
      vertex -1 5.47972 10.9797
      vertex -1 5.58241 10.8835
    endloop
  endfacet
  facet normal 0 0.683669 0.729792
    outer loop
      vertex -1 5.47972 10.9797
      vertex -18 5.58241 10.8835
      vertex -18 5.47972 10.9797
    endloop
  endfacet
  facet normal -0 0.683669 0.729792
    outer loop
      vertex 1 5.58241 10.8835
      vertex 18 5.47972 10.9797
      vertex 18 5.58241 10.8835
    endloop
  endfacet
  facet normal 0 0.683669 0.729792
    outer loop
      vertex 18 5.47972 10.9797
      vertex 1 5.58241 10.8835
      vertex 1 5.47972 10.9797
    endloop
  endfacet
  facet normal 0 -0.227423 -0.973796
    outer loop
      vertex -18 7.41944 14.6087
      vertex -1 7.55646 14.5767
      vertex -1 7.41944 14.6087
    endloop
  endfacet
  facet normal -0 -0.227423 -0.973796
    outer loop
      vertex -1 7.55646 14.5767
      vertex -18 7.41944 14.6087
      vertex -18 7.55646 14.5767
    endloop
  endfacet
  facet normal 0 -0.227423 -0.973796
    outer loop
      vertex 1 7.41944 14.6087
      vertex 18 7.55646 14.5767
      vertex 18 7.41944 14.6087
    endloop
  endfacet
  facet normal -0 -0.227423 -0.973796
    outer loop
      vertex 18 7.55646 14.5767
      vertex 1 7.41944 14.6087
      vertex 1 7.55646 14.5767
    endloop
  endfacet
  facet normal 0 -0.0980891 -0.995178
    outer loop
      vertex -18 7.14062 14.6454
      vertex -1 7.28063 14.6316
      vertex -1 7.14062 14.6454
    endloop
  endfacet
  facet normal -0 -0.0980891 -0.995178
    outer loop
      vertex -1 7.28063 14.6316
      vertex -18 7.14062 14.6454
      vertex -18 7.28063 14.6316
    endloop
  endfacet
  facet normal 0 -0.0980891 -0.995178
    outer loop
      vertex 1 7.14062 14.6454
      vertex 18 7.28063 14.6316
      vertex 18 7.14062 14.6454
    endloop
  endfacet
  facet normal -0 -0.0980891 -0.995178
    outer loop
      vertex 18 7.28063 14.6316
      vertex 1 7.14062 14.6454
      vertex 1 7.28063 14.6316
    endloop
  endfacet
  facet normal 0 -0.0326948 -0.999465
    outer loop
      vertex -18 7 14.65
      vertex -1 7.14062 14.6454
      vertex -1 7 14.65
    endloop
  endfacet
  facet normal -0 -0.0326948 -0.999465
    outer loop
      vertex -1 7.14062 14.6454
      vertex -18 7 14.65
      vertex -18 7.14062 14.6454
    endloop
  endfacet
  facet normal 0 -0.0326948 -0.999465
    outer loop
      vertex 1 7 14.65
      vertex 18 7.14062 14.6454
      vertex 18 7 14.65
    endloop
  endfacet
  facet normal -0 -0.0326948 -0.999465
    outer loop
      vertex 18 7.14062 14.6454
      vertex 1 7 14.65
      vertex 1 7.14062 14.6454
    endloop
  endfacet
  facet normal 0 -0.582716 -0.812676
    outer loop
      vertex -18 8.19448 14.2877
      vertex -1 8.30884 14.2057
      vertex -1 8.19448 14.2877
    endloop
  endfacet
  facet normal -0 -0.582716 -0.812676
    outer loop
      vertex -1 8.30884 14.2057
      vertex -18 8.19448 14.2877
      vertex -18 8.30884 14.2057
    endloop
  endfacet
  facet normal 0 -0.582716 -0.812676
    outer loop
      vertex 1 8.19448 14.2877
      vertex 18 8.30884 14.2057
      vertex 18 8.19448 14.2877
    endloop
  endfacet
  facet normal -0 -0.582716 -0.812676
    outer loop
      vertex 18 8.30884 14.2057
      vertex 1 8.19448 14.2877
      vertex 1 8.30884 14.2057
    endloop
  endfacet
  facet normal 0 0.729896 0.683558
    outer loop
      vertex -1 5.47972 10.9797
      vertex -18 5.38354 11.0824
      vertex -1 5.38354 11.0824
    endloop
  endfacet
  facet normal 0 0.729896 0.683558
    outer loop
      vertex -18 5.38354 11.0824
      vertex -1 5.47972 10.9797
      vertex -18 5.47972 10.9797
    endloop
  endfacet
  facet normal 0 0.729896 0.683558
    outer loop
      vertex 18 5.47972 10.9797
      vertex 1 5.38354 11.0824
      vertex 18 5.38354 11.0824
    endloop
  endfacet
  facet normal 0 0.729896 0.683558
    outer loop
      vertex 1 5.38354 11.0824
      vertex 18 5.47972 10.9797
      vertex 1 5.47972 10.9797
    endloop
  endfacet
  facet normal 0 -0.973904 0.22696
    outer loop
      vertex -18 9.07674 11.9435
      vertex -1 9.10869 12.0806
      vertex -18 9.10869 12.0806
    endloop
  endfacet
  facet normal 0 -0.973904 0.22696
    outer loop
      vertex -1 9.10869 12.0806
      vertex -18 9.07674 11.9435
      vertex -1 9.07674 11.9435
    endloop
  endfacet
  facet normal 0 -0.973904 0.22696
    outer loop
      vertex 1 9.07674 11.9435
      vertex 18 9.10869 12.0806
      vertex 1 9.10869 12.0806
    endloop
  endfacet
  facet normal 0 -0.973904 0.22696
    outer loop
      vertex 18 9.10869 12.0806
      vertex 1 9.07674 11.9435
      vertex 18 9.07674 11.9435
    endloop
  endfacet
  facet normal 0 -0.849266 -0.527966
    outer loop
      vertex -18 8.86195 13.575
      vertex -1 8.78766 13.6945
      vertex -18 8.78766 13.6945
    endloop
  endfacet
  facet normal 0 -0.849266 -0.527966
    outer loop
      vertex -1 8.78766 13.6945
      vertex -18 8.86195 13.575
      vertex -1 8.86195 13.575
    endloop
  endfacet
  facet normal 0 -0.849266 -0.527966
    outer loop
      vertex 1 8.86195 13.575
      vertex 18 8.78766 13.6945
      vertex 1 8.78766 13.6945
    endloop
  endfacet
  facet normal 0 -0.849266 -0.527966
    outer loop
      vertex 18 8.78766 13.6945
      vertex 1 8.86195 13.575
      vertex 18 8.86195 13.575
    endloop
  endfacet
  facet normal 0 0.935926 -0.352198
    outer loop
      vertex -1 4.9641 13.1911
      vertex -18 5.01366 13.3228
      vertex -1 5.01366 13.3228
    endloop
  endfacet
  facet normal 0 0.935926 -0.352198
    outer loop
      vertex -18 5.01366 13.3228
      vertex -1 4.9641 13.1911
      vertex -18 4.9641 13.1911
    endloop
  endfacet
  facet normal 0 0.935926 -0.352198
    outer loop
      vertex 18 4.9641 13.1911
      vertex 1 5.01366 13.3228
      vertex 18 5.01366 13.3228
    endloop
  endfacet
  facet normal 0 0.935926 -0.352198
    outer loop
      vertex 1 5.01366 13.3228
      vertex 18 4.9641 13.1911
      vertex 1 4.9641 13.1911
    endloop
  endfacet
  facet normal 0 0.812699 -0.582683
    outer loop
      vertex -1 5.21234 13.6945
      vertex -18 5.29429 13.8088
      vertex -1 5.29429 13.8088
    endloop
  endfacet
  facet normal 0 0.812699 -0.582683
    outer loop
      vertex -18 5.29429 13.8088
      vertex -1 5.21234 13.6945
      vertex -18 5.21234 13.6945
    endloop
  endfacet
  facet normal 0 0.812699 -0.582683
    outer loop
      vertex 18 5.21234 13.6945
      vertex 1 5.29429 13.8088
      vertex 18 5.29429 13.8088
    endloop
  endfacet
  facet normal 0 0.812699 -0.582683
    outer loop
      vertex 1 5.29429 13.8088
      vertex 18 5.21234 13.6945
      vertex 1 5.21234 13.6945
    endloop
  endfacet
  facet normal 0 0.528081 -0.849194
    outer loop
      vertex -18 5.80552 14.2877
      vertex -1 5.925 14.362
      vertex -1 5.80552 14.2877
    endloop
  endfacet
  facet normal 0 0.528081 -0.849194
    outer loop
      vertex -1 5.925 14.362
      vertex -18 5.80552 14.2877
      vertex -18 5.925 14.362
    endloop
  endfacet
  facet normal 0 0.528081 -0.849194
    outer loop
      vertex 1 5.80552 14.2877
      vertex 18 5.925 14.362
      vertex 18 5.80552 14.2877
    endloop
  endfacet
  facet normal 0 0.528081 -0.849194
    outer loop
      vertex 18 5.925 14.362
      vertex 1 5.80552 14.2877
      vertex 1 5.925 14.362
    endloop
  endfacet
  facet normal 0 0.88193 -0.471381
    outer loop
      vertex -1 5.07172 13.4509
      vertex -18 5.13805 13.575
      vertex -1 5.13805 13.575
    endloop
  endfacet
  facet normal 0 0.88193 -0.471381
    outer loop
      vertex -18 5.13805 13.575
      vertex -1 5.07172 13.4509
      vertex -18 5.07172 13.4509
    endloop
  endfacet
  facet normal 0 0.88193 -0.471381
    outer loop
      vertex 18 5.07172 13.4509
      vertex 1 5.13805 13.575
      vertex 18 5.13805 13.575
    endloop
  endfacet
  facet normal 0 0.88193 -0.471381
    outer loop
      vertex 1 5.13805 13.575
      vertex 18 5.07172 13.4509
      vertex 1 5.07172 13.4509
    endloop
  endfacet
endsolid OpenSCAD_Model
