solid OpenSCAD_Model
  facet normal 0.995183 0.0980341 0
    outer loop
      vertex 44.7041 2.93006 9
      vertex 44.4167 5.84757 4
      vertex 44.4167 5.84757 9
    endloop
  endfacet
  facet normal 0.995183 0.0980341 0
    outer loop
      vertex 44.4167 5.84757 4
      vertex 44.7041 2.93006 9
      vertex 44.7041 2.93006 4
    endloop
  endfacet
  facet normal 0.999465 0.0327122 0
    outer loop
      vertex 44.8 0 9
      vertex 44.7041 2.93006 4
      vertex 44.7041 2.93006 9
    endloop
  endfacet
  facet normal 0.999465 0.0327122 0
    outer loop
      vertex 44.7041 2.93006 4
      vertex 44.8 0 9
      vertex 44.8 0 4
    endloop
  endfacet
  facet normal 0.986646 0.162879 0
    outer loop
      vertex 44.4167 5.84757 9
      vertex 43.9392 8.74005 4
      vertex 43.9392 8.74005 9
    endloop
  endfacet
  facet normal 0.986646 0.162879 0
    outer loop
      vertex 43.9392 8.74005 4
      vertex 44.4167 5.84757 9
      vertex 44.4167 5.84757 4
    endloop
  endfacet
  facet normal 0.973877 0.227075 0
    outer loop
      vertex 43.9392 8.74005 9
      vertex 43.2735 11.5951 4
      vertex 43.2735 11.5951 9
    endloop
  endfacet
  facet normal 0.973877 0.227075 0
    outer loop
      vertex 43.2735 11.5951 4
      vertex 43.9392 8.74005 9
      vertex 43.9392 8.74005 4
    endloop
  endfacet
  facet normal -0.634389 0.773014 0
    outer loop
      vertex -27.2725 35.5422 4
      vertex -29.5387 33.6824 9
      vertex -27.2725 35.5422 9
    endloop
  endfacet
  facet normal -0.634389 0.773014 0
    outer loop
      vertex -29.5387 33.6824 9
      vertex -27.2725 35.5422 4
      vertex -29.5387 33.6824 4
    endloop
  endfacet
  facet normal 0.412708 -0.910863 0
    outer loop
      vertex 17.1442 -41.3898 4
      vertex 19.8145 -40.1799 9
      vertex 17.1442 -41.3898 9
    endloop
  endfacet
  facet normal 0.412708 -0.910863 0
    outer loop
      vertex 19.8145 -40.1799 9
      vertex 17.1442 -41.3898 4
      vertex 19.8145 -40.1799 4
    endloop
  endfacet
  facet normal -0.849198 0.528075 0
    outer loop
      vertex -38.7979 22.4 4
      vertex -37.2498 24.8895 9
      vertex -37.2498 24.8895 4
    endloop
  endfacet
  facet normal -0.849198 0.528075 0
    outer loop
      vertex -37.2498 24.8895 9
      vertex -38.7979 22.4 4
      vertex -38.7979 22.4 9
    endloop
  endfacet
  facet normal 0.999465 -0.0327122 0
    outer loop
      vertex 44.7041 -2.93006 9
      vertex 44.8 0 4
      vertex 44.8 0 9
    endloop
  endfacet
  facet normal 0.999465 -0.0327122 0
    outer loop
      vertex 44.8 0 4
      vertex 44.7041 -2.93006 9
      vertex 44.7041 -2.93006 4
    endloop
  endfacet
  facet normal -0.227075 0.973877 0
    outer loop
      vertex -8.74005 43.9392 4
      vertex -11.5951 43.2735 9
      vertex -8.74005 43.9392 9
    endloop
  endfacet
  facet normal -0.227075 0.973877 0
    outer loop
      vertex -11.5951 43.2735 9
      vertex -8.74005 43.9392 4
      vertex -11.5951 43.2735 4
    endloop
  endfacet
  facet normal 0.986646 -0.162879 0
    outer loop
      vertex 43.9392 -8.74005 9
      vertex 44.4167 -5.84757 4
      vertex 44.4167 -5.84757 9
    endloop
  endfacet
  facet normal 0.986646 -0.162879 0
    outer loop
      vertex 44.4167 -5.84757 4
      vertex 43.9392 -8.74005 9
      vertex 43.9392 -8.74005 4
    endloop
  endfacet
  facet normal -0.0327122 0.999465 0
    outer loop
      vertex 0 44.8 4
      vertex -2.93006 44.7041 9
      vertex 0 44.8 9
    endloop
  endfacet
  facet normal -0.0327122 0.999465 0
    outer loop
      vertex -2.93006 44.7041 9
      vertex 0 44.8 4
      vertex -2.93006 44.7041 4
    endloop
  endfacet
  facet normal 0.0327122 0.999465 -0
    outer loop
      vertex 2.93006 44.7041 4
      vertex 0 44.8 9
      vertex 2.93006 44.7041 9
    endloop
  endfacet
  facet normal 0.0327122 0.999465 0
    outer loop
      vertex 0 44.8 9
      vertex 2.93006 44.7041 4
      vertex 0 44.8 4
    endloop
  endfacet
  facet normal 0.58247 0.812852 -0
    outer loop
      vertex 27.2725 35.5422 4
      vertex 24.8895 37.2498 9
      vertex 27.2725 35.5422 9
    endloop
  endfacet
  facet normal 0.58247 0.812852 0
    outer loop
      vertex 24.8895 37.2498 9
      vertex 27.2725 35.5422 4
      vertex 24.8895 37.2498 4
    endloop
  endfacet
  facet normal 0.471402 0.881918 -0
    outer loop
      vertex 22.4 38.7979 4
      vertex 19.8145 40.1799 9
      vertex 22.4 38.7979 9
    endloop
  endfacet
  facet normal 0.471402 0.881918 0
    outer loop
      vertex 19.8145 40.1799 9
      vertex 22.4 38.7979 4
      vertex 19.8145 40.1799 4
    endloop
  endfacet
  facet normal -0.973877 0.227075 0
    outer loop
      vertex -43.9392 8.74005 4
      vertex -43.2735 11.5951 9
      vertex -43.2735 11.5951 4
    endloop
  endfacet
  facet normal -0.973877 0.227075 0
    outer loop
      vertex -43.2735 11.5951 9
      vertex -43.9392 8.74005 4
      vertex -43.9392 8.74005 9
    endloop
  endfacet
  facet normal -0.412708 -0.910863 0
    outer loop
      vertex -19.8145 -40.1799 4
      vertex -17.1442 -41.3898 9
      vertex -19.8145 -40.1799 9
    endloop
  endfacet
  facet normal -0.412708 -0.910863 -0
    outer loop
      vertex -17.1442 -41.3898 9
      vertex -19.8145 -40.1799 4
      vertex -17.1442 -41.3898 4
    endloop
  endfacet
  facet normal -0.683584 0.729872 0
    outer loop
      vertex -29.5387 33.6824 4
      vertex -31.6784 31.6784 9
      vertex -29.5387 33.6824 9
    endloop
  endfacet
  facet normal -0.683584 0.729872 0
    outer loop
      vertex -31.6784 31.6784 9
      vertex -29.5387 33.6824 4
      vertex -31.6784 31.6784 4
    endloop
  endfacet
  facet normal -0.910863 0.412708 0
    outer loop
      vertex -41.3898 17.1442 4
      vertex -40.1799 19.8145 9
      vertex -40.1799 19.8145 4
    endloop
  endfacet
  facet normal -0.910863 0.412708 0
    outer loop
      vertex -40.1799 19.8145 9
      vertex -41.3898 17.1442 4
      vertex -41.3898 17.1442 9
    endloop
  endfacet
  facet normal 0.910863 0.412708 0
    outer loop
      vertex 41.3898 17.1442 9
      vertex 40.1799 19.8145 4
      vertex 40.1799 19.8145 9
    endloop
  endfacet
  facet normal 0.910863 0.412708 0
    outer loop
      vertex 40.1799 19.8145 4
      vertex 41.3898 17.1442 9
      vertex 41.3898 17.1442 4
    endloop
  endfacet
  facet normal 0.812852 0.58247 0
    outer loop
      vertex 37.2498 24.8895 9
      vertex 35.5422 27.2725 4
      vertex 35.5422 27.2725 9
    endloop
  endfacet
  facet normal 0.812852 0.58247 0
    outer loop
      vertex 35.5422 27.2725 4
      vertex 37.2498 24.8895 9
      vertex 37.2498 24.8895 4
    endloop
  endfacet
  facet normal -0.935901 0.352263 0
    outer loop
      vertex -42.4225 14.4005 4
      vertex -41.3898 17.1442 9
      vertex -41.3898 17.1442 4
    endloop
  endfacet
  facet normal -0.935901 0.352263 0
    outer loop
      vertex -41.3898 17.1442 9
      vertex -42.4225 14.4005 4
      vertex -42.4225 14.4005 9
    endloop
  endfacet
  facet normal 0.956941 0.290282 0
    outer loop
      vertex 43.2735 11.5951 9
      vertex 42.4225 14.4005 4
      vertex 42.4225 14.4005 9
    endloop
  endfacet
  facet normal 0.956941 0.290282 0
    outer loop
      vertex 42.4225 14.4005 4
      vertex 43.2735 11.5951 9
      vertex 43.2735 11.5951 4
    endloop
  endfacet
  facet normal 0.0980341 0.995183 -0
    outer loop
      vertex 5.84757 44.4167 4
      vertex 2.93006 44.7041 9
      vertex 5.84757 44.4167 9
    endloop
  endfacet
  facet normal 0.0980341 0.995183 0
    outer loop
      vertex 2.93006 44.7041 9
      vertex 5.84757 44.4167 4
      vertex 2.93006 44.7041 4
    endloop
  endfacet
  facet normal -0.999465 0.0327122 0
    outer loop
      vertex -44.8 0 4
      vertex -44.7041 2.93006 9
      vertex -44.7041 2.93006 4
    endloop
  endfacet
  facet normal -0.999465 0.0327122 0
    outer loop
      vertex -44.7041 2.93006 9
      vertex -44.8 0 4
      vertex -44.8 0 9
    endloop
  endfacet
  facet normal -0.412708 0.910863 0
    outer loop
      vertex -17.1442 41.3898 4
      vertex -19.8145 40.1799 9
      vertex -17.1442 41.3898 9
    endloop
  endfacet
  facet normal -0.412708 0.910863 0
    outer loop
      vertex -19.8145 40.1799 9
      vertex -17.1442 41.3898 4
      vertex -19.8145 40.1799 4
    endloop
  endfacet
  facet normal 0.227075 -0.973877 0
    outer loop
      vertex 8.74005 -43.9392 4
      vertex 11.5951 -43.2735 9
      vertex 8.74005 -43.9392 9
    endloop
  endfacet
  facet normal 0.227075 -0.973877 0
    outer loop
      vertex 11.5951 -43.2735 9
      vertex 8.74005 -43.9392 4
      vertex 11.5951 -43.2735 4
    endloop
  endfacet
  facet normal 0.910863 -0.412708 0
    outer loop
      vertex 40.1799 -19.8145 9
      vertex 41.3898 -17.1442 4
      vertex 41.3898 -17.1442 9
    endloop
  endfacet
  facet normal 0.910863 -0.412708 0
    outer loop
      vertex 41.3898 -17.1442 4
      vertex 40.1799 -19.8145 9
      vertex 40.1799 -19.8145 4
    endloop
  endfacet
  facet normal 0.0980341 -0.995183 0
    outer loop
      vertex 2.93006 -44.7041 4
      vertex 5.84757 -44.4167 9
      vertex 2.93006 -44.7041 9
    endloop
  endfacet
  facet normal 0.0980341 -0.995183 0
    outer loop
      vertex 5.84757 -44.4167 9
      vertex 2.93006 -44.7041 4
      vertex 5.84757 -44.4167 4
    endloop
  endfacet
  facet normal 0.881918 0.471402 0
    outer loop
      vertex 40.1799 19.8145 9
      vertex 38.7979 22.4 4
      vertex 38.7979 22.4 9
    endloop
  endfacet
  facet normal 0.881918 0.471402 0
    outer loop
      vertex 38.7979 22.4 4
      vertex 40.1799 19.8145 9
      vertex 40.1799 19.8145 4
    endloop
  endfacet
  facet normal -0.528075 0.849198 0
    outer loop
      vertex -22.4 38.7979 4
      vertex -24.8895 37.2498 9
      vertex -22.4 38.7979 9
    endloop
  endfacet
  facet normal -0.528075 0.849198 0
    outer loop
      vertex -24.8895 37.2498 9
      vertex -22.4 38.7979 4
      vertex -24.8895 37.2498 4
    endloop
  endfacet
  facet normal 0.935901 0.352263 0
    outer loop
      vertex 42.4225 14.4005 9
      vertex 41.3898 17.1442 4
      vertex 41.3898 17.1442 9
    endloop
  endfacet
  facet normal 0.935901 0.352263 0
    outer loop
      vertex 41.3898 17.1442 4
      vertex 42.4225 14.4005 9
      vertex 42.4225 14.4005 4
    endloop
  endfacet
  facet normal 0.634389 0.773014 -0
    outer loop
      vertex 29.5387 33.6824 4
      vertex 27.2725 35.5422 9
      vertex 29.5387 33.6824 9
    endloop
  endfacet
  facet normal 0.634389 0.773014 0
    outer loop
      vertex 27.2725 35.5422 9
      vertex 29.5387 33.6824 4
      vertex 27.2725 35.5422 4
    endloop
  endfacet
  facet normal -0 0 1
    outer loop
      vertex -33.6903 -0.956708 9
      vertex -27.4411 -1.79859 9
      vertex -33.6327 -0.803598 9
    endloop
  endfacet
  facet normal -0 0 1
    outer loop
      vertex -33.7578 -1.10572 9
      vertex -27.4411 -1.79859 9
      vertex -33.6903 -0.956708 9
    endloop
  endfacet
  facet normal -0 0 1
    outer loop
      vertex -33.8349 -1.25 9
      vertex -27.4411 -1.79859 9
      vertex -33.7578 -1.10572 9
    endloop
  endfacet
  facet normal 0 0 1
    outer loop
      vertex -27.4411 -1.79859 9
      vertex -33.8349 -1.25 9
      vertex -27.2647 -3.58947 9
    endloop
  endfacet
  facet normal -0 0 1
    outer loop
      vertex -33.9213 -1.38893 9
      vertex -27.2647 -3.58947 9
      vertex -33.8349 -1.25 9
    endloop
  endfacet
  facet normal -0 0 1
    outer loop
      vertex -34.0166 -1.5219 9
      vertex -27.2647 -3.58947 9
      vertex -33.9213 -1.38893 9
    endloop
  endfacet
  facet normal -0 0 1
    outer loop
      vertex -34.1204 -1.64836 9
      vertex -27.2647 -3.58947 9
      vertex -34.0166 -1.5219 9
    endloop
  endfacet
  facet normal -0 0 1
    outer loop
      vertex -34.2322 -1.76777 9
      vertex -27.2647 -3.58947 9
      vertex -34.1204 -1.64836 9
    endloop
  endfacet
  facet normal -0 0 1
    outer loop
      vertex -34.3516 -1.8796 9
      vertex -27.2647 -3.58947 9
      vertex -34.2322 -1.76777 9
    endloop
  endfacet
  facet normal 0 0 1
    outer loop
      vertex -27.2647 -3.58947 9
      vertex -34.3516 -1.8796 9
      vertex -26.9716 -5.36498 9
    endloop
  endfacet
  facet normal 0 0 1
    outer loop
      vertex -26.0406 -8.83958 9
      vertex -33.6824 -29.5387 9
      vertex -31.6784 -31.6784 9
    endloop
  endfacet
  facet normal -0 0 1
    outer loop
      vertex -34.4781 -1.98338 9
      vertex -26.9716 -5.36498 9
      vertex -34.3516 -1.8796 9
    endloop
  endfacet
  facet normal -0 0 1
    outer loop
      vertex -34.6111 -2.07867 9
      vertex -26.9716 -5.36498 9
      vertex -34.4781 -1.98338 9
    endloop
  endfacet
  facet normal -0 0 1
    outer loop
      vertex -34.75 -2.16506 9
      vertex -26.9716 -5.36498 9
      vertex -34.6111 -2.07867 9
    endloop
  endfacet
  facet normal -0 0 1
    outer loop
      vertex -34.8943 -2.24218 9
      vertex -26.9716 -5.36498 9
      vertex -34.75 -2.16506 9
    endloop
  endfacet
  facet normal 0 0 1
    outer loop
      vertex -26.9716 -5.36498 9
      vertex -34.8943 -2.24218 9
      vertex -26.563 -7.11752 9
    endloop
  endfacet
  facet normal -0 0 1
    outer loop
      vertex -35.0433 -2.3097 9
      vertex -26.563 -7.11752 9
      vertex -34.8943 -2.24218 9
    endloop
  endfacet
  facet normal -0 0 1
    outer loop
      vertex -35.1964 -2.36732 9
      vertex -26.563 -7.11752 9
      vertex -35.0433 -2.3097 9
    endloop
  endfacet
  facet normal -0 0 1
    outer loop
      vertex -35.353 -2.41481 9
      vertex -26.563 -7.11752 9
      vertex -35.1964 -2.36732 9
    endloop
  endfacet
  facet normal -0 0 1
    outer loop
      vertex -35.5123 -2.45196 9
      vertex -26.563 -7.11752 9
      vertex -35.353 -2.41481 9
    endloop
  endfacet
  facet normal 0 0 1
    outer loop
      vertex -26.563 -7.11752 9
      vertex -35.5123 -2.45196 9
      vertex -26.0406 -8.83958 9
    endloop
  endfacet
  facet normal -0 0 1
    outer loop
      vertex -35.6737 -2.47861 9
      vertex -26.0406 -8.83958 9
      vertex -35.5123 -2.45196 9
    endloop
  endfacet
  facet normal 0 0 1
    outer loop
      vertex -26.0406 -8.83958 9
      vertex -35.5422 -27.2725 9
      vertex -33.6824 -29.5387 9
    endloop
  endfacet
  facet normal 0 0 1
    outer loop
      vertex -26.0406 -8.83958 9
      vertex -35.6737 -2.47861 9
      vertex -42.4225 -14.4005 9
    endloop
  endfacet
  facet normal 0 0 1
    outer loop
      vertex -42.4225 -14.4005 9
      vertex -35.6737 -2.47861 9
      vertex -35.8365 -2.49465 9
    endloop
  endfacet
  facet normal 0 0 1
    outer loop
      vertex -43.2735 -11.5951 9
      vertex -35.8365 -2.49465 9
      vertex -36 -2.5 9
    endloop
  endfacet
  facet normal 0 0 1
    outer loop
      vertex -43.2735 -11.5951 9
      vertex -36 -2.5 9
      vertex -36.1635 -2.49465 9
    endloop
  endfacet
  facet normal 0 0 1
    outer loop
      vertex -43.2735 -11.5951 9
      vertex -36.1635 -2.49465 9
      vertex -36.3263 -2.47861 9
    endloop
  endfacet
  facet normal 0 0 1
    outer loop
      vertex -43.2735 -11.5951 9
      vertex -36.3263 -2.47861 9
      vertex -36.4877 -2.45196 9
    endloop
  endfacet
  facet normal 0 0 1
    outer loop
      vertex -43.9392 -8.74005 9
      vertex -36.4877 -2.45196 9
      vertex -36.647 -2.41481 9
    endloop
  endfacet
  facet normal 0 0 1
    outer loop
      vertex -43.9392 -8.74005 9
      vertex -36.647 -2.41481 9
      vertex -36.8036 -2.36732 9
    endloop
  endfacet
  facet normal 0 0 1
    outer loop
      vertex -43.9392 -8.74005 9
      vertex -36.8036 -2.36732 9
      vertex -36.9567 -2.3097 9
    endloop
  endfacet
  facet normal 0 0 1
    outer loop
      vertex -43.9392 -8.74005 9
      vertex -36.9567 -2.3097 9
      vertex -37.1057 -2.24218 9
    endloop
  endfacet
  facet normal 0 0 1
    outer loop
      vertex -26.0406 -8.83958 9
      vertex -37.2498 -24.8895 9
      vertex -35.5422 -27.2725 9
    endloop
  endfacet
  facet normal 0 0 1
    outer loop
      vertex -43.9392 -8.74005 9
      vertex -37.1057 -2.24218 9
      vertex -37.25 -2.16506 9
    endloop
  endfacet
  facet normal 0 0 1
    outer loop
      vertex -44.4167 -5.84757 9
      vertex -37.25 -2.16506 9
      vertex -37.3889 -2.07867 9
    endloop
  endfacet
  facet normal 0 0 1
    outer loop
      vertex -44.4167 -5.84757 9
      vertex -37.3889 -2.07867 9
      vertex -37.5219 -1.98338 9
    endloop
  endfacet
  facet normal 0 0 1
    outer loop
      vertex -44.4167 -5.84757 9
      vertex -37.5219 -1.98338 9
      vertex -37.6484 -1.8796 9
    endloop
  endfacet
  facet normal 0 0 1
    outer loop
      vertex -44.4167 -5.84757 9
      vertex -37.6484 -1.8796 9
      vertex -37.7678 -1.76777 9
    endloop
  endfacet
  facet normal 0 0 1
    outer loop
      vertex -44.4167 -5.84757 9
      vertex -37.7678 -1.76777 9
      vertex -37.8796 -1.64836 9
    endloop
  endfacet
  facet normal 0 0 1
    outer loop
      vertex -44.4167 -5.84757 9
      vertex -37.8796 -1.64836 9
      vertex -37.9834 -1.5219 9
    endloop
  endfacet
  facet normal 0 0 1
    outer loop
      vertex -44.7041 -2.93006 9
      vertex -37.9834 -1.5219 9
      vertex -38.0787 -1.38893 9
    endloop
  endfacet
  facet normal 0 0 1
    outer loop
      vertex -44.7041 -2.93006 9
      vertex -38.0787 -1.38893 9
      vertex -38.1651 -1.25 9
    endloop
  endfacet
  facet normal 0 0 1
    outer loop
      vertex -44.7041 -2.93006 9
      vertex -38.1651 -1.25 9
      vertex -38.2422 -1.10572 9
    endloop
  endfacet
  facet normal 0 0 1
    outer loop
      vertex -44.7041 -2.93006 9
      vertex -38.2422 -1.10572 9
      vertex -38.3097 -0.956708 9
    endloop
  endfacet
  facet normal 0 0 1
    outer loop
      vertex -44.7041 -2.93006 9
      vertex -38.3097 -0.956708 9
      vertex -38.3673 -0.803598 9
    endloop
  endfacet
  facet normal 0 0 1
    outer loop
      vertex -44.7041 -2.93006 9
      vertex -38.3673 -0.803598 9
      vertex -38.4148 -0.647047 9
    endloop
  endfacet
  facet normal 0 0 1
    outer loop
      vertex -44.7041 -2.93006 9
      vertex -38.4148 -0.647047 9
      vertex -38.452 -0.487725 9
    endloop
  endfacet
  facet normal 0 0 1
    outer loop
      vertex -44.8 0 9
      vertex -38.452 -0.487725 9
      vertex -38.4786 -0.326315 9
    endloop
  endfacet
  facet normal 0 0 1
    outer loop
      vertex -44.8 0 9
      vertex -38.4786 -0.326315 9
      vertex -38.4946 -0.163507 9
    endloop
  endfacet
  facet normal 0 0 1
    outer loop
      vertex -26.0406 -8.83958 9
      vertex -38.7979 -22.4 9
      vertex -37.2498 -24.8895 9
    endloop
  endfacet
  facet normal -0 0 1
    outer loop
      vertex -44.8 0 9
      vertex -38.4946 -0.163507 9
      vertex -38.5 0 9
    endloop
  endfacet
  facet normal 0 0 1
    outer loop
      vertex -38.2422 1.10572 9
      vertex -44.7041 2.93006 9
      vertex -38.3097 0.956708 9
    endloop
  endfacet
  facet normal 0 0 1
    outer loop
      vertex -38.3097 0.956708 9
      vertex -44.7041 2.93006 9
      vertex -38.3673 0.803598 9
    endloop
  endfacet
  facet normal 0 0 1
    outer loop
      vertex -26.0406 -8.83958 9
      vertex -40.1799 -19.8145 9
      vertex -38.7979 -22.4 9
    endloop
  endfacet
  facet normal 0 0 1
    outer loop
      vertex -38.3673 0.803598 9
      vertex -44.7041 2.93006 9
      vertex -38.4148 0.647047 9
    endloop
  endfacet
  facet normal 0 0 1
    outer loop
      vertex -26.0406 -8.83958 9
      vertex -41.3898 -17.1442 9
      vertex -40.1799 -19.8145 9
    endloop
  endfacet
  facet normal 0 0 1
    outer loop
      vertex -38.4148 0.647047 9
      vertex -44.7041 2.93006 9
      vertex -38.452 0.487725 9
    endloop
  endfacet
  facet normal 0 0 1
    outer loop
      vertex -26.0406 -8.83958 9
      vertex -42.4225 -14.4005 9
      vertex -41.3898 -17.1442 9
    endloop
  endfacet
  facet normal 0 0 1
    outer loop
      vertex -44.8 0 9
      vertex -38.452 0.487725 9
      vertex -44.7041 2.93006 9
    endloop
  endfacet
  facet normal 0 0 1
    outer loop
      vertex -35.8365 -2.49465 9
      vertex -43.2735 -11.5951 9
      vertex -42.4225 -14.4005 9
    endloop
  endfacet
  facet normal 0 0 1
    outer loop
      vertex -38.452 0.487725 9
      vertex -44.8 0 9
      vertex -38.4786 0.326315 9
    endloop
  endfacet
  facet normal 0 0 1
    outer loop
      vertex -36.4877 -2.45196 9
      vertex -43.9392 -8.74005 9
      vertex -43.2735 -11.5951 9
    endloop
  endfacet
  facet normal 0 0 1
    outer loop
      vertex -38.4786 0.326315 9
      vertex -44.8 0 9
      vertex -38.4946 0.163507 9
    endloop
  endfacet
  facet normal 0 0 1
    outer loop
      vertex -37.25 -2.16506 9
      vertex -44.4167 -5.84757 9
      vertex -43.9392 -8.74005 9
    endloop
  endfacet
  facet normal 0 0 1
    outer loop
      vertex -38.4946 0.163507 9
      vertex -44.8 0 9
      vertex -38.5 0 9
    endloop
  endfacet
  facet normal 0 0 1
    outer loop
      vertex -37.9834 -1.5219 9
      vertex -44.7041 -2.93006 9
      vertex -44.4167 -5.84757 9
    endloop
  endfacet
  facet normal 0 0 1
    outer loop
      vertex -38.452 -0.487725 9
      vertex -44.8 0 9
      vertex -44.7041 -2.93006 9
    endloop
  endfacet
  facet normal -0 0 1
    outer loop
      vertex 24.664 -12.1629 9
      vertex 40.1799 -19.8145 9
      vertex 25.4067 -10.5238 9
    endloop
  endfacet
  facet normal 0 0 1
    outer loop
      vertex 40.1799 -19.8145 9
      vertex 24.664 -12.1629 9
      vertex 38.7979 -22.4 9
    endloop
  endfacet
  facet normal -0 0 1
    outer loop
      vertex 23.8157 -13.75 9
      vertex 38.7979 -22.4 9
      vertex 24.664 -12.1629 9
    endloop
  endfacet
  facet normal 0 0 1
    outer loop
      vertex 38.7979 -22.4 9
      vertex 23.8157 -13.75 9
      vertex 37.2498 -24.8895 9
    endloop
  endfacet
  facet normal -0 0 1
    outer loop
      vertex 22.8654 -15.2782 9
      vertex 37.2498 -24.8895 9
      vertex 23.8157 -13.75 9
    endloop
  endfacet
  facet normal 0 0 1
    outer loop
      vertex 37.2498 -24.8895 9
      vertex 22.8654 -15.2782 9
      vertex 35.5422 -27.2725 9
    endloop
  endfacet
  facet normal -0 0 1
    outer loop
      vertex 21.8172 -16.7409 9
      vertex 35.5422 -27.2725 9
      vertex 22.8654 -15.2782 9
    endloop
  endfacet
  facet normal 0 0 1
    outer loop
      vertex 35.5422 -27.2725 9
      vertex 21.8172 -16.7409 9
      vertex 33.6824 -29.5387 9
    endloop
  endfacet
  facet normal -0 0 1
    outer loop
      vertex 20.6756 -18.132 9
      vertex 33.6824 -29.5387 9
      vertex 21.8172 -16.7409 9
    endloop
  endfacet
  facet normal 0 0 1
    outer loop
      vertex 33.6824 -29.5387 9
      vertex 20.6756 -18.132 9
      vertex 31.6784 -31.6784 9
    endloop
  endfacet
  facet normal -0 0 1
    outer loop
      vertex 19.4454 -19.4454 9
      vertex 31.6784 -31.6784 9
      vertex 20.6756 -18.132 9
    endloop
  endfacet
  facet normal 0 0 1
    outer loop
      vertex 31.6784 -31.6784 9
      vertex 19.4454 -19.4454 9
      vertex 29.5387 -33.6824 9
    endloop
  endfacet
  facet normal -0 0 1
    outer loop
      vertex 18.132 -20.6756 9
      vertex 29.5387 -33.6824 9
      vertex 19.4454 -19.4454 9
    endloop
  endfacet
  facet normal 0 0 1
    outer loop
      vertex 29.5387 -33.6824 9
      vertex 18.132 -20.6756 9
      vertex 27.2725 -35.5422 9
    endloop
  endfacet
  facet normal -0 0 1
    outer loop
      vertex 16.7409 -21.8172 9
      vertex 27.2725 -35.5422 9
      vertex 18.132 -20.6756 9
    endloop
  endfacet
  facet normal 0 0 1
    outer loop
      vertex 27.2725 -35.5422 9
      vertex 16.7409 -21.8172 9
      vertex 24.8895 -37.2498 9
    endloop
  endfacet
  facet normal -0 0 1
    outer loop
      vertex 15.2782 -22.8654 9
      vertex 24.8895 -37.2498 9
      vertex 16.7409 -21.8172 9
    endloop
  endfacet
  facet normal 0 0 1
    outer loop
      vertex 24.8895 -37.2498 9
      vertex 15.2782 -22.8654 9
      vertex 22.4 -38.7979 9
    endloop
  endfacet
  facet normal -0 0 1
    outer loop
      vertex 13.75 -23.8157 9
      vertex 22.4 -38.7979 9
      vertex 15.2782 -22.8654 9
    endloop
  endfacet
  facet normal 0 0 1
    outer loop
      vertex 22.4 -38.7979 9
      vertex 13.75 -23.8157 9
      vertex 19.8145 -40.1799 9
    endloop
  endfacet
  facet normal -0 0 1
    outer loop
      vertex 12.1629 -24.664 9
      vertex 19.8145 -40.1799 9
      vertex 13.75 -23.8157 9
    endloop
  endfacet
  facet normal 0 0 1
    outer loop
      vertex 19.8145 -40.1799 9
      vertex 12.1629 -24.664 9
      vertex 17.1442 -41.3898 9
    endloop
  endfacet
  facet normal -0 0 1
    outer loop
      vertex 10.5238 -25.4067 9
      vertex 17.1442 -41.3898 9
      vertex 12.1629 -24.664 9
    endloop
  endfacet
  facet normal 0 0 1
    outer loop
      vertex 17.1442 -41.3898 9
      vertex 10.5238 -25.4067 9
      vertex 14.4005 -42.4225 9
    endloop
  endfacet
  facet normal -0 0 1
    outer loop
      vertex 8.83958 -26.0406 9
      vertex 14.4005 -42.4225 9
      vertex 10.5238 -25.4067 9
    endloop
  endfacet
  facet normal 0 0 1
    outer loop
      vertex 14.4005 -42.4225 9
      vertex 8.83958 -26.0406 9
      vertex 11.5951 -43.2735 9
    endloop
  endfacet
  facet normal -0 0 1
    outer loop
      vertex 7.11752 -26.563 9
      vertex 11.5951 -43.2735 9
      vertex 8.83958 -26.0406 9
    endloop
  endfacet
  facet normal 0 0 1
    outer loop
      vertex 11.5951 -43.2735 9
      vertex 7.11752 -26.563 9
      vertex 8.74005 -43.9392 9
    endloop
  endfacet
  facet normal -0 0 1
    outer loop
      vertex 5.36498 -26.9716 9
      vertex 8.74005 -43.9392 9
      vertex 7.11752 -26.563 9
    endloop
  endfacet
  facet normal 0 0 1
    outer loop
      vertex 8.74005 -43.9392 9
      vertex 5.36498 -26.9716 9
      vertex 5.84757 -44.4167 9
    endloop
  endfacet
  facet normal -0 0 1
    outer loop
      vertex 3.58947 -27.2647 9
      vertex 5.84757 -44.4167 9
      vertex 5.36498 -26.9716 9
    endloop
  endfacet
  facet normal 0 0 1
    outer loop
      vertex 3.58947 -27.2647 9
      vertex 2.93006 -44.7041 9
      vertex 5.84757 -44.4167 9
    endloop
  endfacet
  facet normal -0 0 1
    outer loop
      vertex 1.79859 -27.4411 9
      vertex 2.93006 -44.7041 9
      vertex 3.58947 -27.2647 9
    endloop
  endfacet
  facet normal -0 0 1
    outer loop
      vertex 0 -27.5 9
      vertex 2.93006 -44.7041 9
      vertex 1.79859 -27.4411 9
    endloop
  endfacet
  facet normal 0 0 1
    outer loop
      vertex 0 -27.5 9
      vertex 0 -44.8 9
      vertex 2.93006 -44.7041 9
    endloop
  endfacet
  facet normal 0 0 1
    outer loop
      vertex -1.79859 -27.4411 9
      vertex 0 -44.8 9
      vertex 0 -27.5 9
    endloop
  endfacet
  facet normal 0 0 1
    outer loop
      vertex -1.79859 -27.4411 9
      vertex -2.93006 -44.7041 9
      vertex 0 -44.8 9
    endloop
  endfacet
  facet normal 0 0 1
    outer loop
      vertex -3.58947 -27.2647 9
      vertex -2.93006 -44.7041 9
      vertex -1.79859 -27.4411 9
    endloop
  endfacet
  facet normal 0 0 1
    outer loop
      vertex -5.84757 -44.4167 9
      vertex -3.58947 -27.2647 9
      vertex -5.36498 -26.9716 9
    endloop
  endfacet
  facet normal 0 0 1
    outer loop
      vertex -3.58947 -27.2647 9
      vertex -5.84757 -44.4167 9
      vertex -2.93006 -44.7041 9
    endloop
  endfacet
  facet normal 0 0 1
    outer loop
      vertex -8.74005 -43.9392 9
      vertex -5.36498 -26.9716 9
      vertex -7.11752 -26.563 9
    endloop
  endfacet
  facet normal 0 0 1
    outer loop
      vertex -5.36498 -26.9716 9
      vertex -8.74005 -43.9392 9
      vertex -5.84757 -44.4167 9
    endloop
  endfacet
  facet normal 0 0 1
    outer loop
      vertex -11.5951 -43.2735 9
      vertex -7.11752 -26.563 9
      vertex -8.83958 -26.0406 9
    endloop
  endfacet
  facet normal 0 0 1
    outer loop
      vertex -14.4005 -42.4225 9
      vertex -8.83958 -26.0406 9
      vertex -10.5238 -25.4067 9
    endloop
  endfacet
  facet normal 0 0 1
    outer loop
      vertex -7.11752 -26.563 9
      vertex -11.5951 -43.2735 9
      vertex -8.74005 -43.9392 9
    endloop
  endfacet
  facet normal 0 0 1
    outer loop
      vertex -17.1442 -41.3898 9
      vertex -10.5238 -25.4067 9
      vertex -12.1629 -24.664 9
    endloop
  endfacet
  facet normal 0 0 1
    outer loop
      vertex -19.8145 -40.1799 9
      vertex -12.1629 -24.664 9
      vertex -13.75 -23.8157 9
    endloop
  endfacet
  facet normal 0 0 1
    outer loop
      vertex -8.83958 -26.0406 9
      vertex -14.4005 -42.4225 9
      vertex -11.5951 -43.2735 9
    endloop
  endfacet
  facet normal 0 0 1
    outer loop
      vertex -22.4 -38.7979 9
      vertex -13.75 -23.8157 9
      vertex -15.2782 -22.8654 9
    endloop
  endfacet
  facet normal 0 0 1
    outer loop
      vertex -24.8895 -37.2498 9
      vertex -15.2782 -22.8654 9
      vertex -16.7409 -21.8172 9
    endloop
  endfacet
  facet normal 0 0 1
    outer loop
      vertex -10.5238 -25.4067 9
      vertex -17.1442 -41.3898 9
      vertex -14.4005 -42.4225 9
    endloop
  endfacet
  facet normal 0 0 1
    outer loop
      vertex -27.2725 -35.5422 9
      vertex -16.7409 -21.8172 9
      vertex -18.132 -20.6756 9
    endloop
  endfacet
  facet normal 0 0 1
    outer loop
      vertex -29.5387 -33.6824 9
      vertex -18.132 -20.6756 9
      vertex -19.4454 -19.4454 9
    endloop
  endfacet
  facet normal 0 0 1
    outer loop
      vertex -12.1629 -24.664 9
      vertex -19.8145 -40.1799 9
      vertex -17.1442 -41.3898 9
    endloop
  endfacet
  facet normal 0 0 1
    outer loop
      vertex -31.6784 -31.6784 9
      vertex -19.4454 -19.4454 9
      vertex -20.6756 -18.132 9
    endloop
  endfacet
  facet normal 0 0 1
    outer loop
      vertex -31.6784 -31.6784 9
      vertex -20.6756 -18.132 9
      vertex -21.8172 -16.7409 9
    endloop
  endfacet
  facet normal 0 0 1
    outer loop
      vertex -13.75 -23.8157 9
      vertex -22.4 -38.7979 9
      vertex -19.8145 -40.1799 9
    endloop
  endfacet
  facet normal 0 0 1
    outer loop
      vertex -31.6784 -31.6784 9
      vertex -21.8172 -16.7409 9
      vertex -22.8654 -15.2782 9
    endloop
  endfacet
  facet normal 0 0 1
    outer loop
      vertex -31.6784 -31.6784 9
      vertex -22.8654 -15.2782 9
      vertex -23.8157 -13.75 9
    endloop
  endfacet
  facet normal 0 0 1
    outer loop
      vertex -31.6784 -31.6784 9
      vertex -23.8157 -13.75 9
      vertex -24.664 -12.1629 9
    endloop
  endfacet
  facet normal 0 0 1
    outer loop
      vertex -15.2782 -22.8654 9
      vertex -24.8895 -37.2498 9
      vertex -22.4 -38.7979 9
    endloop
  endfacet
  facet normal 0 0 1
    outer loop
      vertex -31.6784 -31.6784 9
      vertex -24.664 -12.1629 9
      vertex -25.4067 -10.5238 9
    endloop
  endfacet
  facet normal 0 0 1
    outer loop
      vertex -31.6784 -31.6784 9
      vertex -25.4067 -10.5238 9
      vertex -26.0406 -8.83958 9
    endloop
  endfacet
  facet normal -0 0 1
    outer loop
      vertex -33.5852 -0.647047 9
      vertex -27.4411 -1.79859 9
      vertex -33.548 -0.487725 9
    endloop
  endfacet
  facet normal 0 0 1
    outer loop
      vertex -27.5 0 9
      vertex -33.548 -0.487725 9
      vertex -27.4411 -1.79859 9
    endloop
  endfacet
  facet normal 0 0 1
    outer loop
      vertex -33.548 -0.487725 9
      vertex -27.5 0 9
      vertex -33.5214 -0.326315 9
    endloop
  endfacet
  facet normal 0 0 1
    outer loop
      vertex -16.7409 -21.8172 9
      vertex -27.2725 -35.5422 9
      vertex -24.8895 -37.2498 9
    endloop
  endfacet
  facet normal 0 0 1
    outer loop
      vertex -33.5214 -0.326315 9
      vertex -27.5 0 9
      vertex -33.5054 -0.163507 9
    endloop
  endfacet
  facet normal 0 0 1
    outer loop
      vertex -33.5054 -0.163507 9
      vertex -27.5 0 9
      vertex -33.5 0 9
    endloop
  endfacet
  facet normal -0 0 1
    outer loop
      vertex -41.3898 17.1442 9
      vertex -25.4067 10.5238 9
      vertex -40.1799 19.8145 9
    endloop
  endfacet
  facet normal -0 0 1
    outer loop
      vertex -33.6327 -0.803598 9
      vertex -27.4411 -1.79859 9
      vertex -33.5852 -0.647047 9
    endloop
  endfacet
  facet normal -0 0 1
    outer loop
      vertex -42.4225 14.4005 9
      vertex -26.0406 8.83958 9
      vertex -41.3898 17.1442 9
    endloop
  endfacet
  facet normal 0 0 1
    outer loop
      vertex -18.132 -20.6756 9
      vertex -29.5387 -33.6824 9
      vertex -27.2725 -35.5422 9
    endloop
  endfacet
  facet normal 0 0 1
    outer loop
      vertex -19.4454 -19.4454 9
      vertex -31.6784 -31.6784 9
      vertex -29.5387 -33.6824 9
    endloop
  endfacet
  facet normal 0 0 1
    outer loop
      vertex -27.5 0 9
      vertex -33.5054 0.163507 9
      vertex -33.5 0 9
    endloop
  endfacet
  facet normal 0 0 1
    outer loop
      vertex -27.5 0 9
      vertex -33.5214 0.326315 9
      vertex -33.5054 0.163507 9
    endloop
  endfacet
  facet normal 0 0 1
    outer loop
      vertex -27.5 0 9
      vertex -33.548 0.487725 9
      vertex -33.5214 0.326315 9
    endloop
  endfacet
  facet normal 0 0 1
    outer loop
      vertex -27.4411 1.79859 9
      vertex -33.548 0.487725 9
      vertex -27.5 0 9
    endloop
  endfacet
  facet normal 0 -0 1
    outer loop
      vertex -33.548 0.487725 9
      vertex -27.4411 1.79859 9
      vertex -33.5852 0.647047 9
    endloop
  endfacet
  facet normal 0 0 1
    outer loop
      vertex -26.0406 8.83958 9
      vertex -35.5123 2.45196 9
      vertex -26.563 7.11752 9
    endloop
  endfacet
  facet normal 0 -0 1
    outer loop
      vertex -33.5852 0.647047 9
      vertex -27.4411 1.79859 9
      vertex -33.6327 0.803598 9
    endloop
  endfacet
  facet normal 0 -0 1
    outer loop
      vertex -33.6327 0.803598 9
      vertex -27.4411 1.79859 9
      vertex -33.6903 0.956708 9
    endloop
  endfacet
  facet normal 0 -0 1
    outer loop
      vertex -33.6903 0.956708 9
      vertex -27.4411 1.79859 9
      vertex -33.7578 1.10572 9
    endloop
  endfacet
  facet normal 0 -0 1
    outer loop
      vertex -33.7578 1.10572 9
      vertex -27.4411 1.79859 9
      vertex -33.8349 1.25 9
    endloop
  endfacet
  facet normal 0 0 1
    outer loop
      vertex -27.2647 3.58947 9
      vertex -33.8349 1.25 9
      vertex -27.4411 1.79859 9
    endloop
  endfacet
  facet normal 0 -0 1
    outer loop
      vertex -33.8349 1.25 9
      vertex -27.2647 3.58947 9
      vertex -33.9213 1.38893 9
    endloop
  endfacet
  facet normal 0 -0 1
    outer loop
      vertex -35.0433 2.3097 9
      vertex -26.563 7.11752 9
      vertex -35.1964 2.36732 9
    endloop
  endfacet
  facet normal 0 -0 1
    outer loop
      vertex -33.9213 1.38893 9
      vertex -27.2647 3.58947 9
      vertex -34.0166 1.5219 9
    endloop
  endfacet
  facet normal 0 -0 1
    outer loop
      vertex -34.75 2.16506 9
      vertex -26.9716 5.36498 9
      vertex -34.8943 2.24218 9
    endloop
  endfacet
  facet normal 0 -0 1
    outer loop
      vertex -34.0166 1.5219 9
      vertex -27.2647 3.58947 9
      vertex -34.1204 1.64836 9
    endloop
  endfacet
  facet normal 0 -0 1
    outer loop
      vertex -34.1204 1.64836 9
      vertex -27.2647 3.58947 9
      vertex -34.2322 1.76777 9
    endloop
  endfacet
  facet normal 0 0 1
    outer loop
      vertex -26.9716 5.36498 9
      vertex -34.3516 1.8796 9
      vertex -27.2647 3.58947 9
    endloop
  endfacet
  facet normal 0 -0 1
    outer loop
      vertex -34.2322 1.76777 9
      vertex -27.2647 3.58947 9
      vertex -34.3516 1.8796 9
    endloop
  endfacet
  facet normal 0 -0 1
    outer loop
      vertex -34.3516 1.8796 9
      vertex -26.9716 5.36498 9
      vertex -34.4781 1.98338 9
    endloop
  endfacet
  facet normal 0 -0 1
    outer loop
      vertex -34.4781 1.98338 9
      vertex -26.9716 5.36498 9
      vertex -34.6111 2.07867 9
    endloop
  endfacet
  facet normal 0 -0 1
    outer loop
      vertex -34.6111 2.07867 9
      vertex -26.9716 5.36498 9
      vertex -34.75 2.16506 9
    endloop
  endfacet
  facet normal 0 0 1
    outer loop
      vertex -26.563 7.11752 9
      vertex -34.8943 2.24218 9
      vertex -26.9716 5.36498 9
    endloop
  endfacet
  facet normal 0 -0 1
    outer loop
      vertex -34.8943 2.24218 9
      vertex -26.563 7.11752 9
      vertex -35.0433 2.3097 9
    endloop
  endfacet
  facet normal 0 -0 1
    outer loop
      vertex -35.1964 2.36732 9
      vertex -26.563 7.11752 9
      vertex -35.353 2.41481 9
    endloop
  endfacet
  facet normal 0 -0 1
    outer loop
      vertex -35.353 2.41481 9
      vertex -26.563 7.11752 9
      vertex -35.5123 2.45196 9
    endloop
  endfacet
  facet normal 0 -0 1
    outer loop
      vertex -35.5123 2.45196 9
      vertex -26.0406 8.83958 9
      vertex -35.6737 2.47861 9
    endloop
  endfacet
  facet normal 0 0 1
    outer loop
      vertex -25.4067 10.5238 9
      vertex -41.3898 17.1442 9
      vertex -26.0406 8.83958 9
    endloop
  endfacet
  facet normal 0 0 1
    outer loop
      vertex -26.0406 8.83958 9
      vertex -42.4225 14.4005 9
      vertex -35.6737 2.47861 9
    endloop
  endfacet
  facet normal 0 0 1
    outer loop
      vertex -35.6737 2.47861 9
      vertex -42.4225 14.4005 9
      vertex -35.8365 2.49465 9
    endloop
  endfacet
  facet normal -0 0 1
    outer loop
      vertex -43.2735 11.5951 9
      vertex -35.8365 2.49465 9
      vertex -42.4225 14.4005 9
    endloop
  endfacet
  facet normal 0 0 1
    outer loop
      vertex -35.8365 2.49465 9
      vertex -43.2735 11.5951 9
      vertex -36 2.5 9
    endloop
  endfacet
  facet normal 0 0 1
    outer loop
      vertex -36 2.5 9
      vertex -43.2735 11.5951 9
      vertex -36.1635 2.49465 9
    endloop
  endfacet
  facet normal 0 0 1
    outer loop
      vertex -36.1635 2.49465 9
      vertex -43.2735 11.5951 9
      vertex -36.3263 2.47861 9
    endloop
  endfacet
  facet normal 0 0 1
    outer loop
      vertex -36.3263 2.47861 9
      vertex -43.2735 11.5951 9
      vertex -36.4877 2.45196 9
    endloop
  endfacet
  facet normal -0 0 1
    outer loop
      vertex -43.9392 8.74005 9
      vertex -36.4877 2.45196 9
      vertex -43.2735 11.5951 9
    endloop
  endfacet
  facet normal 0 0 1
    outer loop
      vertex -36.4877 2.45196 9
      vertex -43.9392 8.74005 9
      vertex -36.647 2.41481 9
    endloop
  endfacet
  facet normal 0 0 1
    outer loop
      vertex -36.647 2.41481 9
      vertex -43.9392 8.74005 9
      vertex -36.8036 2.36732 9
    endloop
  endfacet
  facet normal 0 0 1
    outer loop
      vertex -36.8036 2.36732 9
      vertex -43.9392 8.74005 9
      vertex -36.9567 2.3097 9
    endloop
  endfacet
  facet normal 0 0 1
    outer loop
      vertex -36.9567 2.3097 9
      vertex -43.9392 8.74005 9
      vertex -37.1057 2.24218 9
    endloop
  endfacet
  facet normal 0 0 1
    outer loop
      vertex -37.1057 2.24218 9
      vertex -43.9392 8.74005 9
      vertex -37.25 2.16506 9
    endloop
  endfacet
  facet normal -0 0 1
    outer loop
      vertex -44.4167 5.84757 9
      vertex -37.25 2.16506 9
      vertex -43.9392 8.74005 9
    endloop
  endfacet
  facet normal 0 0 1
    outer loop
      vertex -37.25 2.16506 9
      vertex -44.4167 5.84757 9
      vertex -37.3889 2.07867 9
    endloop
  endfacet
  facet normal 0 0 1
    outer loop
      vertex -37.3889 2.07867 9
      vertex -44.4167 5.84757 9
      vertex -37.5219 1.98338 9
    endloop
  endfacet
  facet normal 0 0 1
    outer loop
      vertex -37.5219 1.98338 9
      vertex -44.4167 5.84757 9
      vertex -37.6484 1.8796 9
    endloop
  endfacet
  facet normal 0 0 1
    outer loop
      vertex -37.6484 1.8796 9
      vertex -44.4167 5.84757 9
      vertex -37.7678 1.76777 9
    endloop
  endfacet
  facet normal 0 0 1
    outer loop
      vertex -37.7678 1.76777 9
      vertex -44.4167 5.84757 9
      vertex -37.8796 1.64836 9
    endloop
  endfacet
  facet normal 0 0 1
    outer loop
      vertex -37.8796 1.64836 9
      vertex -44.4167 5.84757 9
      vertex -37.9834 1.5219 9
    endloop
  endfacet
  facet normal -0 0 1
    outer loop
      vertex -44.7041 2.93006 9
      vertex -37.9834 1.5219 9
      vertex -44.4167 5.84757 9
    endloop
  endfacet
  facet normal 0 0 1
    outer loop
      vertex -37.9834 1.5219 9
      vertex -44.7041 2.93006 9
      vertex -38.0787 1.38893 9
    endloop
  endfacet
  facet normal 0 0 1
    outer loop
      vertex -38.1651 1.25 9
      vertex -44.7041 2.93006 9
      vertex -38.2422 1.10572 9
    endloop
  endfacet
  facet normal 0 0 1
    outer loop
      vertex -38.0787 1.38893 9
      vertex -44.7041 2.93006 9
      vertex -38.1651 1.25 9
    endloop
  endfacet
  facet normal -0 0 1
    outer loop
      vertex 38.452 0.487725 9
      vertex 44.8 0 9
      vertex 44.7041 2.93006 9
    endloop
  endfacet
  facet normal 0 0 1
    outer loop
      vertex 37.9834 1.5219 9
      vertex 44.7041 2.93006 9
      vertex 44.4167 5.84757 9
    endloop
  endfacet
  facet normal 0 0 1
    outer loop
      vertex 44.8 0 9
      vertex 38.452 0.487725 9
      vertex 38.4786 0.326315 9
    endloop
  endfacet
  facet normal 0 0 1
    outer loop
      vertex 37.25 2.16506 9
      vertex 44.4167 5.84757 9
      vertex 43.9392 8.74005 9
    endloop
  endfacet
  facet normal 0 0 1
    outer loop
      vertex 44.8 0 9
      vertex 38.4946 0.163507 9
      vertex 38.5 0 9
    endloop
  endfacet
  facet normal 0 0 1
    outer loop
      vertex 36.4877 2.45196 9
      vertex 43.9392 8.74005 9
      vertex 43.2735 11.5951 9
    endloop
  endfacet
  facet normal 0 0 1
    outer loop
      vertex 38.4946 -0.163507 9
      vertex 44.8 0 9
      vertex 38.5 0 9
    endloop
  endfacet
  facet normal 0 0 1
    outer loop
      vertex 35.8365 2.49465 9
      vertex 43.2735 11.5951 9
      vertex 42.4225 14.4005 9
    endloop
  endfacet
  facet normal 0 0 1
    outer loop
      vertex 38.452 -0.487725 9
      vertex 44.8 0 9
      vertex 38.4786 -0.326315 9
    endloop
  endfacet
  facet normal 0 0 1
    outer loop
      vertex 26.0406 8.83958 9
      vertex 42.4225 14.4005 9
      vertex 41.3898 17.1442 9
    endloop
  endfacet
  facet normal 0 0 1
    outer loop
      vertex 44.8 0 9
      vertex 38.452 -0.487725 9
      vertex 44.7041 -2.93006 9
    endloop
  endfacet
  facet normal 0 0 1
    outer loop
      vertex 25.4067 10.5238 9
      vertex 41.3898 17.1442 9
      vertex 40.1799 19.8145 9
    endloop
  endfacet
  facet normal -0 0 1
    outer loop
      vertex 38.4148 -0.647047 9
      vertex 44.7041 -2.93006 9
      vertex 38.452 -0.487725 9
    endloop
  endfacet
  facet normal 0 0 1
    outer loop
      vertex 24.664 12.1629 9
      vertex 40.1799 19.8145 9
      vertex 38.7979 22.4 9
    endloop
  endfacet
  facet normal -0 0 1
    outer loop
      vertex 38.3097 -0.956708 9
      vertex 44.7041 -2.93006 9
      vertex 38.3673 -0.803598 9
    endloop
  endfacet
  facet normal -0 0 1
    outer loop
      vertex 38.2422 -1.10572 9
      vertex 44.7041 -2.93006 9
      vertex 38.3097 -0.956708 9
    endloop
  endfacet
  facet normal -0 0 1
    outer loop
      vertex 38.3673 -0.803598 9
      vertex 44.7041 -2.93006 9
      vertex 38.4148 -0.647047 9
    endloop
  endfacet
  facet normal 0 0 1
    outer loop
      vertex 38.4786 -0.326315 9
      vertex 44.8 0 9
      vertex 38.4946 -0.163507 9
    endloop
  endfacet
  facet normal 0 0 1
    outer loop
      vertex 44.8 0 9
      vertex 38.4786 0.326315 9
      vertex 38.4946 0.163507 9
    endloop
  endfacet
  facet normal 0 0 1
    outer loop
      vertex 44.7041 2.93006 9
      vertex 38.4148 0.647047 9
      vertex 38.452 0.487725 9
    endloop
  endfacet
  facet normal 0 0 1
    outer loop
      vertex 44.7041 2.93006 9
      vertex 38.3673 0.803598 9
      vertex 38.4148 0.647047 9
    endloop
  endfacet
  facet normal 0 0 1
    outer loop
      vertex 44.7041 2.93006 9
      vertex 38.3097 0.956708 9
      vertex 38.3673 0.803598 9
    endloop
  endfacet
  facet normal 0 0 1
    outer loop
      vertex 44.7041 2.93006 9
      vertex 38.2422 1.10572 9
      vertex 38.3097 0.956708 9
    endloop
  endfacet
  facet normal 0 0 1
    outer loop
      vertex 44.7041 2.93006 9
      vertex 38.1651 1.25 9
      vertex 38.2422 1.10572 9
    endloop
  endfacet
  facet normal 0 0 1
    outer loop
      vertex 44.7041 2.93006 9
      vertex 38.0787 1.38893 9
      vertex 38.1651 1.25 9
    endloop
  endfacet
  facet normal 0 0 1
    outer loop
      vertex 44.7041 2.93006 9
      vertex 37.9834 1.5219 9
      vertex 38.0787 1.38893 9
    endloop
  endfacet
  facet normal 0 0 1
    outer loop
      vertex 44.4167 5.84757 9
      vertex 37.8796 1.64836 9
      vertex 37.9834 1.5219 9
    endloop
  endfacet
  facet normal 0 0 1
    outer loop
      vertex 44.4167 5.84757 9
      vertex 37.7678 1.76777 9
      vertex 37.8796 1.64836 9
    endloop
  endfacet
  facet normal 0 0 1
    outer loop
      vertex 44.4167 5.84757 9
      vertex 37.6484 1.8796 9
      vertex 37.7678 1.76777 9
    endloop
  endfacet
  facet normal 0 0 1
    outer loop
      vertex 44.4167 5.84757 9
      vertex 37.5219 1.98338 9
      vertex 37.6484 1.8796 9
    endloop
  endfacet
  facet normal 0 0 1
    outer loop
      vertex 44.4167 5.84757 9
      vertex 37.3889 2.07867 9
      vertex 37.5219 1.98338 9
    endloop
  endfacet
  facet normal 0 0 1
    outer loop
      vertex 44.4167 5.84757 9
      vertex 37.25 2.16506 9
      vertex 37.3889 2.07867 9
    endloop
  endfacet
  facet normal 0 0 1
    outer loop
      vertex 23.8157 13.75 9
      vertex 38.7979 22.4 9
      vertex 37.2498 24.8895 9
    endloop
  endfacet
  facet normal 0 0 1
    outer loop
      vertex 43.9392 8.74005 9
      vertex 37.1057 2.24218 9
      vertex 37.25 2.16506 9
    endloop
  endfacet
  facet normal 0 0 1
    outer loop
      vertex 43.9392 8.74005 9
      vertex 36.9567 2.3097 9
      vertex 37.1057 2.24218 9
    endloop
  endfacet
  facet normal 0 0 1
    outer loop
      vertex 43.9392 8.74005 9
      vertex 36.8036 2.36732 9
      vertex 36.9567 2.3097 9
    endloop
  endfacet
  facet normal 0 0 1
    outer loop
      vertex 43.9392 8.74005 9
      vertex 36.647 2.41481 9
      vertex 36.8036 2.36732 9
    endloop
  endfacet
  facet normal 0 0 1
    outer loop
      vertex 43.9392 8.74005 9
      vertex 36.4877 2.45196 9
      vertex 36.647 2.41481 9
    endloop
  endfacet
  facet normal 0 0 1
    outer loop
      vertex 43.2735 11.5951 9
      vertex 36.3263 2.47861 9
      vertex 36.4877 2.45196 9
    endloop
  endfacet
  facet normal 0 0 1
    outer loop
      vertex 43.2735 11.5951 9
      vertex 36.1635 2.49465 9
      vertex 36.3263 2.47861 9
    endloop
  endfacet
  facet normal 0 0 1
    outer loop
      vertex 43.2735 11.5951 9
      vertex 36 2.5 9
      vertex 36.1635 2.49465 9
    endloop
  endfacet
  facet normal 0 0 1
    outer loop
      vertex 41.3898 17.1442 9
      vertex 25.4067 10.5238 9
      vertex 26.0406 8.83958 9
    endloop
  endfacet
  facet normal 0 0 1
    outer loop
      vertex 42.4225 14.4005 9
      vertex 26.0406 8.83958 9
      vertex 35.6737 2.47861 9
    endloop
  endfacet
  facet normal 0 0 1
    outer loop
      vertex 22.8654 15.2782 9
      vertex 37.2498 24.8895 9
      vertex 35.5422 27.2725 9
    endloop
  endfacet
  facet normal 0 0 1
    outer loop
      vertex 43.2735 11.5951 9
      vertex 35.8365 2.49465 9
      vertex 36 2.5 9
    endloop
  endfacet
  facet normal 0 0 1
    outer loop
      vertex 42.4225 14.4005 9
      vertex 35.6737 2.47861 9
      vertex 35.8365 2.49465 9
    endloop
  endfacet
  facet normal 0 0 1
    outer loop
      vertex 35.6737 2.47861 9
      vertex 26.0406 8.83958 9
      vertex 35.5123 2.45196 9
    endloop
  endfacet
  facet normal -0 -0 1
    outer loop
      vertex 26.563 7.11752 9
      vertex 35.5123 2.45196 9
      vertex 26.0406 8.83958 9
    endloop
  endfacet
  facet normal 0 0 1
    outer loop
      vertex 35.5123 2.45196 9
      vertex 26.563 7.11752 9
      vertex 35.353 2.41481 9
    endloop
  endfacet
  facet normal 0 0 1
    outer loop
      vertex 35.353 2.41481 9
      vertex 26.563 7.11752 9
      vertex 35.1964 2.36732 9
    endloop
  endfacet
  facet normal 0 0 1
    outer loop
      vertex 35.1964 2.36732 9
      vertex 26.563 7.11752 9
      vertex 35.0433 2.3097 9
    endloop
  endfacet
  facet normal 0 0 1
    outer loop
      vertex 35.0433 2.3097 9
      vertex 26.563 7.11752 9
      vertex 34.8943 2.24218 9
    endloop
  endfacet
  facet normal -0 -0 1
    outer loop
      vertex 26.9716 5.36498 9
      vertex 34.8943 2.24218 9
      vertex 26.563 7.11752 9
    endloop
  endfacet
  facet normal 0 0 1
    outer loop
      vertex 34.8943 2.24218 9
      vertex 26.9716 5.36498 9
      vertex 34.75 2.16506 9
    endloop
  endfacet
  facet normal 0 0 1
    outer loop
      vertex 34.6111 2.07867 9
      vertex 26.9716 5.36498 9
      vertex 34.4781 1.98338 9
    endloop
  endfacet
  facet normal 0 0 1
    outer loop
      vertex 34.4781 1.98338 9
      vertex 26.9716 5.36498 9
      vertex 34.3516 1.8796 9
    endloop
  endfacet
  facet normal -0 -0 1
    outer loop
      vertex 27.2647 3.58947 9
      vertex 34.3516 1.8796 9
      vertex 26.9716 5.36498 9
    endloop
  endfacet
  facet normal 0 0 1
    outer loop
      vertex 34.3516 1.8796 9
      vertex 27.2647 3.58947 9
      vertex 34.2322 1.76777 9
    endloop
  endfacet
  facet normal 0 0 1
    outer loop
      vertex 34.2322 1.76777 9
      vertex 27.2647 3.58947 9
      vertex 34.1204 1.64836 9
    endloop
  endfacet
  facet normal 0 0 1
    outer loop
      vertex 34.1204 1.64836 9
      vertex 27.2647 3.58947 9
      vertex 34.0166 1.5219 9
    endloop
  endfacet
  facet normal 0 0 1
    outer loop
      vertex 21.8172 16.7409 9
      vertex 35.5422 27.2725 9
      vertex 33.6824 29.5387 9
    endloop
  endfacet
  facet normal 0 0 1
    outer loop
      vertex 34.0166 1.5219 9
      vertex 27.2647 3.58947 9
      vertex 33.9213 1.38893 9
    endloop
  endfacet
  facet normal 0 0 1
    outer loop
      vertex 33.9213 1.38893 9
      vertex 27.2647 3.58947 9
      vertex 33.8349 1.25 9
    endloop
  endfacet
  facet normal -0 -0 1
    outer loop
      vertex 27.4411 1.79859 9
      vertex 33.8349 1.25 9
      vertex 27.2647 3.58947 9
    endloop
  endfacet
  facet normal 0 0 1
    outer loop
      vertex 33.8349 1.25 9
      vertex 27.4411 1.79859 9
      vertex 33.7578 1.10572 9
    endloop
  endfacet
  facet normal 0 0 1
    outer loop
      vertex 33.7578 1.10572 9
      vertex 27.4411 1.79859 9
      vertex 33.6903 0.956708 9
    endloop
  endfacet
  facet normal 0 0 1
    outer loop
      vertex 33.6903 0.956708 9
      vertex 27.4411 1.79859 9
      vertex 33.6327 0.803598 9
    endloop
  endfacet
  facet normal 0 0 1
    outer loop
      vertex 20.6756 18.132 9
      vertex 33.6824 29.5387 9
      vertex 31.6784 31.6784 9
    endloop
  endfacet
  facet normal -0 0 1
    outer loop
      vertex 38.1651 -1.25 9
      vertex 44.7041 -2.93006 9
      vertex 38.2422 -1.10572 9
    endloop
  endfacet
  facet normal -0 0 1
    outer loop
      vertex 38.0787 -1.38893 9
      vertex 44.7041 -2.93006 9
      vertex 38.1651 -1.25 9
    endloop
  endfacet
  facet normal -0 0 1
    outer loop
      vertex 37.9834 -1.5219 9
      vertex 44.7041 -2.93006 9
      vertex 38.0787 -1.38893 9
    endloop
  endfacet
  facet normal 0 0 1
    outer loop
      vertex 44.7041 -2.93006 9
      vertex 37.9834 -1.5219 9
      vertex 44.4167 -5.84757 9
    endloop
  endfacet
  facet normal -0 0 1
    outer loop
      vertex 37.8796 -1.64836 9
      vertex 44.4167 -5.84757 9
      vertex 37.9834 -1.5219 9
    endloop
  endfacet
  facet normal -0 0 1
    outer loop
      vertex 37.7678 -1.76777 9
      vertex 44.4167 -5.84757 9
      vertex 37.8796 -1.64836 9
    endloop
  endfacet
  facet normal -0 0 1
    outer loop
      vertex 37.6484 -1.8796 9
      vertex 44.4167 -5.84757 9
      vertex 37.7678 -1.76777 9
    endloop
  endfacet
  facet normal -0 0 1
    outer loop
      vertex 37.5219 -1.98338 9
      vertex 44.4167 -5.84757 9
      vertex 37.6484 -1.8796 9
    endloop
  endfacet
  facet normal -0 0 1
    outer loop
      vertex 37.3889 -2.07867 9
      vertex 44.4167 -5.84757 9
      vertex 37.5219 -1.98338 9
    endloop
  endfacet
  facet normal -0 0 1
    outer loop
      vertex 37.25 -2.16506 9
      vertex 44.4167 -5.84757 9
      vertex 37.3889 -2.07867 9
    endloop
  endfacet
  facet normal 0 0 1
    outer loop
      vertex 44.4167 -5.84757 9
      vertex 37.25 -2.16506 9
      vertex 43.9392 -8.74005 9
    endloop
  endfacet
  facet normal -0 0 1
    outer loop
      vertex 37.1057 -2.24218 9
      vertex 43.9392 -8.74005 9
      vertex 37.25 -2.16506 9
    endloop
  endfacet
  facet normal -0 0 1
    outer loop
      vertex 36.9567 -2.3097 9
      vertex 43.9392 -8.74005 9
      vertex 37.1057 -2.24218 9
    endloop
  endfacet
  facet normal -0 0 1
    outer loop
      vertex 36.8036 -2.36732 9
      vertex 43.9392 -8.74005 9
      vertex 36.9567 -2.3097 9
    endloop
  endfacet
  facet normal -0 0 1
    outer loop
      vertex 36.647 -2.41481 9
      vertex 43.9392 -8.74005 9
      vertex 36.8036 -2.36732 9
    endloop
  endfacet
  facet normal -0 0 1
    outer loop
      vertex 36.4877 -2.45196 9
      vertex 43.9392 -8.74005 9
      vertex 36.647 -2.41481 9
    endloop
  endfacet
  facet normal 0 0 1
    outer loop
      vertex 43.9392 -8.74005 9
      vertex 36.4877 -2.45196 9
      vertex 43.2735 -11.5951 9
    endloop
  endfacet
  facet normal -0 0 1
    outer loop
      vertex 36.3263 -2.47861 9
      vertex 43.2735 -11.5951 9
      vertex 36.4877 -2.45196 9
    endloop
  endfacet
  facet normal -0 0 1
    outer loop
      vertex 36.1635 -2.49465 9
      vertex 43.2735 -11.5951 9
      vertex 36.3263 -2.47861 9
    endloop
  endfacet
  facet normal -0 0 1
    outer loop
      vertex 36 -2.5 9
      vertex 43.2735 -11.5951 9
      vertex 36.1635 -2.49465 9
    endloop
  endfacet
  facet normal 0 0 1
    outer loop
      vertex 35.8365 -2.49465 9
      vertex 43.2735 -11.5951 9
      vertex 36 -2.5 9
    endloop
  endfacet
  facet normal 0 0 1
    outer loop
      vertex 43.2735 -11.5951 9
      vertex 35.8365 -2.49465 9
      vertex 42.4225 -14.4005 9
    endloop
  endfacet
  facet normal 0 0 1
    outer loop
      vertex 35.6737 -2.47861 9
      vertex 42.4225 -14.4005 9
      vertex 35.8365 -2.49465 9
    endloop
  endfacet
  facet normal 0 0 1
    outer loop
      vertex 26.0406 -8.83958 9
      vertex 35.5123 -2.45196 9
      vertex 26.563 -7.11752 9
    endloop
  endfacet
  facet normal 0 0 1
    outer loop
      vertex 35.1964 -2.36732 9
      vertex 26.563 -7.11752 9
      vertex 35.353 -2.41481 9
    endloop
  endfacet
  facet normal 0 0 1
    outer loop
      vertex 35.0433 -2.3097 9
      vertex 26.563 -7.11752 9
      vertex 35.1964 -2.36732 9
    endloop
  endfacet
  facet normal 0 0 1
    outer loop
      vertex 34.8943 -2.24218 9
      vertex 26.563 -7.11752 9
      vertex 35.0433 -2.3097 9
    endloop
  endfacet
  facet normal 0 0 1
    outer loop
      vertex 26.563 -7.11752 9
      vertex 34.8943 -2.24218 9
      vertex 26.9716 -5.36498 9
    endloop
  endfacet
  facet normal 0 0 1
    outer loop
      vertex 34.6111 -2.07867 9
      vertex 26.9716 -5.36498 9
      vertex 34.75 -2.16506 9
    endloop
  endfacet
  facet normal 0 0 1
    outer loop
      vertex 34.75 -2.16506 9
      vertex 26.9716 -5.36498 9
      vertex 34.8943 -2.24218 9
    endloop
  endfacet
  facet normal 0 0 1
    outer loop
      vertex 34.4781 -1.98338 9
      vertex 26.9716 -5.36498 9
      vertex 34.6111 -2.07867 9
    endloop
  endfacet
  facet normal 0 0 1
    outer loop
      vertex 34.3516 -1.8796 9
      vertex 26.9716 -5.36498 9
      vertex 34.4781 -1.98338 9
    endloop
  endfacet
  facet normal 0 0 1
    outer loop
      vertex 35.353 -2.41481 9
      vertex 26.563 -7.11752 9
      vertex 35.5123 -2.45196 9
    endloop
  endfacet
  facet normal 0 0 1
    outer loop
      vertex 35.5123 -2.45196 9
      vertex 26.0406 -8.83958 9
      vertex 35.6737 -2.47861 9
    endloop
  endfacet
  facet normal 0 0 1
    outer loop
      vertex 26.9716 -5.36498 9
      vertex 34.3516 -1.8796 9
      vertex 27.2647 -3.58947 9
    endloop
  endfacet
  facet normal 0 0 1
    outer loop
      vertex 34.2322 -1.76777 9
      vertex 27.2647 -3.58947 9
      vertex 34.3516 -1.8796 9
    endloop
  endfacet
  facet normal 0 0 1
    outer loop
      vertex 34.1204 -1.64836 9
      vertex 27.2647 -3.58947 9
      vertex 34.2322 -1.76777 9
    endloop
  endfacet
  facet normal 0 0 1
    outer loop
      vertex 34.0166 -1.5219 9
      vertex 27.2647 -3.58947 9
      vertex 34.1204 -1.64836 9
    endloop
  endfacet
  facet normal 0 0 1
    outer loop
      vertex 33.9213 -1.38893 9
      vertex 27.2647 -3.58947 9
      vertex 34.0166 -1.5219 9
    endloop
  endfacet
  facet normal 0 0 1
    outer loop
      vertex 33.8349 -1.25 9
      vertex 27.2647 -3.58947 9
      vertex 33.9213 -1.38893 9
    endloop
  endfacet
  facet normal 0 0 1
    outer loop
      vertex 27.2647 -3.58947 9
      vertex 33.8349 -1.25 9
      vertex 27.4411 -1.79859 9
    endloop
  endfacet
  facet normal 0 0 1
    outer loop
      vertex 33.7578 -1.10572 9
      vertex 27.4411 -1.79859 9
      vertex 33.8349 -1.25 9
    endloop
  endfacet
  facet normal 0 0 1
    outer loop
      vertex 33.6903 -0.956708 9
      vertex 27.4411 -1.79859 9
      vertex 33.7578 -1.10572 9
    endloop
  endfacet
  facet normal 0 0 1
    outer loop
      vertex 33.6327 -0.803598 9
      vertex 27.4411 -1.79859 9
      vertex 33.6903 -0.956708 9
    endloop
  endfacet
  facet normal 0 0 1
    outer loop
      vertex 35.6737 -2.47861 9
      vertex 26.0406 -8.83958 9
      vertex 42.4225 -14.4005 9
    endloop
  endfacet
  facet normal 0 0 1
    outer loop
      vertex 33.5852 -0.647047 9
      vertex 27.4411 -1.79859 9
      vertex 33.6327 -0.803598 9
    endloop
  endfacet
  facet normal 0 0 1
    outer loop
      vertex 33.548 -0.487725 9
      vertex 27.4411 -1.79859 9
      vertex 33.5852 -0.647047 9
    endloop
  endfacet
  facet normal 0 0 1
    outer loop
      vertex 27.4411 -1.79859 9
      vertex 33.548 -0.487725 9
      vertex 27.5 0 9
    endloop
  endfacet
  facet normal 0 0 1
    outer loop
      vertex 27.5 0 9
      vertex 33.548 -0.487725 9
      vertex 33.5214 -0.326315 9
    endloop
  endfacet
  facet normal 0 0 1
    outer loop
      vertex 27.5 0 9
      vertex 33.5214 -0.326315 9
      vertex 33.5054 -0.163507 9
    endloop
  endfacet
  facet normal -0 0 1
    outer loop
      vertex 27.5 0 9
      vertex 33.5054 -0.163507 9
      vertex 33.5 0 9
    endloop
  endfacet
  facet normal 0 0 1
    outer loop
      vertex 33.6327 0.803598 9
      vertex 27.4411 1.79859 9
      vertex 33.5852 0.647047 9
    endloop
  endfacet
  facet normal 0 0 1
    outer loop
      vertex 42.4225 -14.4005 9
      vertex 26.0406 -8.83958 9
      vertex 41.3898 -17.1442 9
    endloop
  endfacet
  facet normal 0 0 1
    outer loop
      vertex 19.4454 19.4454 9
      vertex 31.6784 31.6784 9
      vertex 29.5387 33.6824 9
    endloop
  endfacet
  facet normal -0 0 1
    outer loop
      vertex 25.4067 -10.5238 9
      vertex 41.3898 -17.1442 9
      vertex 26.0406 -8.83958 9
    endloop
  endfacet
  facet normal 0 0 1
    outer loop
      vertex 41.3898 -17.1442 9
      vertex 25.4067 -10.5238 9
      vertex 40.1799 -19.8145 9
    endloop
  endfacet
  facet normal 0 0 1
    outer loop
      vertex 33.5054 0.163507 9
      vertex 27.5 0 9
      vertex 33.5 0 9
    endloop
  endfacet
  facet normal 0 0 1
    outer loop
      vertex 18.132 20.6756 9
      vertex 29.5387 33.6824 9
      vertex 27.2725 35.5422 9
    endloop
  endfacet
  facet normal 0 0 1
    outer loop
      vertex 33.5214 0.326315 9
      vertex 27.5 0 9
      vertex 33.5054 0.163507 9
    endloop
  endfacet
  facet normal 0 0 1
    outer loop
      vertex 33.548 0.487725 9
      vertex 27.5 0 9
      vertex 33.5214 0.326315 9
    endloop
  endfacet
  facet normal 0 -0 1
    outer loop
      vertex 27.5 0 9
      vertex 33.548 0.487725 9
      vertex 27.4411 1.79859 9
    endloop
  endfacet
  facet normal 0 0 1
    outer loop
      vertex 33.5852 0.647047 9
      vertex 27.4411 1.79859 9
      vertex 33.548 0.487725 9
    endloop
  endfacet
  facet normal 0 0 1
    outer loop
      vertex 34.75 2.16506 9
      vertex 26.9716 5.36498 9
      vertex 34.6111 2.07867 9
    endloop
  endfacet
  facet normal 0 0 1
    outer loop
      vertex 16.7409 21.8172 9
      vertex 27.2725 35.5422 9
      vertex 24.8895 37.2498 9
    endloop
  endfacet
  facet normal 0 0 1
    outer loop
      vertex 40.1799 19.8145 9
      vertex 24.664 12.1629 9
      vertex 25.4067 10.5238 9
    endloop
  endfacet
  facet normal 0 0 1
    outer loop
      vertex 38.7979 22.4 9
      vertex 23.8157 13.75 9
      vertex 24.664 12.1629 9
    endloop
  endfacet
  facet normal 0 0 1
    outer loop
      vertex 37.2498 24.8895 9
      vertex 22.8654 15.2782 9
      vertex 23.8157 13.75 9
    endloop
  endfacet
  facet normal 0 0 1
    outer loop
      vertex 15.2782 22.8654 9
      vertex 24.8895 37.2498 9
      vertex 22.4 38.7979 9
    endloop
  endfacet
  facet normal 0 0 1
    outer loop
      vertex 35.5422 27.2725 9
      vertex 21.8172 16.7409 9
      vertex 22.8654 15.2782 9
    endloop
  endfacet
  facet normal 0 0 1
    outer loop
      vertex 33.6824 29.5387 9
      vertex 20.6756 18.132 9
      vertex 21.8172 16.7409 9
    endloop
  endfacet
  facet normal 0 0 1
    outer loop
      vertex 13.75 23.8157 9
      vertex 22.4 38.7979 9
      vertex 19.8145 40.1799 9
    endloop
  endfacet
  facet normal 0 0 1
    outer loop
      vertex 31.6784 31.6784 9
      vertex 19.4454 19.4454 9
      vertex 20.6756 18.132 9
    endloop
  endfacet
  facet normal 0 0 1
    outer loop
      vertex 29.5387 33.6824 9
      vertex 18.132 20.6756 9
      vertex 19.4454 19.4454 9
    endloop
  endfacet
  facet normal 0 0 1
    outer loop
      vertex 12.1629 24.664 9
      vertex 19.8145 40.1799 9
      vertex 17.1442 41.3898 9
    endloop
  endfacet
  facet normal 0 0 1
    outer loop
      vertex 27.2725 35.5422 9
      vertex 16.7409 21.8172 9
      vertex 18.132 20.6756 9
    endloop
  endfacet
  facet normal 0 0 1
    outer loop
      vertex 24.8895 37.2498 9
      vertex 15.2782 22.8654 9
      vertex 16.7409 21.8172 9
    endloop
  endfacet
  facet normal 0 0 1
    outer loop
      vertex 10.5238 25.4067 9
      vertex 17.1442 41.3898 9
      vertex 14.4005 42.4225 9
    endloop
  endfacet
  facet normal 0 0 1
    outer loop
      vertex 22.4 38.7979 9
      vertex 13.75 23.8157 9
      vertex 15.2782 22.8654 9
    endloop
  endfacet
  facet normal 0 0 1
    outer loop
      vertex 19.8145 40.1799 9
      vertex 12.1629 24.664 9
      vertex 13.75 23.8157 9
    endloop
  endfacet
  facet normal 0 0 1
    outer loop
      vertex 8.83958 26.0406 9
      vertex 14.4005 42.4225 9
      vertex 11.5951 43.2735 9
    endloop
  endfacet
  facet normal 0 0 1
    outer loop
      vertex 17.1442 41.3898 9
      vertex 10.5238 25.4067 9
      vertex 12.1629 24.664 9
    endloop
  endfacet
  facet normal 0 0 1
    outer loop
      vertex 14.4005 42.4225 9
      vertex 8.83958 26.0406 9
      vertex 10.5238 25.4067 9
    endloop
  endfacet
  facet normal 0 0 1
    outer loop
      vertex 7.11752 26.563 9
      vertex 11.5951 43.2735 9
      vertex 8.74005 43.9392 9
    endloop
  endfacet
  facet normal 0 0 1
    outer loop
      vertex 11.5951 43.2735 9
      vertex 7.11752 26.563 9
      vertex 8.83958 26.0406 9
    endloop
  endfacet
  facet normal 0 0 1
    outer loop
      vertex 5.36498 26.9716 9
      vertex 8.74005 43.9392 9
      vertex 5.84757 44.4167 9
    endloop
  endfacet
  facet normal 0 0 1
    outer loop
      vertex 8.74005 43.9392 9
      vertex 5.36498 26.9716 9
      vertex 7.11752 26.563 9
    endloop
  endfacet
  facet normal 0 0 1
    outer loop
      vertex 5.84757 44.4167 9
      vertex 3.58947 27.2647 9
      vertex 5.36498 26.9716 9
    endloop
  endfacet
  facet normal 0 0 1
    outer loop
      vertex 2.93006 44.7041 9
      vertex 3.58947 27.2647 9
      vertex 5.84757 44.4167 9
    endloop
  endfacet
  facet normal 0 0 1
    outer loop
      vertex 2.93006 44.7041 9
      vertex 1.79859 27.4411 9
      vertex 3.58947 27.2647 9
    endloop
  endfacet
  facet normal 0 0 1
    outer loop
      vertex 0 44.8 9
      vertex 1.79859 27.4411 9
      vertex 2.93006 44.7041 9
    endloop
  endfacet
  facet normal 0 0 1
    outer loop
      vertex 0 44.8 9
      vertex 0 27.5 9
      vertex 1.79859 27.4411 9
    endloop
  endfacet
  facet normal 0 0 1
    outer loop
      vertex 0 44.8 9
      vertex -1.79859 27.4411 9
      vertex 0 27.5 9
    endloop
  endfacet
  facet normal -0 0 1
    outer loop
      vertex -2.93006 44.7041 9
      vertex -1.79859 27.4411 9
      vertex 0 44.8 9
    endloop
  endfacet
  facet normal 0 0 1
    outer loop
      vertex -2.93006 44.7041 9
      vertex -3.58947 27.2647 9
      vertex -1.79859 27.4411 9
    endloop
  endfacet
  facet normal -0 0 1
    outer loop
      vertex -5.84757 44.4167 9
      vertex -3.58947 27.2647 9
      vertex -2.93006 44.7041 9
    endloop
  endfacet
  facet normal 0 0 1
    outer loop
      vertex -3.58947 27.2647 9
      vertex -5.84757 44.4167 9
      vertex -5.36498 26.9716 9
    endloop
  endfacet
  facet normal -0 0 1
    outer loop
      vertex -8.74005 43.9392 9
      vertex -5.36498 26.9716 9
      vertex -5.84757 44.4167 9
    endloop
  endfacet
  facet normal 0 0 1
    outer loop
      vertex -5.36498 26.9716 9
      vertex -8.74005 43.9392 9
      vertex -7.11752 26.563 9
    endloop
  endfacet
  facet normal -0 0 1
    outer loop
      vertex -11.5951 43.2735 9
      vertex -7.11752 26.563 9
      vertex -8.74005 43.9392 9
    endloop
  endfacet
  facet normal 0 0 1
    outer loop
      vertex -7.11752 26.563 9
      vertex -11.5951 43.2735 9
      vertex -8.83958 26.0406 9
    endloop
  endfacet
  facet normal -0 0 1
    outer loop
      vertex -14.4005 42.4225 9
      vertex -8.83958 26.0406 9
      vertex -11.5951 43.2735 9
    endloop
  endfacet
  facet normal 0 0 1
    outer loop
      vertex -8.83958 26.0406 9
      vertex -14.4005 42.4225 9
      vertex -10.5238 25.4067 9
    endloop
  endfacet
  facet normal -0 0 1
    outer loop
      vertex -17.1442 41.3898 9
      vertex -10.5238 25.4067 9
      vertex -14.4005 42.4225 9
    endloop
  endfacet
  facet normal 0 0 1
    outer loop
      vertex -10.5238 25.4067 9
      vertex -17.1442 41.3898 9
      vertex -12.1629 24.664 9
    endloop
  endfacet
  facet normal -0 0 1
    outer loop
      vertex -19.8145 40.1799 9
      vertex -12.1629 24.664 9
      vertex -17.1442 41.3898 9
    endloop
  endfacet
  facet normal 0 0 1
    outer loop
      vertex -12.1629 24.664 9
      vertex -19.8145 40.1799 9
      vertex -13.75 23.8157 9
    endloop
  endfacet
  facet normal -0 0 1
    outer loop
      vertex -22.4 38.7979 9
      vertex -13.75 23.8157 9
      vertex -19.8145 40.1799 9
    endloop
  endfacet
  facet normal 0 0 1
    outer loop
      vertex -13.75 23.8157 9
      vertex -22.4 38.7979 9
      vertex -15.2782 22.8654 9
    endloop
  endfacet
  facet normal -0 0 1
    outer loop
      vertex -24.8895 37.2498 9
      vertex -15.2782 22.8654 9
      vertex -22.4 38.7979 9
    endloop
  endfacet
  facet normal 0 0 1
    outer loop
      vertex -15.2782 22.8654 9
      vertex -24.8895 37.2498 9
      vertex -16.7409 21.8172 9
    endloop
  endfacet
  facet normal -0 0 1
    outer loop
      vertex -27.2725 35.5422 9
      vertex -16.7409 21.8172 9
      vertex -24.8895 37.2498 9
    endloop
  endfacet
  facet normal 0 0 1
    outer loop
      vertex -16.7409 21.8172 9
      vertex -27.2725 35.5422 9
      vertex -18.132 20.6756 9
    endloop
  endfacet
  facet normal -0 0 1
    outer loop
      vertex -29.5387 33.6824 9
      vertex -18.132 20.6756 9
      vertex -27.2725 35.5422 9
    endloop
  endfacet
  facet normal 0 0 1
    outer loop
      vertex -18.132 20.6756 9
      vertex -29.5387 33.6824 9
      vertex -19.4454 19.4454 9
    endloop
  endfacet
  facet normal -0 0 1
    outer loop
      vertex -31.6784 31.6784 9
      vertex -19.4454 19.4454 9
      vertex -29.5387 33.6824 9
    endloop
  endfacet
  facet normal 0 0 1
    outer loop
      vertex -19.4454 19.4454 9
      vertex -31.6784 31.6784 9
      vertex -20.6756 18.132 9
    endloop
  endfacet
  facet normal -0 0 1
    outer loop
      vertex -33.6824 29.5387 9
      vertex -20.6756 18.132 9
      vertex -31.6784 31.6784 9
    endloop
  endfacet
  facet normal 0 0 1
    outer loop
      vertex -20.6756 18.132 9
      vertex -33.6824 29.5387 9
      vertex -21.8172 16.7409 9
    endloop
  endfacet
  facet normal -0 0 1
    outer loop
      vertex -35.5422 27.2725 9
      vertex -21.8172 16.7409 9
      vertex -33.6824 29.5387 9
    endloop
  endfacet
  facet normal 0 0 1
    outer loop
      vertex -21.8172 16.7409 9
      vertex -35.5422 27.2725 9
      vertex -22.8654 15.2782 9
    endloop
  endfacet
  facet normal -0 0 1
    outer loop
      vertex -37.2498 24.8895 9
      vertex -22.8654 15.2782 9
      vertex -35.5422 27.2725 9
    endloop
  endfacet
  facet normal 0 0 1
    outer loop
      vertex -22.8654 15.2782 9
      vertex -37.2498 24.8895 9
      vertex -23.8157 13.75 9
    endloop
  endfacet
  facet normal -0 0 1
    outer loop
      vertex -38.7979 22.4 9
      vertex -23.8157 13.75 9
      vertex -37.2498 24.8895 9
    endloop
  endfacet
  facet normal 0 0 1
    outer loop
      vertex -23.8157 13.75 9
      vertex -38.7979 22.4 9
      vertex -24.664 12.1629 9
    endloop
  endfacet
  facet normal -0 0 1
    outer loop
      vertex -40.1799 19.8145 9
      vertex -24.664 12.1629 9
      vertex -38.7979 22.4 9
    endloop
  endfacet
  facet normal 0 0 1
    outer loop
      vertex -24.664 12.1629 9
      vertex -40.1799 19.8145 9
      vertex -25.4067 10.5238 9
    endloop
  endfacet
  facet normal 0.290282 -0.956941 0
    outer loop
      vertex 11.5951 -43.2735 4
      vertex 14.4005 -42.4225 9
      vertex 11.5951 -43.2735 9
    endloop
  endfacet
  facet normal 0.290282 -0.956941 0
    outer loop
      vertex 14.4005 -42.4225 9
      vertex 11.5951 -43.2735 4
      vertex 14.4005 -42.4225 4
    endloop
  endfacet
  facet normal 0.849198 0.528075 0
    outer loop
      vertex 38.7979 22.4 9
      vertex 37.2498 24.8895 4
      vertex 37.2498 24.8895 9
    endloop
  endfacet
  facet normal 0.849198 0.528075 0
    outer loop
      vertex 37.2498 24.8895 4
      vertex 38.7979 22.4 9
      vertex 38.7979 22.4 4
    endloop
  endfacet
  facet normal 0.812852 -0.58247 0
    outer loop
      vertex 35.5422 -27.2725 9
      vertex 37.2498 -24.8895 4
      vertex 37.2498 -24.8895 9
    endloop
  endfacet
  facet normal 0.812852 -0.58247 0
    outer loop
      vertex 37.2498 -24.8895 4
      vertex 35.5422 -27.2725 9
      vertex 35.5422 -27.2725 4
    endloop
  endfacet
  facet normal 0.162879 0.986646 -0
    outer loop
      vertex 8.74005 43.9392 4
      vertex 5.84757 44.4167 9
      vertex 8.74005 43.9392 9
    endloop
  endfacet
  facet normal 0.162879 0.986646 0
    outer loop
      vertex 5.84757 44.4167 9
      vertex 8.74005 43.9392 4
      vertex 5.84757 44.4167 4
    endloop
  endfacet
  facet normal 0.995183 -0.0980341 0
    outer loop
      vertex 44.4167 -5.84757 9
      vertex 44.7041 -2.93006 4
      vertex 44.7041 -2.93006 9
    endloop
  endfacet
  facet normal 0.995183 -0.0980341 0
    outer loop
      vertex 44.7041 -2.93006 4
      vertex 44.4167 -5.84757 9
      vertex 44.4167 -5.84757 4
    endloop
  endfacet
  facet normal -0.634389 -0.773014 0
    outer loop
      vertex -29.5387 -33.6824 4
      vertex -27.2725 -35.5422 9
      vertex -29.5387 -33.6824 9
    endloop
  endfacet
  facet normal -0.634389 -0.773014 -0
    outer loop
      vertex -27.2725 -35.5422 9
      vertex -29.5387 -33.6824 4
      vertex -27.2725 -35.5422 4
    endloop
  endfacet
  facet normal 0.973877 -0.227075 0
    outer loop
      vertex 43.2735 -11.5951 9
      vertex 43.9392 -8.74005 4
      vertex 43.9392 -8.74005 9
    endloop
  endfacet
  facet normal 0.973877 -0.227075 0
    outer loop
      vertex 43.9392 -8.74005 4
      vertex 43.2735 -11.5951 9
      vertex 43.2735 -11.5951 4
    endloop
  endfacet
  facet normal 0.528075 0.849198 -0
    outer loop
      vertex 24.8895 37.2498 4
      vertex 22.4 38.7979 9
      vertex 24.8895 37.2498 9
    endloop
  endfacet
  facet normal 0.528075 0.849198 0
    outer loop
      vertex 22.4 38.7979 9
      vertex 24.8895 37.2498 4
      vertex 22.4 38.7979 4
    endloop
  endfacet
  facet normal -0.773014 0.634389 0
    outer loop
      vertex -35.5422 27.2725 4
      vertex -33.6824 29.5387 9
      vertex -33.6824 29.5387 4
    endloop
  endfacet
  facet normal -0.773014 0.634389 0
    outer loop
      vertex -33.6824 29.5387 9
      vertex -35.5422 27.2725 4
      vertex -35.5422 27.2725 9
    endloop
  endfacet
  facet normal 0.58247 -0.812852 0
    outer loop
      vertex 24.8895 -37.2498 4
      vertex 27.2725 -35.5422 9
      vertex 24.8895 -37.2498 9
    endloop
  endfacet
  facet normal 0.58247 -0.812852 0
    outer loop
      vertex 27.2725 -35.5422 9
      vertex 24.8895 -37.2498 4
      vertex 27.2725 -35.5422 4
    endloop
  endfacet
  facet normal -0.162879 -0.986646 0
    outer loop
      vertex -8.74005 -43.9392 4
      vertex -5.84757 -44.4167 9
      vertex -8.74005 -43.9392 9
    endloop
  endfacet
  facet normal -0.162879 -0.986646 -0
    outer loop
      vertex -5.84757 -44.4167 9
      vertex -8.74005 -43.9392 4
      vertex -5.84757 -44.4167 4
    endloop
  endfacet
  facet normal 0.729872 -0.683584 0
    outer loop
      vertex 31.6784 -31.6784 9
      vertex 33.6824 -29.5387 4
      vertex 33.6824 -29.5387 9
    endloop
  endfacet
  facet normal 0.729872 -0.683584 0
    outer loop
      vertex 33.6824 -29.5387 4
      vertex 31.6784 -31.6784 9
      vertex 31.6784 -31.6784 4
    endloop
  endfacet
  facet normal 0.683584 0.729872 -0
    outer loop
      vertex 31.6784 31.6784 4
      vertex 29.5387 33.6824 9
      vertex 31.6784 31.6784 9
    endloop
  endfacet
  facet normal 0.683584 0.729872 0
    outer loop
      vertex 29.5387 33.6824 9
      vertex 31.6784 31.6784 4
      vertex 29.5387 33.6824 4
    endloop
  endfacet
  facet normal -0.812852 0.58247 0
    outer loop
      vertex -37.2498 24.8895 4
      vertex -35.5422 27.2725 9
      vertex -35.5422 27.2725 4
    endloop
  endfacet
  facet normal -0.812852 0.58247 0
    outer loop
      vertex -35.5422 27.2725 9
      vertex -37.2498 24.8895 4
      vertex -37.2498 24.8895 9
    endloop
  endfacet
  facet normal 0.290282 0.956941 -0
    outer loop
      vertex 14.4005 42.4225 4
      vertex 11.5951 43.2735 9
      vertex 14.4005 42.4225 9
    endloop
  endfacet
  facet normal 0.290282 0.956941 0
    outer loop
      vertex 11.5951 43.2735 9
      vertex 14.4005 42.4225 4
      vertex 11.5951 43.2735 4
    endloop
  endfacet
  facet normal 0.352263 0.935901 -0
    outer loop
      vertex 17.1442 41.3898 4
      vertex 14.4005 42.4225 9
      vertex 17.1442 41.3898 9
    endloop
  endfacet
  facet normal 0.352263 0.935901 0
    outer loop
      vertex 14.4005 42.4225 9
      vertex 17.1442 41.3898 4
      vertex 14.4005 42.4225 4
    endloop
  endfacet
  facet normal -0.162879 0.986646 0
    outer loop
      vertex -5.84757 44.4167 4
      vertex -8.74005 43.9392 9
      vertex -5.84757 44.4167 9
    endloop
  endfacet
  facet normal -0.162879 0.986646 0
    outer loop
      vertex -8.74005 43.9392 9
      vertex -5.84757 44.4167 4
      vertex -8.74005 43.9392 4
    endloop
  endfacet
  facet normal 0.528075 -0.849198 0
    outer loop
      vertex 22.4 -38.7979 4
      vertex 24.8895 -37.2498 9
      vertex 22.4 -38.7979 9
    endloop
  endfacet
  facet normal 0.528075 -0.849198 0
    outer loop
      vertex 24.8895 -37.2498 9
      vertex 22.4 -38.7979 4
      vertex 24.8895 -37.2498 4
    endloop
  endfacet
  facet normal -0.58247 0.812852 0
    outer loop
      vertex -24.8895 37.2498 4
      vertex -27.2725 35.5422 9
      vertex -24.8895 37.2498 9
    endloop
  endfacet
  facet normal -0.58247 0.812852 0
    outer loop
      vertex -27.2725 35.5422 9
      vertex -24.8895 37.2498 4
      vertex -27.2725 35.5422 4
    endloop
  endfacet
  facet normal -0.995183 -0.0980341 0
    outer loop
      vertex -44.4167 -5.84757 4
      vertex -44.7041 -2.93006 9
      vertex -44.7041 -2.93006 4
    endloop
  endfacet
  facet normal -0.995183 -0.0980341 0
    outer loop
      vertex -44.7041 -2.93006 9
      vertex -44.4167 -5.84757 4
      vertex -44.4167 -5.84757 9
    endloop
  endfacet
  facet normal 0.729872 0.683584 0
    outer loop
      vertex 33.6824 29.5387 9
      vertex 31.6784 31.6784 4
      vertex 31.6784 31.6784 9
    endloop
  endfacet
  facet normal 0.729872 0.683584 0
    outer loop
      vertex 31.6784 31.6784 4
      vertex 33.6824 29.5387 9
      vertex 33.6824 29.5387 4
    endloop
  endfacet
  facet normal 0.352263 -0.935901 0
    outer loop
      vertex 14.4005 -42.4225 4
      vertex 17.1442 -41.3898 9
      vertex 14.4005 -42.4225 9
    endloop
  endfacet
  facet normal 0.352263 -0.935901 0
    outer loop
      vertex 17.1442 -41.3898 9
      vertex 14.4005 -42.4225 4
      vertex 17.1442 -41.3898 4
    endloop
  endfacet
  facet normal -0.881918 0.471402 0
    outer loop
      vertex -40.1799 19.8145 4
      vertex -38.7979 22.4 9
      vertex -38.7979 22.4 4
    endloop
  endfacet
  facet normal -0.881918 0.471402 0
    outer loop
      vertex -38.7979 22.4 9
      vertex -40.1799 19.8145 4
      vertex -40.1799 19.8145 9
    endloop
  endfacet
  facet normal -0.471402 -0.881918 0
    outer loop
      vertex -22.4 -38.7979 4
      vertex -19.8145 -40.1799 9
      vertex -22.4 -38.7979 9
    endloop
  endfacet
  facet normal -0.471402 -0.881918 -0
    outer loop
      vertex -19.8145 -40.1799 9
      vertex -22.4 -38.7979 4
      vertex -19.8145 -40.1799 4
    endloop
  endfacet
  facet normal 0.849198 -0.528075 0
    outer loop
      vertex 37.2498 -24.8895 9
      vertex 38.7979 -22.4 4
      vertex 38.7979 -22.4 9
    endloop
  endfacet
  facet normal 0.849198 -0.528075 0
    outer loop
      vertex 38.7979 -22.4 4
      vertex 37.2498 -24.8895 9
      vertex 37.2498 -24.8895 4
    endloop
  endfacet
  facet normal 0.881918 -0.471402 0
    outer loop
      vertex 38.7979 -22.4 9
      vertex 40.1799 -19.8145 4
      vertex 40.1799 -19.8145 9
    endloop
  endfacet
  facet normal 0.881918 -0.471402 0
    outer loop
      vertex 40.1799 -19.8145 4
      vertex 38.7979 -22.4 9
      vertex 38.7979 -22.4 4
    endloop
  endfacet
  facet normal -0.956941 -0.290282 0
    outer loop
      vertex -42.4225 -14.4005 4
      vertex -43.2735 -11.5951 9
      vertex -43.2735 -11.5951 4
    endloop
  endfacet
  facet normal -0.956941 -0.290282 0
    outer loop
      vertex -43.2735 -11.5951 9
      vertex -42.4225 -14.4005 4
      vertex -42.4225 -14.4005 9
    endloop
  endfacet
  facet normal -0.773014 -0.634389 0
    outer loop
      vertex -33.6824 -29.5387 4
      vertex -35.5422 -27.2725 9
      vertex -35.5422 -27.2725 4
    endloop
  endfacet
  facet normal -0.773014 -0.634389 0
    outer loop
      vertex -35.5422 -27.2725 9
      vertex -33.6824 -29.5387 4
      vertex -33.6824 -29.5387 9
    endloop
  endfacet
  facet normal -0.0980341 -0.995183 0
    outer loop
      vertex -5.84757 -44.4167 4
      vertex -2.93006 -44.7041 9
      vertex -5.84757 -44.4167 9
    endloop
  endfacet
  facet normal -0.0980341 -0.995183 -0
    outer loop
      vertex -2.93006 -44.7041 9
      vertex -5.84757 -44.4167 4
      vertex -2.93006 -44.7041 4
    endloop
  endfacet
  facet normal 0.683584 -0.729872 0
    outer loop
      vertex 29.5387 -33.6824 4
      vertex 31.6784 -31.6784 9
      vertex 29.5387 -33.6824 9
    endloop
  endfacet
  facet normal 0.683584 -0.729872 0
    outer loop
      vertex 31.6784 -31.6784 9
      vertex 29.5387 -33.6824 4
      vertex 31.6784 -31.6784 4
    endloop
  endfacet
  facet normal -0.910863 -0.412708 0
    outer loop
      vertex -40.1799 -19.8145 4
      vertex -41.3898 -17.1442 9
      vertex -41.3898 -17.1442 4
    endloop
  endfacet
  facet normal -0.910863 -0.412708 0
    outer loop
      vertex -41.3898 -17.1442 9
      vertex -40.1799 -19.8145 4
      vertex -40.1799 -19.8145 9
    endloop
  endfacet
  facet normal -0.58247 -0.812852 0
    outer loop
      vertex -27.2725 -35.5422 4
      vertex -24.8895 -37.2498 9
      vertex -27.2725 -35.5422 9
    endloop
  endfacet
  facet normal -0.58247 -0.812852 -0
    outer loop
      vertex -24.8895 -37.2498 9
      vertex -27.2725 -35.5422 4
      vertex -24.8895 -37.2498 4
    endloop
  endfacet
  facet normal -0.956941 0.290282 0
    outer loop
      vertex -43.2735 11.5951 4
      vertex -42.4225 14.4005 9
      vertex -42.4225 14.4005 4
    endloop
  endfacet
  facet normal -0.956941 0.290282 0
    outer loop
      vertex -42.4225 14.4005 9
      vertex -43.2735 11.5951 4
      vertex -43.2735 11.5951 9
    endloop
  endfacet
  facet normal 0.162879 -0.986646 0
    outer loop
      vertex 5.84757 -44.4167 4
      vertex 8.74005 -43.9392 9
      vertex 5.84757 -44.4167 9
    endloop
  endfacet
  facet normal 0.162879 -0.986646 0
    outer loop
      vertex 8.74005 -43.9392 9
      vertex 5.84757 -44.4167 4
      vertex 8.74005 -43.9392 4
    endloop
  endfacet
  facet normal -0.0327122 -0.999465 0
    outer loop
      vertex -2.93006 -44.7041 4
      vertex 0 -44.8 9
      vertex -2.93006 -44.7041 9
    endloop
  endfacet
  facet normal -0.0327122 -0.999465 -0
    outer loop
      vertex 0 -44.8 9
      vertex -2.93006 -44.7041 4
      vertex 0 -44.8 4
    endloop
  endfacet
  facet normal 0.956941 -0.290282 0
    outer loop
      vertex 42.4225 -14.4005 9
      vertex 43.2735 -11.5951 4
      vertex 43.2735 -11.5951 9
    endloop
  endfacet
  facet normal 0.956941 -0.290282 0
    outer loop
      vertex 43.2735 -11.5951 4
      vertex 42.4225 -14.4005 9
      vertex 42.4225 -14.4005 4
    endloop
  endfacet
  facet normal -0.729872 -0.683584 0
    outer loop
      vertex -31.6784 -31.6784 4
      vertex -33.6824 -29.5387 9
      vertex -33.6824 -29.5387 4
    endloop
  endfacet
  facet normal -0.729872 -0.683584 0
    outer loop
      vertex -33.6824 -29.5387 9
      vertex -31.6784 -31.6784 4
      vertex -31.6784 -31.6784 9
    endloop
  endfacet
  facet normal 0.773014 0.634389 0
    outer loop
      vertex 35.5422 27.2725 9
      vertex 33.6824 29.5387 4
      vertex 33.6824 29.5387 9
    endloop
  endfacet
  facet normal 0.773014 0.634389 0
    outer loop
      vertex 33.6824 29.5387 4
      vertex 35.5422 27.2725 9
      vertex 35.5422 27.2725 4
    endloop
  endfacet
  facet normal 0.935901 -0.352263 0
    outer loop
      vertex 41.3898 -17.1442 9
      vertex 42.4225 -14.4005 4
      vertex 42.4225 -14.4005 9
    endloop
  endfacet
  facet normal 0.935901 -0.352263 0
    outer loop
      vertex 42.4225 -14.4005 4
      vertex 41.3898 -17.1442 9
      vertex 41.3898 -17.1442 4
    endloop
  endfacet
  facet normal -0.0980341 0.995183 0
    outer loop
      vertex -2.93006 44.7041 4
      vertex -5.84757 44.4167 9
      vertex -2.93006 44.7041 9
    endloop
  endfacet
  facet normal -0.0980341 0.995183 0
    outer loop
      vertex -5.84757 44.4167 9
      vertex -2.93006 44.7041 4
      vertex -5.84757 44.4167 4
    endloop
  endfacet
  facet normal -0.986646 -0.162879 0
    outer loop
      vertex -43.9392 -8.74005 4
      vertex -44.4167 -5.84757 9
      vertex -44.4167 -5.84757 4
    endloop
  endfacet
  facet normal -0.986646 -0.162879 0
    outer loop
      vertex -44.4167 -5.84757 9
      vertex -43.9392 -8.74005 4
      vertex -43.9392 -8.74005 9
    endloop
  endfacet
  facet normal -0.227075 -0.973877 0
    outer loop
      vertex -11.5951 -43.2735 4
      vertex -8.74005 -43.9392 9
      vertex -11.5951 -43.2735 9
    endloop
  endfacet
  facet normal -0.227075 -0.973877 -0
    outer loop
      vertex -8.74005 -43.9392 9
      vertex -11.5951 -43.2735 4
      vertex -8.74005 -43.9392 4
    endloop
  endfacet
  facet normal 0.471402 -0.881918 0
    outer loop
      vertex 19.8145 -40.1799 4
      vertex 22.4 -38.7979 9
      vertex 19.8145 -40.1799 9
    endloop
  endfacet
  facet normal 0.471402 -0.881918 0
    outer loop
      vertex 22.4 -38.7979 9
      vertex 19.8145 -40.1799 4
      vertex 22.4 -38.7979 4
    endloop
  endfacet
  facet normal 0.227075 0.973877 -0
    outer loop
      vertex 11.5951 43.2735 4
      vertex 8.74005 43.9392 9
      vertex 11.5951 43.2735 9
    endloop
  endfacet
  facet normal 0.227075 0.973877 0
    outer loop
      vertex 8.74005 43.9392 9
      vertex 11.5951 43.2735 4
      vertex 8.74005 43.9392 4
    endloop
  endfacet
  facet normal 0 0 -1
    outer loop
      vertex 38.452 -0.487725 4
      vertex 44.8 0 4
      vertex 44.7041 -2.93006 4
    endloop
  endfacet
  facet normal 0 0 -1
    outer loop
      vertex 37.9834 -1.5219 4
      vertex 44.7041 -2.93006 4
      vertex 44.4167 -5.84757 4
    endloop
  endfacet
  facet normal 0 0 -1
    outer loop
      vertex 44.8 0 4
      vertex 38.452 -0.487725 4
      vertex 38.4786 -0.326315 4
    endloop
  endfacet
  facet normal 0 0 -1
    outer loop
      vertex 36.386 -4.79031 4
      vertex 44.4167 -5.84757 4
      vertex 43.9392 -8.74005 4
    endloop
  endfacet
  facet normal -0 0 -1
    outer loop
      vertex 44.8 0 4
      vertex 38.4946 -0.163507 4
      vertex 38.5 0 4
    endloop
  endfacet
  facet normal 0 0 -1
    outer loop
      vertex 35.9948 -7.15981 4
      vertex 43.9392 -8.74005 4
      vertex 43.2735 -11.5951 4
    endloop
  endfacet
  facet normal 0 0 -1
    outer loop
      vertex 38.4946 0.163507 4
      vertex 44.8 0 4
      vertex 38.5 0 4
    endloop
  endfacet
  facet normal 0 0 -1
    outer loop
      vertex 35.4495 -9.49866 4
      vertex 43.2735 -11.5951 4
      vertex 42.4225 -14.4005 4
    endloop
  endfacet
  facet normal 0 0 -1
    outer loop
      vertex 38.452 0.487725 4
      vertex 44.8 0 4
      vertex 38.4786 0.326315 4
    endloop
  endfacet
  facet normal 0 0 -1
    outer loop
      vertex 34.7523 -11.7968 4
      vertex 42.4225 -14.4005 4
      vertex 41.3898 -17.1442 4
    endloop
  endfacet
  facet normal 0 0 -1
    outer loop
      vertex 44.8 0 4
      vertex 38.452 0.487725 4
      vertex 44.7041 2.93006 4
    endloop
  endfacet
  facet normal 0 0 -1
    outer loop
      vertex 33.9064 -14.0445 4
      vertex 41.3898 -17.1442 4
      vertex 40.1799 -19.8145 4
    endloop
  endfacet
  facet normal 0 0 -1
    outer loop
      vertex 38.4148 0.647047 4
      vertex 44.7041 2.93006 4
      vertex 38.452 0.487725 4
    endloop
  endfacet
  facet normal 0 0 -1
    outer loop
      vertex 32.9152 -16.232 4
      vertex 40.1799 -19.8145 4
      vertex 38.7979 -22.4 4
    endloop
  endfacet
  facet normal 0 0 -1
    outer loop
      vertex 38.3097 0.956708 4
      vertex 44.7041 2.93006 4
      vertex 38.3673 0.803598 4
    endloop
  endfacet
  facet normal 0 0 -1
    outer loop
      vertex 38.2422 1.10572 4
      vertex 44.7041 2.93006 4
      vertex 38.3097 0.956708 4
    endloop
  endfacet
  facet normal 0 0 -1
    outer loop
      vertex 38.3673 0.803598 4
      vertex 44.7041 2.93006 4
      vertex 38.4148 0.647047 4
    endloop
  endfacet
  facet normal 0 0 -1
    outer loop
      vertex 38.4786 0.326315 4
      vertex 44.8 0 4
      vertex 38.4946 0.163507 4
    endloop
  endfacet
  facet normal 0 0 -1
    outer loop
      vertex 44.8 0 4
      vertex 38.4786 -0.326315 4
      vertex 38.4946 -0.163507 4
    endloop
  endfacet
  facet normal 0 0 -1
    outer loop
      vertex 44.7041 -2.93006 4
      vertex 38.4148 -0.647047 4
      vertex 38.452 -0.487725 4
    endloop
  endfacet
  facet normal 0 0 -1
    outer loop
      vertex 44.7041 -2.93006 4
      vertex 38.3673 -0.803598 4
      vertex 38.4148 -0.647047 4
    endloop
  endfacet
  facet normal 0 0 -1
    outer loop
      vertex 44.7041 -2.93006 4
      vertex 38.3097 -0.956708 4
      vertex 38.3673 -0.803598 4
    endloop
  endfacet
  facet normal 0 0 -1
    outer loop
      vertex 44.7041 -2.93006 4
      vertex 38.2422 -1.10572 4
      vertex 38.3097 -0.956708 4
    endloop
  endfacet
  facet normal 0 0 -1
    outer loop
      vertex 44.7041 -2.93006 4
      vertex 38.1651 -1.25 4
      vertex 38.2422 -1.10572 4
    endloop
  endfacet
  facet normal 0 0 -1
    outer loop
      vertex 43.9392 -8.74005 4
      vertex 35.9948 -7.15981 4
      vertex 36.386 -4.79031 4
    endloop
  endfacet
  facet normal 0 0 -1
    outer loop
      vertex 44.7041 -2.93006 4
      vertex 38.0787 -1.38893 4
      vertex 38.1651 -1.25 4
    endloop
  endfacet
  facet normal 0 0 -1
    outer loop
      vertex 44.7041 -2.93006 4
      vertex 37.9834 -1.5219 4
      vertex 38.0787 -1.38893 4
    endloop
  endfacet
  facet normal 0 -0 -1
    outer loop
      vertex 37.6484 -1.8796 4
      vertex 44.4167 -5.84757 4
      vertex 36.386 -4.79031 4
    endloop
  endfacet
  facet normal 0 0 -1
    outer loop
      vertex 44.4167 -5.84757 4
      vertex 37.8796 -1.64836 4
      vertex 37.9834 -1.5219 4
    endloop
  endfacet
  facet normal 0 0 -1
    outer loop
      vertex 44.4167 -5.84757 4
      vertex 37.7678 -1.76777 4
      vertex 37.8796 -1.64836 4
    endloop
  endfacet
  facet normal 0 0 -1
    outer loop
      vertex 44.4167 -5.84757 4
      vertex 37.6484 -1.8796 4
      vertex 37.7678 -1.76777 4
    endloop
  endfacet
  facet normal 0 0 -1
    outer loop
      vertex 37.6484 -1.8796 4
      vertex 36.386 -4.79031 4
      vertex 37.5219 -1.98338 4
    endloop
  endfacet
  facet normal 0 0 -1
    outer loop
      vertex 31.7831 -18.35 4
      vertex 38.7979 -22.4 4
      vertex 37.2498 -24.8895 4
    endloop
  endfacet
  facet normal 0 0 -1
    outer loop
      vertex 37.5219 -1.98338 4
      vertex 36.386 -4.79031 4
      vertex 37.3889 -2.07867 4
    endloop
  endfacet
  facet normal 0 0 -1
    outer loop
      vertex 37.3889 -2.07867 4
      vertex 36.386 -4.79031 4
      vertex 37.25 -2.16506 4
    endloop
  endfacet
  facet normal 0 0 -1
    outer loop
      vertex 37.1057 -2.24218 4
      vertex 36.386 -4.79031 4
      vertex 36.9567 -2.3097 4
    endloop
  endfacet
  facet normal 0 0 -1
    outer loop
      vertex 36.9567 -2.3097 4
      vertex 36.386 -4.79031 4
      vertex 36.8036 -2.36732 4
    endloop
  endfacet
  facet normal 0 0 -1
    outer loop
      vertex 36.8036 -2.36732 4
      vertex 36.386 -4.79031 4
      vertex 36.647 -2.41481 4
    endloop
  endfacet
  facet normal 0 0 -1
    outer loop
      vertex 36.647 -2.41481 4
      vertex 36.386 -4.79031 4
      vertex 36.6194 -2.42127 4
    endloop
  endfacet
  facet normal 0 0 -1
    outer loop
      vertex 37.25 -2.16506 4
      vertex 36.386 -4.79031 4
      vertex 37.1057 -2.24218 4
    endloop
  endfacet
  facet normal 0 0 -1
    outer loop
      vertex 30.5149 -20.3894 4
      vertex 37.2498 -24.8895 4
      vertex 35.5422 -27.2725 4
    endloop
  endfacet
  facet normal 0 0 -1
    outer loop
      vertex 43.2735 -11.5951 4
      vertex 35.4495 -9.49866 4
      vertex 35.9948 -7.15981 4
    endloop
  endfacet
  facet normal 0 0 -1
    outer loop
      vertex 42.4225 -14.4005 4
      vertex 34.7523 -11.7968 4
      vertex 35.4495 -9.49866 4
    endloop
  endfacet
  facet normal 0 0 -1
    outer loop
      vertex 41.3898 -17.1442 4
      vertex 33.9064 -14.0445 4
      vertex 34.7523 -11.7968 4
    endloop
  endfacet
  facet normal 0 0 -1
    outer loop
      vertex 29.1161 -22.3415 4
      vertex 35.5422 -27.2725 4
      vertex 33.6824 -29.5387 4
    endloop
  endfacet
  facet normal 0 0 -1
    outer loop
      vertex 40.1799 -19.8145 4
      vertex 32.9152 -16.232 4
      vertex 33.9064 -14.0445 4
    endloop
  endfacet
  facet normal 0 0 -1
    outer loop
      vertex 38.7979 -22.4 4
      vertex 31.7831 -18.35 4
      vertex 32.9152 -16.232 4
    endloop
  endfacet
  facet normal 0 0 -1
    outer loop
      vertex 27.5925 -24.198 4
      vertex 33.6824 -29.5387 4
      vertex 31.6784 -31.6784 4
    endloop
  endfacet
  facet normal 0 0 -1
    outer loop
      vertex 37.2498 -24.8895 4
      vertex 30.5149 -20.3894 4
      vertex 31.7831 -18.35 4
    endloop
  endfacet
  facet normal 0 0 -1
    outer loop
      vertex 25.9508 -25.9508 4
      vertex 31.6784 -31.6784 4
      vertex 29.5387 -33.6824 4
    endloop
  endfacet
  facet normal 0 0 -1
    outer loop
      vertex 35.5422 -27.2725 4
      vertex 29.1161 -22.3415 4
      vertex 30.5149 -20.3894 4
    endloop
  endfacet
  facet normal 0 0 -1
    outer loop
      vertex 33.6824 -29.5387 4
      vertex 27.5925 -24.198 4
      vertex 29.1161 -22.3415 4
    endloop
  endfacet
  facet normal 0 0 -1
    outer loop
      vertex 24.198 -27.5925 4
      vertex 29.5387 -33.6824 4
      vertex 27.2725 -35.5422 4
    endloop
  endfacet
  facet normal 0 0 -1
    outer loop
      vertex 31.6784 -31.6784 4
      vertex 25.9508 -25.9508 4
      vertex 27.5925 -24.198 4
    endloop
  endfacet
  facet normal 0 0 -1
    outer loop
      vertex 22.3415 -29.1161 4
      vertex 27.2725 -35.5422 4
      vertex 24.8895 -37.2498 4
    endloop
  endfacet
  facet normal 0 0 -1
    outer loop
      vertex 29.5387 -33.6824 4
      vertex 24.198 -27.5925 4
      vertex 25.9508 -25.9508 4
    endloop
  endfacet
  facet normal 0 0 -1
    outer loop
      vertex 20.3894 -30.5149 4
      vertex 24.8895 -37.2498 4
      vertex 22.4 -38.7979 4
    endloop
  endfacet
  facet normal 0 0 -1
    outer loop
      vertex 27.2725 -35.5422 4
      vertex 22.3415 -29.1161 4
      vertex 24.198 -27.5925 4
    endloop
  endfacet
  facet normal 0 0 -1
    outer loop
      vertex 24.8895 -37.2498 4
      vertex 20.3894 -30.5149 4
      vertex 22.3415 -29.1161 4
    endloop
  endfacet
  facet normal 0 0 -1
    outer loop
      vertex 18.35 -31.7831 4
      vertex 22.4 -38.7979 4
      vertex 19.8145 -40.1799 4
    endloop
  endfacet
  facet normal 0 0 -1
    outer loop
      vertex 22.4 -38.7979 4
      vertex 18.35 -31.7831 4
      vertex 20.3894 -30.5149 4
    endloop
  endfacet
  facet normal 0 0 -1
    outer loop
      vertex 16.232 -32.9152 4
      vertex 19.8145 -40.1799 4
      vertex 17.1442 -41.3898 4
    endloop
  endfacet
  facet normal 0 0 -1
    outer loop
      vertex 19.8145 -40.1799 4
      vertex 16.232 -32.9152 4
      vertex 18.35 -31.7831 4
    endloop
  endfacet
  facet normal 0 0 -1
    outer loop
      vertex 14.0445 -33.9064 4
      vertex 17.1442 -41.3898 4
      vertex 14.4005 -42.4225 4
    endloop
  endfacet
  facet normal 0 0 -1
    outer loop
      vertex 17.1442 -41.3898 4
      vertex 14.0445 -33.9064 4
      vertex 16.232 -32.9152 4
    endloop
  endfacet
  facet normal 0 0 -1
    outer loop
      vertex 14.4005 -42.4225 4
      vertex 11.7968 -34.7523 4
      vertex 14.0445 -33.9064 4
    endloop
  endfacet
  facet normal 0 0 -1
    outer loop
      vertex 11.5951 -43.2735 4
      vertex 11.7968 -34.7523 4
      vertex 14.4005 -42.4225 4
    endloop
  endfacet
  facet normal 0 0 -1
    outer loop
      vertex 11.5951 -43.2735 4
      vertex 9.49866 -35.4495 4
      vertex 11.7968 -34.7523 4
    endloop
  endfacet
  facet normal 0 0 -1
    outer loop
      vertex 8.74005 -43.9392 4
      vertex 9.49866 -35.4495 4
      vertex 11.5951 -43.2735 4
    endloop
  endfacet
  facet normal 0 0 -1
    outer loop
      vertex 8.74005 -43.9392 4
      vertex 7.15981 -35.9948 4
      vertex 9.49866 -35.4495 4
    endloop
  endfacet
  facet normal 0 0 -1
    outer loop
      vertex 5.84757 -44.4167 4
      vertex 7.15981 -35.9948 4
      vertex 8.74005 -43.9392 4
    endloop
  endfacet
  facet normal 0 0 -1
    outer loop
      vertex 5.84757 -44.4167 4
      vertex 4.79031 -36.386 4
      vertex 7.15981 -35.9948 4
    endloop
  endfacet
  facet normal 0 0 -1
    outer loop
      vertex 2.93006 -44.7041 4
      vertex 4.79031 -36.386 4
      vertex 5.84757 -44.4167 4
    endloop
  endfacet
  facet normal 0 0 -1
    outer loop
      vertex 2.93006 -44.7041 4
      vertex 2.40029 -36.6214 4
      vertex 4.79031 -36.386 4
    endloop
  endfacet
  facet normal 0 0 -1
    outer loop
      vertex 0 -44.8 4
      vertex 2.40029 -36.6214 4
      vertex 2.93006 -44.7041 4
    endloop
  endfacet
  facet normal 0 0 -1
    outer loop
      vertex 0 -44.8 4
      vertex 0 -36.7 4
      vertex 2.40029 -36.6214 4
    endloop
  endfacet
  facet normal 0 0 -1
    outer loop
      vertex 0 -44.8 4
      vertex -2.40029 -36.6214 4
      vertex 0 -36.7 4
    endloop
  endfacet
  facet normal 0 0 -1
    outer loop
      vertex -2.93006 -44.7041 4
      vertex -2.40029 -36.6214 4
      vertex 0 -44.8 4
    endloop
  endfacet
  facet normal 0 0 -1
    outer loop
      vertex -2.93006 -44.7041 4
      vertex -4.79031 -36.386 4
      vertex -2.40029 -36.6214 4
    endloop
  endfacet
  facet normal 0 0 -1
    outer loop
      vertex -5.84757 -44.4167 4
      vertex -4.79031 -36.386 4
      vertex -2.93006 -44.7041 4
    endloop
  endfacet
  facet normal 0 0 -1
    outer loop
      vertex -5.84757 -44.4167 4
      vertex -7.15981 -35.9948 4
      vertex -4.79031 -36.386 4
    endloop
  endfacet
  facet normal 0 0 -1
    outer loop
      vertex -8.74005 -43.9392 4
      vertex -7.15981 -35.9948 4
      vertex -5.84757 -44.4167 4
    endloop
  endfacet
  facet normal 0 0 -1
    outer loop
      vertex -8.74005 -43.9392 4
      vertex -9.49866 -35.4495 4
      vertex -7.15981 -35.9948 4
    endloop
  endfacet
  facet normal 0 0 -1
    outer loop
      vertex -11.5951 -43.2735 4
      vertex -9.49866 -35.4495 4
      vertex -8.74005 -43.9392 4
    endloop
  endfacet
  facet normal 0 0 -1
    outer loop
      vertex -11.5951 -43.2735 4
      vertex -11.7968 -34.7523 4
      vertex -9.49866 -35.4495 4
    endloop
  endfacet
  facet normal 0 0 -1
    outer loop
      vertex -14.4005 -42.4225 4
      vertex -11.7968 -34.7523 4
      vertex -11.5951 -43.2735 4
    endloop
  endfacet
  facet normal -0 0 -1
    outer loop
      vertex -11.7968 -34.7523 4
      vertex -14.4005 -42.4225 4
      vertex -14.0445 -33.9064 4
    endloop
  endfacet
  facet normal 0 0 -1
    outer loop
      vertex -17.1442 -41.3898 4
      vertex -14.0445 -33.9064 4
      vertex -14.4005 -42.4225 4
    endloop
  endfacet
  facet normal -0 0 -1
    outer loop
      vertex -14.0445 -33.9064 4
      vertex -17.1442 -41.3898 4
      vertex -16.232 -32.9152 4
    endloop
  endfacet
  facet normal 0 0 -1
    outer loop
      vertex -19.8145 -40.1799 4
      vertex -16.232 -32.9152 4
      vertex -17.1442 -41.3898 4
    endloop
  endfacet
  facet normal -0 0 -1
    outer loop
      vertex -16.232 -32.9152 4
      vertex -19.8145 -40.1799 4
      vertex -18.35 -31.7831 4
    endloop
  endfacet
  facet normal 0 0 -1
    outer loop
      vertex -22.4 -38.7979 4
      vertex -18.35 -31.7831 4
      vertex -19.8145 -40.1799 4
    endloop
  endfacet
  facet normal -0 0 -1
    outer loop
      vertex -18.35 -31.7831 4
      vertex -22.4 -38.7979 4
      vertex -20.3894 -30.5149 4
    endloop
  endfacet
  facet normal 0 0 -1
    outer loop
      vertex -24.8895 -37.2498 4
      vertex -20.3894 -30.5149 4
      vertex -22.4 -38.7979 4
    endloop
  endfacet
  facet normal -0 0 -1
    outer loop
      vertex -20.3894 -30.5149 4
      vertex -24.8895 -37.2498 4
      vertex -22.3415 -29.1161 4
    endloop
  endfacet
  facet normal 0 0 -1
    outer loop
      vertex -27.2725 -35.5422 4
      vertex -22.3415 -29.1161 4
      vertex -24.8895 -37.2498 4
    endloop
  endfacet
  facet normal -0 0 -1
    outer loop
      vertex -22.3415 -29.1161 4
      vertex -27.2725 -35.5422 4
      vertex -24.198 -27.5925 4
    endloop
  endfacet
  facet normal 0 0 -1
    outer loop
      vertex -29.5387 -33.6824 4
      vertex -24.198 -27.5925 4
      vertex -27.2725 -35.5422 4
    endloop
  endfacet
  facet normal -0 0 -1
    outer loop
      vertex -24.198 -27.5925 4
      vertex -29.5387 -33.6824 4
      vertex -25.9508 -25.9508 4
    endloop
  endfacet
  facet normal 0 0 -1
    outer loop
      vertex -31.6784 -31.6784 4
      vertex -25.9508 -25.9508 4
      vertex -29.5387 -33.6824 4
    endloop
  endfacet
  facet normal -0 0 -1
    outer loop
      vertex -25.9508 -25.9508 4
      vertex -31.6784 -31.6784 4
      vertex -27.5925 -24.198 4
    endloop
  endfacet
  facet normal 0 0 -1
    outer loop
      vertex -33.6824 -29.5387 4
      vertex -27.5925 -24.198 4
      vertex -31.6784 -31.6784 4
    endloop
  endfacet
  facet normal -0 0 -1
    outer loop
      vertex -27.5925 -24.198 4
      vertex -33.6824 -29.5387 4
      vertex -29.1161 -22.3415 4
    endloop
  endfacet
  facet normal 0 0 -1
    outer loop
      vertex -35.5422 -27.2725 4
      vertex -29.1161 -22.3415 4
      vertex -33.6824 -29.5387 4
    endloop
  endfacet
  facet normal -0 0 -1
    outer loop
      vertex -29.1161 -22.3415 4
      vertex -35.5422 -27.2725 4
      vertex -30.5149 -20.3894 4
    endloop
  endfacet
  facet normal 0 0 -1
    outer loop
      vertex -37.2498 -24.8895 4
      vertex -30.5149 -20.3894 4
      vertex -35.5422 -27.2725 4
    endloop
  endfacet
  facet normal -0 0 -1
    outer loop
      vertex -30.5149 -20.3894 4
      vertex -37.2498 -24.8895 4
      vertex -31.7831 -18.35 4
    endloop
  endfacet
  facet normal 0 0 -1
    outer loop
      vertex -38.7979 -22.4 4
      vertex -31.7831 -18.35 4
      vertex -37.2498 -24.8895 4
    endloop
  endfacet
  facet normal -0 0 -1
    outer loop
      vertex -31.7831 -18.35 4
      vertex -38.7979 -22.4 4
      vertex -32.9152 -16.232 4
    endloop
  endfacet
  facet normal 0 0 -1
    outer loop
      vertex -40.1799 -19.8145 4
      vertex -32.9152 -16.232 4
      vertex -38.7979 -22.4 4
    endloop
  endfacet
  facet normal -0 0 -1
    outer loop
      vertex -32.9152 -16.232 4
      vertex -40.1799 -19.8145 4
      vertex -33.9064 -14.0445 4
    endloop
  endfacet
  facet normal 0 0 -1
    outer loop
      vertex -41.3898 -17.1442 4
      vertex -33.9064 -14.0445 4
      vertex -40.1799 -19.8145 4
    endloop
  endfacet
  facet normal -0 0 -1
    outer loop
      vertex -33.9064 -14.0445 4
      vertex -41.3898 -17.1442 4
      vertex -34.7523 -11.7968 4
    endloop
  endfacet
  facet normal 0 0 -1
    outer loop
      vertex -42.4225 -14.4005 4
      vertex -34.7523 -11.7968 4
      vertex -41.3898 -17.1442 4
    endloop
  endfacet
  facet normal -0 0 -1
    outer loop
      vertex -34.7523 -11.7968 4
      vertex -42.4225 -14.4005 4
      vertex -35.4495 -9.49866 4
    endloop
  endfacet
  facet normal 0 0 -1
    outer loop
      vertex -43.2735 -11.5951 4
      vertex -35.4495 -9.49866 4
      vertex -42.4225 -14.4005 4
    endloop
  endfacet
  facet normal -0 0 -1
    outer loop
      vertex -35.4495 -9.49866 4
      vertex -43.2735 -11.5951 4
      vertex -35.9948 -7.15981 4
    endloop
  endfacet
  facet normal 0 0 -1
    outer loop
      vertex -43.9392 -8.74005 4
      vertex -35.9948 -7.15981 4
      vertex -43.2735 -11.5951 4
    endloop
  endfacet
  facet normal -0 0 -1
    outer loop
      vertex -35.9948 -7.15981 4
      vertex -43.9392 -8.74005 4
      vertex -36.386 -4.79031 4
    endloop
  endfacet
  facet normal 0 0 -1
    outer loop
      vertex -44.4167 -5.84757 4
      vertex -36.386 -4.79031 4
      vertex -43.9392 -8.74005 4
    endloop
  endfacet
  facet normal 0 0 -1
    outer loop
      vertex -36.386 -4.79031 4
      vertex -36.647 -2.41481 4
      vertex -36.6194 -2.42127 4
    endloop
  endfacet
  facet normal 0 0 -1
    outer loop
      vertex -36.386 -4.79031 4
      vertex -36.8036 -2.36732 4
      vertex -36.647 -2.41481 4
    endloop
  endfacet
  facet normal 0 0 -1
    outer loop
      vertex -36.386 -4.79031 4
      vertex -36.9567 -2.3097 4
      vertex -36.8036 -2.36732 4
    endloop
  endfacet
  facet normal 0 0 -1
    outer loop
      vertex -36.386 -4.79031 4
      vertex -37.1057 -2.24218 4
      vertex -36.9567 -2.3097 4
    endloop
  endfacet
  facet normal 0 0 -1
    outer loop
      vertex -36.386 -4.79031 4
      vertex -37.25 -2.16506 4
      vertex -37.1057 -2.24218 4
    endloop
  endfacet
  facet normal 0 -0 -1
    outer loop
      vertex -37.6484 -1.8796 4
      vertex -36.386 -4.79031 4
      vertex -44.4167 -5.84757 4
    endloop
  endfacet
  facet normal 0 0 -1
    outer loop
      vertex -36.386 -4.79031 4
      vertex -37.3889 -2.07867 4
      vertex -37.25 -2.16506 4
    endloop
  endfacet
  facet normal 0 0 -1
    outer loop
      vertex -36.386 -4.79031 4
      vertex -37.5219 -1.98338 4
      vertex -37.3889 -2.07867 4
    endloop
  endfacet
  facet normal 0 0 -1
    outer loop
      vertex -36.386 -4.79031 4
      vertex -37.6484 -1.8796 4
      vertex -37.5219 -1.98338 4
    endloop
  endfacet
  facet normal -0 0 -1
    outer loop
      vertex -37.6484 -1.8796 4
      vertex -44.4167 -5.84757 4
      vertex -37.7678 -1.76777 4
    endloop
  endfacet
  facet normal -0 0 -1
    outer loop
      vertex -37.7678 -1.76777 4
      vertex -44.4167 -5.84757 4
      vertex -37.8796 -1.64836 4
    endloop
  endfacet
  facet normal -0 0 -1
    outer loop
      vertex -37.8796 -1.64836 4
      vertex -44.4167 -5.84757 4
      vertex -37.9834 -1.5219 4
    endloop
  endfacet
  facet normal 0 0 -1
    outer loop
      vertex -44.7041 -2.93006 4
      vertex -37.9834 -1.5219 4
      vertex -44.4167 -5.84757 4
    endloop
  endfacet
  facet normal -0 0 -1
    outer loop
      vertex -37.9834 -1.5219 4
      vertex -44.7041 -2.93006 4
      vertex -38.0787 -1.38893 4
    endloop
  endfacet
  facet normal -0 0 -1
    outer loop
      vertex -38.1651 -1.25 4
      vertex -44.7041 -2.93006 4
      vertex -38.2422 -1.10572 4
    endloop
  endfacet
  facet normal -0 0 -1
    outer loop
      vertex -38.0787 -1.38893 4
      vertex -44.7041 -2.93006 4
      vertex -38.1651 -1.25 4
    endloop
  endfacet
  facet normal 0 0 -1
    outer loop
      vertex 38.1651 1.25 4
      vertex 44.7041 2.93006 4
      vertex 38.2422 1.10572 4
    endloop
  endfacet
  facet normal 0 0 -1
    outer loop
      vertex 38.0787 1.38893 4
      vertex 44.7041 2.93006 4
      vertex 38.1651 1.25 4
    endloop
  endfacet
  facet normal 0 0 -1
    outer loop
      vertex 37.9834 1.5219 4
      vertex 44.7041 2.93006 4
      vertex 38.0787 1.38893 4
    endloop
  endfacet
  facet normal -0 0 -1
    outer loop
      vertex 44.7041 2.93006 4
      vertex 37.9834 1.5219 4
      vertex 44.4167 5.84757 4
    endloop
  endfacet
  facet normal 0 0 -1
    outer loop
      vertex 37.8796 1.64836 4
      vertex 44.4167 5.84757 4
      vertex 37.9834 1.5219 4
    endloop
  endfacet
  facet normal 0 0 -1
    outer loop
      vertex 37.7678 1.76777 4
      vertex 44.4167 5.84757 4
      vertex 37.8796 1.64836 4
    endloop
  endfacet
  facet normal 0 0 -1
    outer loop
      vertex 37.6484 1.8796 4
      vertex 44.4167 5.84757 4
      vertex 37.7678 1.76777 4
    endloop
  endfacet
  facet normal 0 0 -1
    outer loop
      vertex 34.7523 11.7968 4
      vertex 42.4225 14.4005 4
      vertex 35.4495 9.49866 4
    endloop
  endfacet
  facet normal -0 0 -1
    outer loop
      vertex 43.2735 11.5951 4
      vertex 35.4495 9.49866 4
      vertex 42.4225 14.4005 4
    endloop
  endfacet
  facet normal -0 0 -1
    outer loop
      vertex 43.9392 8.74005 4
      vertex 35.9948 7.15981 4
      vertex 43.2735 11.5951 4
    endloop
  endfacet
  facet normal 0 0 -1
    outer loop
      vertex 35.9948 7.15981 4
      vertex 43.9392 8.74005 4
      vertex 36.386 4.79031 4
    endloop
  endfacet
  facet normal -0 0 -1
    outer loop
      vertex 44.4167 5.84757 4
      vertex 36.386 4.79031 4
      vertex 43.9392 8.74005 4
    endloop
  endfacet
  facet normal 0 0 -1
    outer loop
      vertex 44.4167 5.84757 4
      vertex 37.6484 1.8796 4
      vertex 36.386 4.79031 4
    endloop
  endfacet
  facet normal 0 0 -1
    outer loop
      vertex 36.386 4.79031 4
      vertex 37.6484 1.8796 4
      vertex 37.5219 1.98338 4
    endloop
  endfacet
  facet normal 0 0 -1
    outer loop
      vertex 36.386 4.79031 4
      vertex 37.5219 1.98338 4
      vertex 37.3889 2.07867 4
    endloop
  endfacet
  facet normal 0 0 -1
    outer loop
      vertex 36.386 4.79031 4
      vertex 37.3889 2.07867 4
      vertex 37.25 2.16506 4
    endloop
  endfacet
  facet normal -0 0 -1
    outer loop
      vertex 42.4225 14.4005 4
      vertex 34.7523 11.7968 4
      vertex 41.3898 17.1442 4
    endloop
  endfacet
  facet normal 0 0 -1
    outer loop
      vertex 36.386 4.79031 4
      vertex 37.25 2.16506 4
      vertex 37.1057 2.24218 4
    endloop
  endfacet
  facet normal 0 0 -1
    outer loop
      vertex 36.386 4.79031 4
      vertex 37.1057 2.24218 4
      vertex 36.9567 2.3097 4
    endloop
  endfacet
  facet normal 0 0 -1
    outer loop
      vertex 36.386 4.79031 4
      vertex 36.9567 2.3097 4
      vertex 36.8036 2.36732 4
    endloop
  endfacet
  facet normal 0 0 -1
    outer loop
      vertex 36.386 4.79031 4
      vertex 36.8036 2.36732 4
      vertex 36.647 2.41481 4
    endloop
  endfacet
  facet normal 0 0 -1
    outer loop
      vertex 36.386 4.79031 4
      vertex 36.647 2.41481 4
      vertex 36.6194 2.42127 4
    endloop
  endfacet
  facet normal 0 0 -1
    outer loop
      vertex 35.4495 9.49866 4
      vertex 43.2735 11.5951 4
      vertex 35.9948 7.15981 4
    endloop
  endfacet
  facet normal 0 0 -1
    outer loop
      vertex 33.9064 14.0445 4
      vertex 41.3898 17.1442 4
      vertex 34.7523 11.7968 4
    endloop
  endfacet
  facet normal -0 0 -1
    outer loop
      vertex 41.3898 17.1442 4
      vertex 33.9064 14.0445 4
      vertex 40.1799 19.8145 4
    endloop
  endfacet
  facet normal 0 0 -1
    outer loop
      vertex 32.9152 16.232 4
      vertex 40.1799 19.8145 4
      vertex 33.9064 14.0445 4
    endloop
  endfacet
  facet normal -0 0 -1
    outer loop
      vertex 40.1799 19.8145 4
      vertex 32.9152 16.232 4
      vertex 38.7979 22.4 4
    endloop
  endfacet
  facet normal 0 0 -1
    outer loop
      vertex 31.7831 18.35 4
      vertex 38.7979 22.4 4
      vertex 32.9152 16.232 4
    endloop
  endfacet
  facet normal -0 0 -1
    outer loop
      vertex 38.7979 22.4 4
      vertex 31.7831 18.35 4
      vertex 37.2498 24.8895 4
    endloop
  endfacet
  facet normal 0 0 -1
    outer loop
      vertex 30.5149 20.3894 4
      vertex 37.2498 24.8895 4
      vertex 31.7831 18.35 4
    endloop
  endfacet
  facet normal -0 0 -1
    outer loop
      vertex 37.2498 24.8895 4
      vertex 30.5149 20.3894 4
      vertex 35.5422 27.2725 4
    endloop
  endfacet
  facet normal 0 0 -1
    outer loop
      vertex 29.1161 22.3415 4
      vertex 35.5422 27.2725 4
      vertex 30.5149 20.3894 4
    endloop
  endfacet
  facet normal -0 0 -1
    outer loop
      vertex 35.5422 27.2725 4
      vertex 29.1161 22.3415 4
      vertex 33.6824 29.5387 4
    endloop
  endfacet
  facet normal 0 0 -1
    outer loop
      vertex 27.5925 24.198 4
      vertex 33.6824 29.5387 4
      vertex 29.1161 22.3415 4
    endloop
  endfacet
  facet normal -0 0 -1
    outer loop
      vertex 33.6824 29.5387 4
      vertex 27.5925 24.198 4
      vertex 31.6784 31.6784 4
    endloop
  endfacet
  facet normal 0 0 -1
    outer loop
      vertex 25.9508 25.9508 4
      vertex 31.6784 31.6784 4
      vertex 27.5925 24.198 4
    endloop
  endfacet
  facet normal -0 0 -1
    outer loop
      vertex 31.6784 31.6784 4
      vertex 25.9508 25.9508 4
      vertex 29.5387 33.6824 4
    endloop
  endfacet
  facet normal 0 0 -1
    outer loop
      vertex 24.198 27.5925 4
      vertex 29.5387 33.6824 4
      vertex 25.9508 25.9508 4
    endloop
  endfacet
  facet normal -0 0 -1
    outer loop
      vertex 29.5387 33.6824 4
      vertex 24.198 27.5925 4
      vertex 27.2725 35.5422 4
    endloop
  endfacet
  facet normal 0 0 -1
    outer loop
      vertex 22.3415 29.1161 4
      vertex 27.2725 35.5422 4
      vertex 24.198 27.5925 4
    endloop
  endfacet
  facet normal -0 0 -1
    outer loop
      vertex 27.2725 35.5422 4
      vertex 22.3415 29.1161 4
      vertex 24.8895 37.2498 4
    endloop
  endfacet
  facet normal 0 0 -1
    outer loop
      vertex 20.3894 30.5149 4
      vertex 24.8895 37.2498 4
      vertex 22.3415 29.1161 4
    endloop
  endfacet
  facet normal -0 0 -1
    outer loop
      vertex 24.8895 37.2498 4
      vertex 20.3894 30.5149 4
      vertex 22.4 38.7979 4
    endloop
  endfacet
  facet normal 0 0 -1
    outer loop
      vertex 18.35 31.7831 4
      vertex 22.4 38.7979 4
      vertex 20.3894 30.5149 4
    endloop
  endfacet
  facet normal -0 0 -1
    outer loop
      vertex 22.4 38.7979 4
      vertex 18.35 31.7831 4
      vertex 19.8145 40.1799 4
    endloop
  endfacet
  facet normal 0 0 -1
    outer loop
      vertex 16.232 32.9152 4
      vertex 19.8145 40.1799 4
      vertex 18.35 31.7831 4
    endloop
  endfacet
  facet normal -0 0 -1
    outer loop
      vertex 19.8145 40.1799 4
      vertex 16.232 32.9152 4
      vertex 17.1442 41.3898 4
    endloop
  endfacet
  facet normal 0 0 -1
    outer loop
      vertex 14.0445 33.9064 4
      vertex 17.1442 41.3898 4
      vertex 16.232 32.9152 4
    endloop
  endfacet
  facet normal -0 0 -1
    outer loop
      vertex 17.1442 41.3898 4
      vertex 14.0445 33.9064 4
      vertex 14.4005 42.4225 4
    endloop
  endfacet
  facet normal 0 0 -1
    outer loop
      vertex 11.7968 34.7523 4
      vertex 14.4005 42.4225 4
      vertex 14.0445 33.9064 4
    endloop
  endfacet
  facet normal 0 0 -1
    outer loop
      vertex 11.7968 34.7523 4
      vertex 11.5951 43.2735 4
      vertex 14.4005 42.4225 4
    endloop
  endfacet
  facet normal 0 0 -1
    outer loop
      vertex 9.49866 35.4495 4
      vertex 11.5951 43.2735 4
      vertex 11.7968 34.7523 4
    endloop
  endfacet
  facet normal 0 0 -1
    outer loop
      vertex 9.49866 35.4495 4
      vertex 8.74005 43.9392 4
      vertex 11.5951 43.2735 4
    endloop
  endfacet
  facet normal 0 0 -1
    outer loop
      vertex 7.15981 35.9948 4
      vertex 8.74005 43.9392 4
      vertex 9.49866 35.4495 4
    endloop
  endfacet
  facet normal 0 0 -1
    outer loop
      vertex 7.15981 35.9948 4
      vertex 5.84757 44.4167 4
      vertex 8.74005 43.9392 4
    endloop
  endfacet
  facet normal 0 0 -1
    outer loop
      vertex 4.79031 36.386 4
      vertex 5.84757 44.4167 4
      vertex 7.15981 35.9948 4
    endloop
  endfacet
  facet normal 0 0 -1
    outer loop
      vertex 4.79031 36.386 4
      vertex 2.93006 44.7041 4
      vertex 5.84757 44.4167 4
    endloop
  endfacet
  facet normal 0 0 -1
    outer loop
      vertex 2.40029 36.6214 4
      vertex 2.93006 44.7041 4
      vertex 4.79031 36.386 4
    endloop
  endfacet
  facet normal 0 0 -1
    outer loop
      vertex 0 36.7 4
      vertex 2.93006 44.7041 4
      vertex 2.40029 36.6214 4
    endloop
  endfacet
  facet normal 0 0 -1
    outer loop
      vertex 0 36.7 4
      vertex 0 44.8 4
      vertex 2.93006 44.7041 4
    endloop
  endfacet
  facet normal 0 0 -1
    outer loop
      vertex -2.40029 36.6214 4
      vertex 0 44.8 4
      vertex 0 36.7 4
    endloop
  endfacet
  facet normal 0 0 -1
    outer loop
      vertex -2.40029 36.6214 4
      vertex -2.93006 44.7041 4
      vertex 0 44.8 4
    endloop
  endfacet
  facet normal 0 0 -1
    outer loop
      vertex -4.79031 36.386 4
      vertex -2.93006 44.7041 4
      vertex -2.40029 36.6214 4
    endloop
  endfacet
  facet normal 0 0 -1
    outer loop
      vertex -4.79031 36.386 4
      vertex -5.84757 44.4167 4
      vertex -2.93006 44.7041 4
    endloop
  endfacet
  facet normal 0 0 -1
    outer loop
      vertex -7.15981 35.9948 4
      vertex -5.84757 44.4167 4
      vertex -4.79031 36.386 4
    endloop
  endfacet
  facet normal 0 0 -1
    outer loop
      vertex -7.15981 35.9948 4
      vertex -8.74005 43.9392 4
      vertex -5.84757 44.4167 4
    endloop
  endfacet
  facet normal 0 0 -1
    outer loop
      vertex -9.49866 35.4495 4
      vertex -8.74005 43.9392 4
      vertex -7.15981 35.9948 4
    endloop
  endfacet
  facet normal 0 0 -1
    outer loop
      vertex -9.49866 35.4495 4
      vertex -11.5951 43.2735 4
      vertex -8.74005 43.9392 4
    endloop
  endfacet
  facet normal 0 0 -1
    outer loop
      vertex -11.7968 34.7523 4
      vertex -11.5951 43.2735 4
      vertex -9.49866 35.4495 4
    endloop
  endfacet
  facet normal 0 0 -1
    outer loop
      vertex -14.4005 42.4225 4
      vertex -11.7968 34.7523 4
      vertex -14.0445 33.9064 4
    endloop
  endfacet
  facet normal 0 0 -1
    outer loop
      vertex -11.7968 34.7523 4
      vertex -14.4005 42.4225 4
      vertex -11.5951 43.2735 4
    endloop
  endfacet
  facet normal 0 0 -1
    outer loop
      vertex -17.1442 41.3898 4
      vertex -14.0445 33.9064 4
      vertex -16.232 32.9152 4
    endloop
  endfacet
  facet normal 0 0 -1
    outer loop
      vertex -14.0445 33.9064 4
      vertex -17.1442 41.3898 4
      vertex -14.4005 42.4225 4
    endloop
  endfacet
  facet normal 0 0 -1
    outer loop
      vertex -19.8145 40.1799 4
      vertex -16.232 32.9152 4
      vertex -18.35 31.7831 4
    endloop
  endfacet
  facet normal 0 0 -1
    outer loop
      vertex -16.232 32.9152 4
      vertex -19.8145 40.1799 4
      vertex -17.1442 41.3898 4
    endloop
  endfacet
  facet normal 0 0 -1
    outer loop
      vertex -22.4 38.7979 4
      vertex -18.35 31.7831 4
      vertex -20.3894 30.5149 4
    endloop
  endfacet
  facet normal 0 0 -1
    outer loop
      vertex -24.8895 37.2498 4
      vertex -20.3894 30.5149 4
      vertex -22.3415 29.1161 4
    endloop
  endfacet
  facet normal 0 0 -1
    outer loop
      vertex -18.35 31.7831 4
      vertex -22.4 38.7979 4
      vertex -19.8145 40.1799 4
    endloop
  endfacet
  facet normal 0 0 -1
    outer loop
      vertex -27.2725 35.5422 4
      vertex -22.3415 29.1161 4
      vertex -24.198 27.5925 4
    endloop
  endfacet
  facet normal 0 0 -1
    outer loop
      vertex -20.3894 30.5149 4
      vertex -24.8895 37.2498 4
      vertex -22.4 38.7979 4
    endloop
  endfacet
  facet normal 0 0 -1
    outer loop
      vertex -29.5387 33.6824 4
      vertex -24.198 27.5925 4
      vertex -25.9508 25.9508 4
    endloop
  endfacet
  facet normal 0 0 -1
    outer loop
      vertex -22.3415 29.1161 4
      vertex -27.2725 35.5422 4
      vertex -24.8895 37.2498 4
    endloop
  endfacet
  facet normal 0 0 -1
    outer loop
      vertex -31.6784 31.6784 4
      vertex -25.9508 25.9508 4
      vertex -27.5925 24.198 4
    endloop
  endfacet
  facet normal 0 0 -1
    outer loop
      vertex -33.6824 29.5387 4
      vertex -27.5925 24.198 4
      vertex -29.1161 22.3415 4
    endloop
  endfacet
  facet normal 0 0 -1
    outer loop
      vertex -24.198 27.5925 4
      vertex -29.5387 33.6824 4
      vertex -27.2725 35.5422 4
    endloop
  endfacet
  facet normal 0 0 -1
    outer loop
      vertex -35.5422 27.2725 4
      vertex -29.1161 22.3415 4
      vertex -30.5149 20.3894 4
    endloop
  endfacet
  facet normal 0 0 -1
    outer loop
      vertex -25.9508 25.9508 4
      vertex -31.6784 31.6784 4
      vertex -29.5387 33.6824 4
    endloop
  endfacet
  facet normal 0 0 -1
    outer loop
      vertex -37.2498 24.8895 4
      vertex -30.5149 20.3894 4
      vertex -31.7831 18.35 4
    endloop
  endfacet
  facet normal 0 0 -1
    outer loop
      vertex -38.7979 22.4 4
      vertex -31.7831 18.35 4
      vertex -32.9152 16.232 4
    endloop
  endfacet
  facet normal 0 0 -1
    outer loop
      vertex -27.5925 24.198 4
      vertex -33.6824 29.5387 4
      vertex -31.6784 31.6784 4
    endloop
  endfacet
  facet normal 0 0 -1
    outer loop
      vertex -40.1799 19.8145 4
      vertex -32.9152 16.232 4
      vertex -33.9064 14.0445 4
    endloop
  endfacet
  facet normal 0 0 -1
    outer loop
      vertex -41.3898 17.1442 4
      vertex -33.9064 14.0445 4
      vertex -34.7523 11.7968 4
    endloop
  endfacet
  facet normal 0 0 -1
    outer loop
      vertex -42.4225 14.4005 4
      vertex -34.7523 11.7968 4
      vertex -35.4495 9.49866 4
    endloop
  endfacet
  facet normal 0 0 -1
    outer loop
      vertex -29.1161 22.3415 4
      vertex -35.5422 27.2725 4
      vertex -33.6824 29.5387 4
    endloop
  endfacet
  facet normal 0 0 -1
    outer loop
      vertex -43.2735 11.5951 4
      vertex -35.4495 9.49866 4
      vertex -35.9948 7.15981 4
    endloop
  endfacet
  facet normal 0 0 -1
    outer loop
      vertex -43.9392 8.74005 4
      vertex -35.9948 7.15981 4
      vertex -36.386 4.79031 4
    endloop
  endfacet
  facet normal 0 0 -1
    outer loop
      vertex -36.647 2.41481 4
      vertex -36.386 4.79031 4
      vertex -36.6194 2.42127 4
    endloop
  endfacet
  facet normal 0 0 -1
    outer loop
      vertex -36.8036 2.36732 4
      vertex -36.386 4.79031 4
      vertex -36.647 2.41481 4
    endloop
  endfacet
  facet normal 0 0 -1
    outer loop
      vertex -36.9567 2.3097 4
      vertex -36.386 4.79031 4
      vertex -36.8036 2.36732 4
    endloop
  endfacet
  facet normal 0 0 -1
    outer loop
      vertex -37.1057 2.24218 4
      vertex -36.386 4.79031 4
      vertex -36.9567 2.3097 4
    endloop
  endfacet
  facet normal 0 0 -1
    outer loop
      vertex -37.25 2.16506 4
      vertex -36.386 4.79031 4
      vertex -37.1057 2.24218 4
    endloop
  endfacet
  facet normal 0 0 -1
    outer loop
      vertex -30.5149 20.3894 4
      vertex -37.2498 24.8895 4
      vertex -35.5422 27.2725 4
    endloop
  endfacet
  facet normal 0 0 -1
    outer loop
      vertex -37.3889 2.07867 4
      vertex -36.386 4.79031 4
      vertex -37.25 2.16506 4
    endloop
  endfacet
  facet normal 0 0 -1
    outer loop
      vertex -37.5219 1.98338 4
      vertex -36.386 4.79031 4
      vertex -37.3889 2.07867 4
    endloop
  endfacet
  facet normal 0 0 -1
    outer loop
      vertex -37.6484 1.8796 4
      vertex -36.386 4.79031 4
      vertex -37.5219 1.98338 4
    endloop
  endfacet
  facet normal -0 0 -1
    outer loop
      vertex -36.386 4.79031 4
      vertex -37.6484 1.8796 4
      vertex -44.4167 5.84757 4
    endloop
  endfacet
  facet normal 0 0 -1
    outer loop
      vertex -44.4167 5.84757 4
      vertex -37.6484 1.8796 4
      vertex -37.7678 1.76777 4
    endloop
  endfacet
  facet normal 0 0 -1
    outer loop
      vertex -44.4167 5.84757 4
      vertex -37.7678 1.76777 4
      vertex -37.8796 1.64836 4
    endloop
  endfacet
  facet normal 0 0 -1
    outer loop
      vertex -44.4167 5.84757 4
      vertex -37.8796 1.64836 4
      vertex -37.9834 1.5219 4
    endloop
  endfacet
  facet normal 0 0 -1
    outer loop
      vertex -44.7041 2.93006 4
      vertex -37.9834 1.5219 4
      vertex -38.0787 1.38893 4
    endloop
  endfacet
  facet normal 0 0 -1
    outer loop
      vertex -44.7041 2.93006 4
      vertex -38.0787 1.38893 4
      vertex -38.1651 1.25 4
    endloop
  endfacet
  facet normal 0 0 -1
    outer loop
      vertex -44.7041 2.93006 4
      vertex -38.1651 1.25 4
      vertex -38.2422 1.10572 4
    endloop
  endfacet
  facet normal 0 0 -1
    outer loop
      vertex -44.7041 2.93006 4
      vertex -38.2422 1.10572 4
      vertex -38.3097 0.956708 4
    endloop
  endfacet
  facet normal 0 0 -1
    outer loop
      vertex -44.7041 2.93006 4
      vertex -38.3097 0.956708 4
      vertex -38.3673 0.803598 4
    endloop
  endfacet
  facet normal 0 0 -1
    outer loop
      vertex -44.7041 2.93006 4
      vertex -38.3673 0.803598 4
      vertex -38.4148 0.647047 4
    endloop
  endfacet
  facet normal 0 0 -1
    outer loop
      vertex -44.7041 2.93006 4
      vertex -38.4148 0.647047 4
      vertex -38.452 0.487725 4
    endloop
  endfacet
  facet normal 0 0 -1
    outer loop
      vertex -44.8 0 4
      vertex -38.452 0.487725 4
      vertex -38.4786 0.326315 4
    endloop
  endfacet
  facet normal 0 0 -1
    outer loop
      vertex -44.8 0 4
      vertex -38.4786 0.326315 4
      vertex -38.4946 0.163507 4
    endloop
  endfacet
  facet normal 0 0 -1
    outer loop
      vertex -31.7831 18.35 4
      vertex -38.7979 22.4 4
      vertex -37.2498 24.8895 4
    endloop
  endfacet
  facet normal 0 0 -1
    outer loop
      vertex -44.8 0 4
      vertex -38.4946 0.163507 4
      vertex -38.5 0 4
    endloop
  endfacet
  facet normal -0 0 -1
    outer loop
      vertex -38.2422 -1.10572 4
      vertex -44.7041 -2.93006 4
      vertex -38.3097 -0.956708 4
    endloop
  endfacet
  facet normal -0 0 -1
    outer loop
      vertex -38.3097 -0.956708 4
      vertex -44.7041 -2.93006 4
      vertex -38.3673 -0.803598 4
    endloop
  endfacet
  facet normal 0 0 -1
    outer loop
      vertex -32.9152 16.232 4
      vertex -40.1799 19.8145 4
      vertex -38.7979 22.4 4
    endloop
  endfacet
  facet normal -0 0 -1
    outer loop
      vertex -38.3673 -0.803598 4
      vertex -44.7041 -2.93006 4
      vertex -38.4148 -0.647047 4
    endloop
  endfacet
  facet normal 0 0 -1
    outer loop
      vertex -33.9064 14.0445 4
      vertex -41.3898 17.1442 4
      vertex -40.1799 19.8145 4
    endloop
  endfacet
  facet normal -0 0 -1
    outer loop
      vertex -38.4148 -0.647047 4
      vertex -44.7041 -2.93006 4
      vertex -38.452 -0.487725 4
    endloop
  endfacet
  facet normal 0 0 -1
    outer loop
      vertex -34.7523 11.7968 4
      vertex -42.4225 14.4005 4
      vertex -41.3898 17.1442 4
    endloop
  endfacet
  facet normal 0 0 -1
    outer loop
      vertex -44.8 0 4
      vertex -38.452 -0.487725 4
      vertex -44.7041 -2.93006 4
    endloop
  endfacet
  facet normal 0 0 -1
    outer loop
      vertex -35.4495 9.49866 4
      vertex -43.2735 11.5951 4
      vertex -42.4225 14.4005 4
    endloop
  endfacet
  facet normal 0 0 -1
    outer loop
      vertex -38.452 -0.487725 4
      vertex -44.8 0 4
      vertex -38.4786 -0.326315 4
    endloop
  endfacet
  facet normal 0 0 -1
    outer loop
      vertex -35.9948 7.15981 4
      vertex -43.9392 8.74005 4
      vertex -43.2735 11.5951 4
    endloop
  endfacet
  facet normal 0 0 -1
    outer loop
      vertex -38.4786 -0.326315 4
      vertex -44.8 0 4
      vertex -38.4946 -0.163507 4
    endloop
  endfacet
  facet normal 0 0 -1
    outer loop
      vertex -36.386 4.79031 4
      vertex -44.4167 5.84757 4
      vertex -43.9392 8.74005 4
    endloop
  endfacet
  facet normal 0 0 -1
    outer loop
      vertex -38.4946 -0.163507 4
      vertex -44.8 0 4
      vertex -38.5 0 4
    endloop
  endfacet
  facet normal 0 0 -1
    outer loop
      vertex -37.9834 1.5219 4
      vertex -44.7041 2.93006 4
      vertex -44.4167 5.84757 4
    endloop
  endfacet
  facet normal -0 0 -1
    outer loop
      vertex -38.452 0.487725 4
      vertex -44.8 0 4
      vertex -44.7041 2.93006 4
    endloop
  endfacet
  facet normal -0.729872 0.683584 0
    outer loop
      vertex -33.6824 29.5387 4
      vertex -31.6784 31.6784 9
      vertex -31.6784 31.6784 4
    endloop
  endfacet
  facet normal -0.729872 0.683584 0
    outer loop
      vertex -31.6784 31.6784 9
      vertex -33.6824 29.5387 4
      vertex -33.6824 29.5387 9
    endloop
  endfacet
  facet normal -0.471402 0.881918 0
    outer loop
      vertex -19.8145 40.1799 4
      vertex -22.4 38.7979 9
      vertex -19.8145 40.1799 9
    endloop
  endfacet
  facet normal -0.471402 0.881918 0
    outer loop
      vertex -22.4 38.7979 9
      vertex -19.8145 40.1799 4
      vertex -22.4 38.7979 4
    endloop
  endfacet
  facet normal -0.683584 -0.729872 0
    outer loop
      vertex -31.6784 -31.6784 4
      vertex -29.5387 -33.6824 9
      vertex -31.6784 -31.6784 9
    endloop
  endfacet
  facet normal -0.683584 -0.729872 -0
    outer loop
      vertex -29.5387 -33.6824 9
      vertex -31.6784 -31.6784 4
      vertex -29.5387 -33.6824 4
    endloop
  endfacet
  facet normal -0.999465 -0.0327122 0
    outer loop
      vertex -44.7041 -2.93006 4
      vertex -44.8 0 9
      vertex -44.8 0 4
    endloop
  endfacet
  facet normal -0.999465 -0.0327122 0
    outer loop
      vertex -44.8 0 9
      vertex -44.7041 -2.93006 4
      vertex -44.7041 -2.93006 9
    endloop
  endfacet
  facet normal 0.634389 -0.773014 0
    outer loop
      vertex 27.2725 -35.5422 4
      vertex 29.5387 -33.6824 9
      vertex 27.2725 -35.5422 9
    endloop
  endfacet
  facet normal 0.634389 -0.773014 0
    outer loop
      vertex 29.5387 -33.6824 9
      vertex 27.2725 -35.5422 4
      vertex 29.5387 -33.6824 4
    endloop
  endfacet
  facet normal 0.412708 0.910863 -0
    outer loop
      vertex 19.8145 40.1799 4
      vertex 17.1442 41.3898 9
      vertex 19.8145 40.1799 9
    endloop
  endfacet
  facet normal 0.412708 0.910863 0
    outer loop
      vertex 17.1442 41.3898 9
      vertex 19.8145 40.1799 4
      vertex 17.1442 41.3898 4
    endloop
  endfacet
  facet normal -0.995183 0.0980341 0
    outer loop
      vertex -44.7041 2.93006 4
      vertex -44.4167 5.84757 9
      vertex -44.4167 5.84757 4
    endloop
  endfacet
  facet normal -0.995183 0.0980341 0
    outer loop
      vertex -44.4167 5.84757 9
      vertex -44.7041 2.93006 4
      vertex -44.7041 2.93006 9
    endloop
  endfacet
  facet normal -0.973877 -0.227075 0
    outer loop
      vertex -43.2735 -11.5951 4
      vertex -43.9392 -8.74005 9
      vertex -43.9392 -8.74005 4
    endloop
  endfacet
  facet normal -0.973877 -0.227075 0
    outer loop
      vertex -43.9392 -8.74005 9
      vertex -43.2735 -11.5951 4
      vertex -43.2735 -11.5951 9
    endloop
  endfacet
  facet normal -0.528075 -0.849198 0
    outer loop
      vertex -24.8895 -37.2498 4
      vertex -22.4 -38.7979 9
      vertex -24.8895 -37.2498 9
    endloop
  endfacet
  facet normal -0.528075 -0.849198 -0
    outer loop
      vertex -22.4 -38.7979 9
      vertex -24.8895 -37.2498 4
      vertex -22.4 -38.7979 4
    endloop
  endfacet
  facet normal 0.0327122 -0.999465 0
    outer loop
      vertex 0 -44.8 4
      vertex 2.93006 -44.7041 9
      vertex 0 -44.8 9
    endloop
  endfacet
  facet normal 0.0327122 -0.999465 0
    outer loop
      vertex 2.93006 -44.7041 9
      vertex 0 -44.8 4
      vertex 2.93006 -44.7041 4
    endloop
  endfacet
  facet normal -0.812852 -0.58247 0
    outer loop
      vertex -35.5422 -27.2725 4
      vertex -37.2498 -24.8895 9
      vertex -37.2498 -24.8895 4
    endloop
  endfacet
  facet normal -0.812852 -0.58247 0
    outer loop
      vertex -37.2498 -24.8895 9
      vertex -35.5422 -27.2725 4
      vertex -35.5422 -27.2725 9
    endloop
  endfacet
  facet normal 0.773014 -0.634389 0
    outer loop
      vertex 33.6824 -29.5387 9
      vertex 35.5422 -27.2725 4
      vertex 35.5422 -27.2725 9
    endloop
  endfacet
  facet normal 0.773014 -0.634389 0
    outer loop
      vertex 35.5422 -27.2725 4
      vertex 33.6824 -29.5387 9
      vertex 33.6824 -29.5387 4
    endloop
  endfacet
  facet normal -0.986646 0.162879 0
    outer loop
      vertex -44.4167 5.84757 4
      vertex -43.9392 8.74005 9
      vertex -43.9392 8.74005 4
    endloop
  endfacet
  facet normal -0.986646 0.162879 0
    outer loop
      vertex -43.9392 8.74005 9
      vertex -44.4167 5.84757 4
      vertex -44.4167 5.84757 9
    endloop
  endfacet
  facet normal -0.290282 -0.956941 0
    outer loop
      vertex -14.4005 -42.4225 4
      vertex -11.5951 -43.2735 9
      vertex -14.4005 -42.4225 9
    endloop
  endfacet
  facet normal -0.290282 -0.956941 -0
    outer loop
      vertex -11.5951 -43.2735 9
      vertex -14.4005 -42.4225 4
      vertex -11.5951 -43.2735 4
    endloop
  endfacet
  facet normal -0.352263 0.935901 0
    outer loop
      vertex -14.4005 42.4225 4
      vertex -17.1442 41.3898 9
      vertex -14.4005 42.4225 9
    endloop
  endfacet
  facet normal -0.352263 0.935901 0
    outer loop
      vertex -17.1442 41.3898 9
      vertex -14.4005 42.4225 4
      vertex -17.1442 41.3898 4
    endloop
  endfacet
  facet normal -0.290282 0.956941 0
    outer loop
      vertex -11.5951 43.2735 4
      vertex -14.4005 42.4225 9
      vertex -11.5951 43.2735 9
    endloop
  endfacet
  facet normal -0.290282 0.956941 0
    outer loop
      vertex -14.4005 42.4225 9
      vertex -11.5951 43.2735 4
      vertex -14.4005 42.4225 4
    endloop
  endfacet
  facet normal -0.935901 -0.352263 0
    outer loop
      vertex -41.3898 -17.1442 4
      vertex -42.4225 -14.4005 9
      vertex -42.4225 -14.4005 4
    endloop
  endfacet
  facet normal -0.935901 -0.352263 0
    outer loop
      vertex -42.4225 -14.4005 9
      vertex -41.3898 -17.1442 4
      vertex -41.3898 -17.1442 9
    endloop
  endfacet
  facet normal -0.352263 -0.935901 0
    outer loop
      vertex -17.1442 -41.3898 4
      vertex -14.4005 -42.4225 9
      vertex -17.1442 -41.3898 9
    endloop
  endfacet
  facet normal -0.352263 -0.935901 -0
    outer loop
      vertex -14.4005 -42.4225 9
      vertex -17.1442 -41.3898 4
      vertex -14.4005 -42.4225 4
    endloop
  endfacet
  facet normal -0.881918 -0.471402 0
    outer loop
      vertex -38.7979 -22.4 4
      vertex -40.1799 -19.8145 9
      vertex -40.1799 -19.8145 4
    endloop
  endfacet
  facet normal -0.881918 -0.471402 0
    outer loop
      vertex -40.1799 -19.8145 9
      vertex -38.7979 -22.4 4
      vertex -38.7979 -22.4 9
    endloop
  endfacet
  facet normal -0.849198 -0.528075 0
    outer loop
      vertex -37.2498 -24.8895 4
      vertex -38.7979 -22.4 9
      vertex -38.7979 -22.4 4
    endloop
  endfacet
  facet normal -0.849198 -0.528075 0
    outer loop
      vertex -38.7979 -22.4 9
      vertex -37.2498 -24.8895 4
      vertex -37.2498 -24.8895 9
    endloop
  endfacet
  facet normal -0.956933 -0.29031 0
    outer loop
      vertex -34.7523 -11.7968 0
      vertex -35.4495 -9.49866 4
      vertex -35.4495 -9.49866 0
    endloop
  endfacet
  facet normal -0.956933 -0.29031 0
    outer loop
      vertex -35.4495 -9.49866 4
      vertex -34.7523 -11.7968 0
      vertex -34.7523 -11.7968 4
    endloop
  endfacet
  facet normal 0.995182 0.0980462 0
    outer loop
      vertex 36.6194 2.42127 4
      vertex 36.386 4.79031 0
      vertex 36.386 4.79031 4
    endloop
  endfacet
  facet normal 0.995182 0.0980462 0
    outer loop
      vertex 36.386 4.79031 0
      vertex 36.6194 2.42127 4
      vertex 36.6194 2.42127 0
    endloop
  endfacet
  facet normal 0.412727 -0.910855 0
    outer loop
      vertex 14.0445 -33.9064 0
      vertex 16.232 -32.9152 4
      vertex 14.0445 -33.9064 4
    endloop
  endfacet
  facet normal 0.412727 -0.910855 0
    outer loop
      vertex 16.232 -32.9152 4
      vertex 14.0445 -33.9064 0
      vertex 16.232 -32.9152 0
    endloop
  endfacet
  facet normal -0.935916 -0.352223 0
    outer loop
      vertex -33.9064 -14.0445 0
      vertex -34.7523 -11.7968 4
      vertex -34.7523 -11.7968 0
    endloop
  endfacet
  facet normal -0.935916 -0.352223 0
    outer loop
      vertex -34.7523 -11.7968 4
      vertex -33.9064 -14.0445 0
      vertex -33.9064 -14.0445 4
    endloop
  endfacet
  facet normal 0.634396 0.773008 -0
    outer loop
      vertex 24.198 27.5925 0
      vertex 22.3415 29.1161 4
      vertex 24.198 27.5925 4
    endloop
  endfacet
  facet normal 0.634396 0.773008 0
    outer loop
      vertex 22.3415 29.1161 4
      vertex 24.198 27.5925 0
      vertex 22.3415 29.1161 0
    endloop
  endfacet
  facet normal 0.812858 -0.582463 0
    outer loop
      vertex 29.1161 -22.3415 4
      vertex 30.5149 -20.3894 0
      vertex 30.5149 -20.3894 4
    endloop
  endfacet
  facet normal 0.812858 -0.582463 0
    outer loop
      vertex 30.5149 -20.3894 0
      vertex 29.1161 -22.3415 4
      vertex 29.1161 -22.3415 0
    endloop
  endfacet
  facet normal 0.0980186 0.995185 -0
    outer loop
      vertex 4.79031 36.386 0
      vertex 2.40029 36.6214 4
      vertex 4.79031 36.386 4
    endloop
  endfacet
  facet normal 0.0980186 0.995185 0
    outer loop
      vertex 2.40029 36.6214 4
      vertex 4.79031 36.386 0
      vertex 2.40029 36.6214 0
    endloop
  endfacet
  facet normal -0.973881 0.227059 0
    outer loop
      vertex -35.9948 7.15981 0
      vertex -35.4495 9.49866 4
      vertex -35.4495 9.49866 0
    endloop
  endfacet
  facet normal -0.973881 0.227059 0
    outer loop
      vertex -35.4495 9.49866 4
      vertex -35.9948 7.15981 0
      vertex -35.9948 7.15981 4
    endloop
  endfacet
  facet normal -0.849199 -0.528074 0
    outer loop
      vertex -30.5149 -20.3894 0
      vertex -31.7831 -18.35 4
      vertex -31.7831 -18.35 0
    endloop
  endfacet
  facet normal -0.849199 -0.528074 0
    outer loop
      vertex -31.7831 -18.35 4
      vertex -30.5149 -20.3894 0
      vertex -30.5149 -20.3894 4
    endloop
  endfacet
  facet normal 0.0980186 -0.995185 0
    outer loop
      vertex 2.40029 -36.6214 0
      vertex 4.79031 -36.386 4
      vertex 2.40029 -36.6214 4
    endloop
  endfacet
  facet normal 0.0980186 -0.995185 0
    outer loop
      vertex 4.79031 -36.386 4
      vertex 2.40029 -36.6214 0
      vertex 4.79031 -36.386 0
    endloop
  endfacet
  facet normal -0.683598 0.729859 0
    outer loop
      vertex -24.198 27.5925 0
      vertex -25.9508 25.9508 4
      vertex -24.198 27.5925 4
    endloop
  endfacet
  facet normal -0.683598 0.729859 0
    outer loop
      vertex -25.9508 25.9508 4
      vertex -24.198 27.5925 0
      vertex -25.9508 25.9508 0
    endloop
  endfacet
  facet normal 0.729859 -0.683598 0
    outer loop
      vertex 25.9508 -25.9508 4
      vertex 27.5925 -24.198 0
      vertex 27.5925 -24.198 4
    endloop
  endfacet
  facet normal 0.729859 -0.683598 0
    outer loop
      vertex 27.5925 -24.198 0
      vertex 25.9508 -25.9508 4
      vertex 25.9508 -25.9508 0
    endloop
  endfacet
  facet normal 0.162893 -0.986644 0
    outer loop
      vertex 4.79031 -36.386 0
      vertex 7.15981 -35.9948 4
      vertex 4.79031 -36.386 4
    endloop
  endfacet
  facet normal 0.162893 -0.986644 0
    outer loop
      vertex 7.15981 -35.9948 4
      vertex 4.79031 -36.386 0
      vertex 7.15981 -35.9948 0
    endloop
  endfacet
  facet normal 0.412727 0.910855 -0
    outer loop
      vertex 16.232 32.9152 0
      vertex 14.0445 33.9064 4
      vertex 16.232 32.9152 4
    endloop
  endfacet
  facet normal 0.412727 0.910855 0
    outer loop
      vertex 14.0445 33.9064 4
      vertex 16.232 32.9152 0
      vertex 14.0445 33.9064 0
    endloop
  endfacet
  facet normal 0.773008 -0.634396 0
    outer loop
      vertex 27.5925 -24.198 4
      vertex 29.1161 -22.3415 0
      vertex 29.1161 -22.3415 4
    endloop
  endfacet
  facet normal 0.773008 -0.634396 0
    outer loop
      vertex 29.1161 -22.3415 0
      vertex 27.5925 -24.198 4
      vertex 27.5925 -24.198 0
    endloop
  endfacet
  facet normal 0.910855 -0.412727 0
    outer loop
      vertex 32.9152 -16.232 4
      vertex 33.9064 -14.0445 0
      vertex 33.9064 -14.0445 4
    endloop
  endfacet
  facet normal 0.910855 -0.412727 0
    outer loop
      vertex 33.9064 -14.0445 0
      vertex 32.9152 -16.232 4
      vertex 32.9152 -16.232 0
    endloop
  endfacet
  facet normal 0.683598 0.729859 -0
    outer loop
      vertex 25.9508 25.9508 0
      vertex 24.198 27.5925 4
      vertex 25.9508 25.9508 4
    endloop
  endfacet
  facet normal 0.683598 0.729859 0
    outer loop
      vertex 24.198 27.5925 4
      vertex 25.9508 25.9508 0
      vertex 24.198 27.5925 0
    endloop
  endfacet
  facet normal 0.88192 0.471398 0
    outer loop
      vertex 32.9152 16.232 4
      vertex 31.7831 18.35 0
      vertex 31.7831 18.35 4
    endloop
  endfacet
  facet normal 0.88192 0.471398 0
    outer loop
      vertex 31.7831 18.35 0
      vertex 32.9152 16.232 4
      vertex 32.9152 16.232 0
    endloop
  endfacet
  facet normal 0.528074 0.849199 -0
    outer loop
      vertex 20.3894 30.5149 0
      vertex 18.35 31.7831 4
      vertex 20.3894 30.5149 4
    endloop
  endfacet
  facet normal 0.528074 0.849199 0
    outer loop
      vertex 18.35 31.7831 4
      vertex 20.3894 30.5149 0
      vertex 18.35 31.7831 0
    endloop
  endfacet
  facet normal 0.683598 -0.729859 0
    outer loop
      vertex 24.198 -27.5925 0
      vertex 25.9508 -25.9508 4
      vertex 24.198 -27.5925 4
    endloop
  endfacet
  facet normal 0.683598 -0.729859 0
    outer loop
      vertex 25.9508 -25.9508 4
      vertex 24.198 -27.5925 0
      vertex 25.9508 -25.9508 0
    endloop
  endfacet
  facet normal -0.812858 0.582463 0
    outer loop
      vertex -30.5149 20.3894 0
      vertex -29.1161 22.3415 4
      vertex -29.1161 22.3415 0
    endloop
  endfacet
  facet normal -0.812858 0.582463 0
    outer loop
      vertex -29.1161 22.3415 4
      vertex -30.5149 20.3894 0
      vertex -30.5149 20.3894 4
    endloop
  endfacet
  facet normal 0.352223 0.935916 -0
    outer loop
      vertex 14.0445 33.9064 0
      vertex 11.7968 34.7523 4
      vertex 14.0445 33.9064 4
    endloop
  endfacet
  facet normal 0.352223 0.935916 0
    outer loop
      vertex 11.7968 34.7523 4
      vertex 14.0445 33.9064 0
      vertex 11.7968 34.7523 0
    endloop
  endfacet
  facet normal 0.0327285 -0.999464 0
    outer loop
      vertex 0 -36.7 0
      vertex 2.40029 -36.6214 4
      vertex 0 -36.7 4
    endloop
  endfacet
  facet normal 0.0327285 -0.999464 0
    outer loop
      vertex 2.40029 -36.6214 4
      vertex 0 -36.7 0
      vertex 2.40029 -36.6214 0
    endloop
  endfacet
  facet normal -0.528074 -0.849199 0
    outer loop
      vertex -20.3894 -30.5149 0
      vertex -18.35 -31.7831 4
      vertex -20.3894 -30.5149 4
    endloop
  endfacet
  facet normal -0.528074 -0.849199 -0
    outer loop
      vertex -18.35 -31.7831 4
      vertex -20.3894 -30.5149 0
      vertex -18.35 -31.7831 0
    endloop
  endfacet
  facet normal -0.352223 0.935916 0
    outer loop
      vertex -11.7968 34.7523 0
      vertex -14.0445 33.9064 4
      vertex -11.7968 34.7523 4
    endloop
  endfacet
  facet normal -0.352223 0.935916 0
    outer loop
      vertex -14.0445 33.9064 4
      vertex -11.7968 34.7523 0
      vertex -14.0445 33.9064 0
    endloop
  endfacet
  facet normal -0.412727 0.910855 0
    outer loop
      vertex -14.0445 33.9064 0
      vertex -16.232 32.9152 4
      vertex -14.0445 33.9064 4
    endloop
  endfacet
  facet normal -0.412727 0.910855 0
    outer loop
      vertex -16.232 32.9152 4
      vertex -14.0445 33.9064 0
      vertex -16.232 32.9152 0
    endloop
  endfacet
  facet normal 0.471398 0.88192 -0
    outer loop
      vertex 18.35 31.7831 0
      vertex 16.232 32.9152 4
      vertex 18.35 31.7831 4
    endloop
  endfacet
  facet normal 0.471398 0.88192 0
    outer loop
      vertex 16.232 32.9152 4
      vertex 18.35 31.7831 0
      vertex 16.232 32.9152 0
    endloop
  endfacet
  facet normal -0.352223 -0.935916 0
    outer loop
      vertex -14.0445 -33.9064 0
      vertex -11.7968 -34.7523 4
      vertex -14.0445 -33.9064 4
    endloop
  endfacet
  facet normal -0.352223 -0.935916 -0
    outer loop
      vertex -11.7968 -34.7523 4
      vertex -14.0445 -33.9064 0
      vertex -11.7968 -34.7523 0
    endloop
  endfacet
  facet normal 0.849199 0.528074 0
    outer loop
      vertex 31.7831 18.35 4
      vertex 30.5149 20.3894 0
      vertex 30.5149 20.3894 4
    endloop
  endfacet
  facet normal 0.849199 0.528074 0
    outer loop
      vertex 30.5149 20.3894 0
      vertex 31.7831 18.35 4
      vertex 31.7831 18.35 0
    endloop
  endfacet
  facet normal -0.227059 -0.973881 0
    outer loop
      vertex -9.49866 -35.4495 0
      vertex -7.15981 -35.9948 4
      vertex -9.49866 -35.4495 4
    endloop
  endfacet
  facet normal -0.227059 -0.973881 -0
    outer loop
      vertex -7.15981 -35.9948 4
      vertex -9.49866 -35.4495 0
      vertex -7.15981 -35.9948 0
    endloop
  endfacet
  facet normal -0.729859 0.683598 0
    outer loop
      vertex -27.5925 24.198 0
      vertex -25.9508 25.9508 4
      vertex -25.9508 25.9508 0
    endloop
  endfacet
  facet normal -0.729859 0.683598 0
    outer loop
      vertex -25.9508 25.9508 4
      vertex -27.5925 24.198 0
      vertex -27.5925 24.198 4
    endloop
  endfacet
  facet normal -0.162893 -0.986644 0
    outer loop
      vertex -7.15981 -35.9948 0
      vertex -4.79031 -36.386 4
      vertex -7.15981 -35.9948 4
    endloop
  endfacet
  facet normal -0.162893 -0.986644 -0
    outer loop
      vertex -4.79031 -36.386 4
      vertex -7.15981 -35.9948 0
      vertex -4.79031 -36.386 0
    endloop
  endfacet
  facet normal -0.729859 -0.683598 0
    outer loop
      vertex -25.9508 -25.9508 0
      vertex -27.5925 -24.198 4
      vertex -27.5925 -24.198 0
    endloop
  endfacet
  facet normal -0.729859 -0.683598 0
    outer loop
      vertex -27.5925 -24.198 4
      vertex -25.9508 -25.9508 0
      vertex -25.9508 -25.9508 4
    endloop
  endfacet
  facet normal 0.471398 -0.88192 0
    outer loop
      vertex 16.232 -32.9152 0
      vertex 18.35 -31.7831 4
      vertex 16.232 -32.9152 4
    endloop
  endfacet
  facet normal 0.471398 -0.88192 0
    outer loop
      vertex 18.35 -31.7831 4
      vertex 16.232 -32.9152 0
      vertex 18.35 -31.7831 0
    endloop
  endfacet
  facet normal 0.956933 -0.29031 0
    outer loop
      vertex 34.7523 -11.7968 4
      vertex 35.4495 -9.49866 0
      vertex 35.4495 -9.49866 4
    endloop
  endfacet
  facet normal 0.956933 -0.29031 0
    outer loop
      vertex 35.4495 -9.49866 0
      vertex 34.7523 -11.7968 4
      vertex 34.7523 -11.7968 0
    endloop
  endfacet
  facet normal 0.973881 -0.227059 0
    outer loop
      vertex 35.4495 -9.49866 4
      vertex 35.9948 -7.15981 0
      vertex 35.9948 -7.15981 4
    endloop
  endfacet
  facet normal 0.973881 -0.227059 0
    outer loop
      vertex 35.9948 -7.15981 0
      vertex 35.4495 -9.49866 4
      vertex 35.4495 -9.49866 0
    endloop
  endfacet
  facet normal 0.812858 0.582463 0
    outer loop
      vertex 30.5149 20.3894 4
      vertex 29.1161 22.3415 0
      vertex 29.1161 22.3415 4
    endloop
  endfacet
  facet normal 0.812858 0.582463 0
    outer loop
      vertex 29.1161 22.3415 0
      vertex 30.5149 20.3894 4
      vertex 30.5149 20.3894 0
    endloop
  endfacet
  facet normal -0.162893 0.986644 0
    outer loop
      vertex -4.79031 36.386 0
      vertex -7.15981 35.9948 4
      vertex -4.79031 36.386 4
    endloop
  endfacet
  facet normal -0.162893 0.986644 0
    outer loop
      vertex -7.15981 35.9948 4
      vertex -4.79031 36.386 0
      vertex -7.15981 35.9948 0
    endloop
  endfacet
  facet normal -0.910855 -0.412727 0
    outer loop
      vertex -32.9152 -16.232 0
      vertex -33.9064 -14.0445 4
      vertex -33.9064 -14.0445 0
    endloop
  endfacet
  facet normal -0.910855 -0.412727 0
    outer loop
      vertex -33.9064 -14.0445 4
      vertex -32.9152 -16.232 0
      vertex -32.9152 -16.232 4
    endloop
  endfacet
  facet normal -0.412727 -0.910855 0
    outer loop
      vertex -16.232 -32.9152 0
      vertex -14.0445 -33.9064 4
      vertex -16.232 -32.9152 4
    endloop
  endfacet
  facet normal -0.412727 -0.910855 -0
    outer loop
      vertex -14.0445 -33.9064 4
      vertex -16.232 -32.9152 0
      vertex -14.0445 -33.9064 0
    endloop
  endfacet
  facet normal 0.986644 -0.162893 0
    outer loop
      vertex 35.9948 -7.15981 4
      vertex 36.386 -4.79031 0
      vertex 36.386 -4.79031 4
    endloop
  endfacet
  facet normal 0.986644 -0.162893 0
    outer loop
      vertex 36.386 -4.79031 0
      vertex 35.9948 -7.15981 4
      vertex 35.9948 -7.15981 0
    endloop
  endfacet
  facet normal -0.986644 0.162893 0
    outer loop
      vertex -36.386 4.79031 0
      vertex -35.9948 7.15981 4
      vertex -35.9948 7.15981 0
    endloop
  endfacet
  facet normal -0.986644 0.162893 0
    outer loop
      vertex -35.9948 7.15981 4
      vertex -36.386 4.79031 0
      vertex -36.386 4.79031 4
    endloop
  endfacet
  facet normal 0.773008 0.634396 0
    outer loop
      vertex 29.1161 22.3415 4
      vertex 27.5925 24.198 0
      vertex 27.5925 24.198 4
    endloop
  endfacet
  facet normal 0.773008 0.634396 0
    outer loop
      vertex 27.5925 24.198 0
      vertex 29.1161 22.3415 4
      vertex 29.1161 22.3415 0
    endloop
  endfacet
  facet normal 0.956933 0.29031 0
    outer loop
      vertex 35.4495 9.49866 4
      vertex 34.7523 11.7968 0
      vertex 34.7523 11.7968 4
    endloop
  endfacet
  facet normal 0.956933 0.29031 0
    outer loop
      vertex 34.7523 11.7968 0
      vertex 35.4495 9.49866 4
      vertex 35.4495 9.49866 0
    endloop
  endfacet
  facet normal 0.849199 -0.528074 0
    outer loop
      vertex 30.5149 -20.3894 4
      vertex 31.7831 -18.35 0
      vertex 31.7831 -18.35 4
    endloop
  endfacet
  facet normal 0.849199 -0.528074 0
    outer loop
      vertex 31.7831 -18.35 0
      vertex 30.5149 -20.3894 4
      vertex 30.5149 -20.3894 0
    endloop
  endfacet
  facet normal 0.910855 0.412727 0
    outer loop
      vertex 33.9064 14.0445 4
      vertex 32.9152 16.232 0
      vertex 32.9152 16.232 4
    endloop
  endfacet
  facet normal 0.910855 0.412727 0
    outer loop
      vertex 32.9152 16.232 0
      vertex 33.9064 14.0445 4
      vertex 33.9064 14.0445 0
    endloop
  endfacet
  facet normal 0.227059 -0.973881 0
    outer loop
      vertex 7.15981 -35.9948 0
      vertex 9.49866 -35.4495 4
      vertex 7.15981 -35.9948 4
    endloop
  endfacet
  facet normal 0.227059 -0.973881 0
    outer loop
      vertex 9.49866 -35.4495 4
      vertex 7.15981 -35.9948 0
      vertex 9.49866 -35.4495 0
    endloop
  endfacet
  facet normal 0.582463 -0.812858 0
    outer loop
      vertex 20.3894 -30.5149 0
      vertex 22.3415 -29.1161 4
      vertex 20.3894 -30.5149 4
    endloop
  endfacet
  facet normal 0.582463 -0.812858 0
    outer loop
      vertex 22.3415 -29.1161 4
      vertex 20.3894 -30.5149 0
      vertex 22.3415 -29.1161 0
    endloop
  endfacet
  facet normal 0.729859 0.683598 0
    outer loop
      vertex 27.5925 24.198 4
      vertex 25.9508 25.9508 0
      vertex 25.9508 25.9508 4
    endloop
  endfacet
  facet normal 0.729859 0.683598 0
    outer loop
      vertex 25.9508 25.9508 0
      vertex 27.5925 24.198 4
      vertex 27.5925 24.198 0
    endloop
  endfacet
  facet normal -0.986644 -0.162893 0
    outer loop
      vertex -35.9948 -7.15981 0
      vertex -36.386 -4.79031 4
      vertex -36.386 -4.79031 0
    endloop
  endfacet
  facet normal -0.986644 -0.162893 0
    outer loop
      vertex -36.386 -4.79031 4
      vertex -35.9948 -7.15981 0
      vertex -35.9948 -7.15981 4
    endloop
  endfacet
  facet normal -0.582463 -0.812858 0
    outer loop
      vertex -22.3415 -29.1161 0
      vertex -20.3894 -30.5149 4
      vertex -22.3415 -29.1161 4
    endloop
  endfacet
  facet normal -0.582463 -0.812858 -0
    outer loop
      vertex -20.3894 -30.5149 4
      vertex -22.3415 -29.1161 0
      vertex -20.3894 -30.5149 0
    endloop
  endfacet
  facet normal -0.582463 0.812858 0
    outer loop
      vertex -20.3894 30.5149 0
      vertex -22.3415 29.1161 4
      vertex -20.3894 30.5149 4
    endloop
  endfacet
  facet normal -0.582463 0.812858 0
    outer loop
      vertex -22.3415 29.1161 4
      vertex -20.3894 30.5149 0
      vertex -22.3415 29.1161 0
    endloop
  endfacet
  facet normal -0.812858 -0.582463 0
    outer loop
      vertex -29.1161 -22.3415 0
      vertex -30.5149 -20.3894 4
      vertex -30.5149 -20.3894 0
    endloop
  endfacet
  facet normal -0.812858 -0.582463 0
    outer loop
      vertex -30.5149 -20.3894 4
      vertex -29.1161 -22.3415 0
      vertex -29.1161 -22.3415 4
    endloop
  endfacet
  facet normal -0.0327285 -0.999464 0
    outer loop
      vertex -2.40029 -36.6214 0
      vertex 0 -36.7 4
      vertex -2.40029 -36.6214 4
    endloop
  endfacet
  facet normal -0.0327285 -0.999464 -0
    outer loop
      vertex 0 -36.7 4
      vertex -2.40029 -36.6214 0
      vertex 0 -36.7 0
    endloop
  endfacet
  facet normal 0.995182 -0.0980462 0
    outer loop
      vertex 36.386 -4.79031 4
      vertex 36.6194 -2.42127 0
      vertex 36.6194 -2.42127 4
    endloop
  endfacet
  facet normal 0.995182 -0.0980462 0
    outer loop
      vertex 36.6194 -2.42127 0
      vertex 36.386 -4.79031 4
      vertex 36.386 -4.79031 0
    endloop
  endfacet
  facet normal -0.773008 -0.634396 0
    outer loop
      vertex -27.5925 -24.198 0
      vertex -29.1161 -22.3415 4
      vertex -29.1161 -22.3415 0
    endloop
  endfacet
  facet normal -0.773008 -0.634396 0
    outer loop
      vertex -29.1161 -22.3415 4
      vertex -27.5925 -24.198 0
      vertex -27.5925 -24.198 4
    endloop
  endfacet
  facet normal 0.227059 0.973881 -0
    outer loop
      vertex 9.49866 35.4495 0
      vertex 7.15981 35.9948 4
      vertex 9.49866 35.4495 4
    endloop
  endfacet
  facet normal 0.227059 0.973881 0
    outer loop
      vertex 7.15981 35.9948 4
      vertex 9.49866 35.4495 0
      vertex 7.15981 35.9948 0
    endloop
  endfacet
  facet normal 0.352223 -0.935916 0
    outer loop
      vertex 11.7968 -34.7523 0
      vertex 14.0445 -33.9064 4
      vertex 11.7968 -34.7523 4
    endloop
  endfacet
  facet normal 0.352223 -0.935916 0
    outer loop
      vertex 14.0445 -33.9064 4
      vertex 11.7968 -34.7523 0
      vertex 14.0445 -33.9064 0
    endloop
  endfacet
  facet normal -0.634396 -0.773008 0
    outer loop
      vertex -24.198 -27.5925 0
      vertex -22.3415 -29.1161 4
      vertex -24.198 -27.5925 4
    endloop
  endfacet
  facet normal -0.634396 -0.773008 -0
    outer loop
      vertex -22.3415 -29.1161 4
      vertex -24.198 -27.5925 0
      vertex -22.3415 -29.1161 0
    endloop
  endfacet
  facet normal 0.582463 0.812858 -0
    outer loop
      vertex 22.3415 29.1161 0
      vertex 20.3894 30.5149 4
      vertex 22.3415 29.1161 4
    endloop
  endfacet
  facet normal 0.582463 0.812858 0
    outer loop
      vertex 20.3894 30.5149 4
      vertex 22.3415 29.1161 0
      vertex 20.3894 30.5149 0
    endloop
  endfacet
  facet normal -0.935916 0.352223 0
    outer loop
      vertex -34.7523 11.7968 0
      vertex -33.9064 14.0445 4
      vertex -33.9064 14.0445 0
    endloop
  endfacet
  facet normal -0.935916 0.352223 0
    outer loop
      vertex -33.9064 14.0445 4
      vertex -34.7523 11.7968 0
      vertex -34.7523 11.7968 4
    endloop
  endfacet
  facet normal -0.29031 0.956933 0
    outer loop
      vertex -9.49866 35.4495 0
      vertex -11.7968 34.7523 4
      vertex -9.49866 35.4495 4
    endloop
  endfacet
  facet normal -0.29031 0.956933 0
    outer loop
      vertex -11.7968 34.7523 4
      vertex -9.49866 35.4495 0
      vertex -11.7968 34.7523 0
    endloop
  endfacet
  facet normal -0.471398 0.88192 0
    outer loop
      vertex -16.232 32.9152 0
      vertex -18.35 31.7831 4
      vertex -16.232 32.9152 4
    endloop
  endfacet
  facet normal -0.471398 0.88192 0
    outer loop
      vertex -18.35 31.7831 4
      vertex -16.232 32.9152 0
      vertex -18.35 31.7831 0
    endloop
  endfacet
  facet normal 0.0327285 0.999464 -0
    outer loop
      vertex 2.40029 36.6214 0
      vertex 0 36.7 4
      vertex 2.40029 36.6214 4
    endloop
  endfacet
  facet normal 0.0327285 0.999464 0
    outer loop
      vertex 0 36.7 4
      vertex 2.40029 36.6214 0
      vertex 0 36.7 0
    endloop
  endfacet
  facet normal -0.995182 -0.0980462 0
    outer loop
      vertex -36.386 -4.79031 0
      vertex -36.6194 -2.42127 4
      vertex -36.6194 -2.42127 0
    endloop
  endfacet
  facet normal -0.995182 -0.0980462 0
    outer loop
      vertex -36.6194 -2.42127 4
      vertex -36.386 -4.79031 0
      vertex -36.386 -4.79031 4
    endloop
  endfacet
  facet normal 0.528074 -0.849199 0
    outer loop
      vertex 18.35 -31.7831 0
      vertex 20.3894 -30.5149 4
      vertex 18.35 -31.7831 4
    endloop
  endfacet
  facet normal 0.528074 -0.849199 0
    outer loop
      vertex 20.3894 -30.5149 4
      vertex 18.35 -31.7831 0
      vertex 20.3894 -30.5149 0
    endloop
  endfacet
  facet normal -0.910855 0.412727 0
    outer loop
      vertex -33.9064 14.0445 0
      vertex -32.9152 16.232 4
      vertex -32.9152 16.232 0
    endloop
  endfacet
  facet normal -0.910855 0.412727 0
    outer loop
      vertex -32.9152 16.232 4
      vertex -33.9064 14.0445 0
      vertex -33.9064 14.0445 4
    endloop
  endfacet
  facet normal -0.773008 0.634396 0
    outer loop
      vertex -29.1161 22.3415 0
      vertex -27.5925 24.198 4
      vertex -27.5925 24.198 0
    endloop
  endfacet
  facet normal -0.773008 0.634396 0
    outer loop
      vertex -27.5925 24.198 4
      vertex -29.1161 22.3415 0
      vertex -29.1161 22.3415 4
    endloop
  endfacet
  facet normal -0.956933 0.29031 0
    outer loop
      vertex -35.4495 9.49866 0
      vertex -34.7523 11.7968 4
      vertex -34.7523 11.7968 0
    endloop
  endfacet
  facet normal -0.956933 0.29031 0
    outer loop
      vertex -34.7523 11.7968 4
      vertex -35.4495 9.49866 0
      vertex -35.4495 9.49866 4
    endloop
  endfacet
  facet normal -0.0980186 0.995185 0
    outer loop
      vertex -2.40029 36.6214 0
      vertex -4.79031 36.386 4
      vertex -2.40029 36.6214 4
    endloop
  endfacet
  facet normal -0.0980186 0.995185 0
    outer loop
      vertex -4.79031 36.386 4
      vertex -2.40029 36.6214 0
      vertex -4.79031 36.386 0
    endloop
  endfacet
  facet normal 0 0 -1
    outer loop
      vertex 36.386 -4.79031 0
      vertex 36.4877 -2.45196 0
      vertex 36.6194 -2.42127 0
    endloop
  endfacet
  facet normal 0 0 -1
    outer loop
      vertex 36.386 -4.79031 0
      vertex 36.3263 -2.47861 0
      vertex 36.4877 -2.45196 0
    endloop
  endfacet
  facet normal 0 0 -1
    outer loop
      vertex 36.386 -4.79031 0
      vertex 36.1635 -2.49465 0
      vertex 36.3263 -2.47861 0
    endloop
  endfacet
  facet normal 0 0 -1
    outer loop
      vertex 36.386 -4.79031 0
      vertex 36 -2.5 0
      vertex 36.1635 -2.49465 0
    endloop
  endfacet
  facet normal 0 0 -1
    outer loop
      vertex 34.6111 -2.07867 0
      vertex 36.386 -4.79031 0
      vertex 35.9948 -7.15981 0
    endloop
  endfacet
  facet normal 0 0 -1
    outer loop
      vertex 36.386 -4.79031 0
      vertex 35.8365 -2.49465 0
      vertex 36 -2.5 0
    endloop
  endfacet
  facet normal 0 0 -1
    outer loop
      vertex 36.386 -4.79031 0
      vertex 35.6737 -2.47861 0
      vertex 35.8365 -2.49465 0
    endloop
  endfacet
  facet normal 0 0 -1
    outer loop
      vertex 36.386 -4.79031 0
      vertex 35.5123 -2.45196 0
      vertex 35.6737 -2.47861 0
    endloop
  endfacet
  facet normal 0 0 -1
    outer loop
      vertex 26.9716 -5.36498 0
      vertex 35.9948 -7.15981 0
      vertex 35.4495 -9.49866 0
    endloop
  endfacet
  facet normal 0 0 -1
    outer loop
      vertex 36.386 -4.79031 0
      vertex 35.353 -2.41481 0
      vertex 35.5123 -2.45196 0
    endloop
  endfacet
  facet normal 0 0 -1
    outer loop
      vertex 36.386 -4.79031 0
      vertex 35.1964 -2.36732 0
      vertex 35.353 -2.41481 0
    endloop
  endfacet
  facet normal 0 0 -1
    outer loop
      vertex 36.386 -4.79031 0
      vertex 35.0433 -2.3097 0
      vertex 35.1964 -2.36732 0
    endloop
  endfacet
  facet normal 0 0 -1
    outer loop
      vertex 36.386 -4.79031 0
      vertex 34.8943 -2.24218 0
      vertex 35.0433 -2.3097 0
    endloop
  endfacet
  facet normal 0 0 -1
    outer loop
      vertex 26.563 -7.11752 0
      vertex 35.4495 -9.49866 0
      vertex 34.7523 -11.7968 0
    endloop
  endfacet
  facet normal 0 0 -1
    outer loop
      vertex 36.386 -4.79031 0
      vertex 34.75 -2.16506 0
      vertex 34.8943 -2.24218 0
    endloop
  endfacet
  facet normal 0 -0 -1
    outer loop
      vertex 34.4781 -1.98338 0
      vertex 35.9948 -7.15981 0
      vertex 26.9716 -5.36498 0
    endloop
  endfacet
  facet normal 0 0 -1
    outer loop
      vertex 36.386 -4.79031 0
      vertex 34.6111 -2.07867 0
      vertex 34.75 -2.16506 0
    endloop
  endfacet
  facet normal 0 0 -1
    outer loop
      vertex 35.9948 -7.15981 0
      vertex 34.4781 -1.98338 0
      vertex 34.6111 -2.07867 0
    endloop
  endfacet
  facet normal -0 0 -1
    outer loop
      vertex 34.4781 -1.98338 0
      vertex 26.9716 -5.36498 0
      vertex 34.3516 -1.8796 0
    endloop
  endfacet
  facet normal 0 -0 -1
    outer loop
      vertex 27.2647 -3.58947 0
      vertex 34.3516 -1.8796 0
      vertex 26.9716 -5.36498 0
    endloop
  endfacet
  facet normal -0 0 -1
    outer loop
      vertex 34.3516 -1.8796 0
      vertex 27.2647 -3.58947 0
      vertex 34.2322 -1.76777 0
    endloop
  endfacet
  facet normal -0 0 -1
    outer loop
      vertex 34.2322 -1.76777 0
      vertex 27.2647 -3.58947 0
      vertex 34.1204 -1.64836 0
    endloop
  endfacet
  facet normal 0 0 -1
    outer loop
      vertex 26.0406 -8.83958 0
      vertex 34.7523 -11.7968 0
      vertex 33.9064 -14.0445 0
    endloop
  endfacet
  facet normal -0 0 -1
    outer loop
      vertex 34.1204 -1.64836 0
      vertex 27.2647 -3.58947 0
      vertex 34.0166 -1.5219 0
    endloop
  endfacet
  facet normal -0 0 -1
    outer loop
      vertex 34.0166 -1.5219 0
      vertex 27.2647 -3.58947 0
      vertex 33.9213 -1.38893 0
    endloop
  endfacet
  facet normal -0 0 -1
    outer loop
      vertex 33.9213 -1.38893 0
      vertex 27.2647 -3.58947 0
      vertex 33.8349 -1.25 0
    endloop
  endfacet
  facet normal 0 -0 -1
    outer loop
      vertex 27.4411 -1.79859 0
      vertex 33.8349 -1.25 0
      vertex 27.2647 -3.58947 0
    endloop
  endfacet
  facet normal -0 0 -1
    outer loop
      vertex 33.8349 -1.25 0
      vertex 27.4411 -1.79859 0
      vertex 33.7578 -1.10572 0
    endloop
  endfacet
  facet normal -0 0 -1
    outer loop
      vertex 33.7578 -1.10572 0
      vertex 27.4411 -1.79859 0
      vertex 33.6903 -0.956708 0
    endloop
  endfacet
  facet normal -0 0 -1
    outer loop
      vertex 33.6903 -0.956708 0
      vertex 27.4411 -1.79859 0
      vertex 33.6327 -0.803598 0
    endloop
  endfacet
  facet normal -0 0 -1
    outer loop
      vertex 33.6327 -0.803598 0
      vertex 27.4411 -1.79859 0
      vertex 33.5852 -0.647047 0
    endloop
  endfacet
  facet normal -0 0 -1
    outer loop
      vertex 33.5852 -0.647047 0
      vertex 27.4411 -1.79859 0
      vertex 33.548 -0.487725 0
    endloop
  endfacet
  facet normal 0 0 -1
    outer loop
      vertex 25.4067 -10.5238 0
      vertex 33.9064 -14.0445 0
      vertex 32.9152 -16.232 0
    endloop
  endfacet
  facet normal 0 0 -1
    outer loop
      vertex 36.4877 2.45196 0
      vertex 36.386 4.79031 0
      vertex 36.6194 2.42127 0
    endloop
  endfacet
  facet normal 0 0 -1
    outer loop
      vertex 36.3263 2.47861 0
      vertex 36.386 4.79031 0
      vertex 36.4877 2.45196 0
    endloop
  endfacet
  facet normal 0 0 -1
    outer loop
      vertex 36.1635 2.49465 0
      vertex 36.386 4.79031 0
      vertex 36.3263 2.47861 0
    endloop
  endfacet
  facet normal 0 0 -1
    outer loop
      vertex 36 2.5 0
      vertex 36.386 4.79031 0
      vertex 36.1635 2.49465 0
    endloop
  endfacet
  facet normal 0 0 -1
    outer loop
      vertex 35.8365 2.49465 0
      vertex 36.386 4.79031 0
      vertex 36 2.5 0
    endloop
  endfacet
  facet normal 0 0 -1
    outer loop
      vertex 35.6737 2.47861 0
      vertex 36.386 4.79031 0
      vertex 35.8365 2.49465 0
    endloop
  endfacet
  facet normal 0 0 -1
    outer loop
      vertex 35.5123 2.45196 0
      vertex 36.386 4.79031 0
      vertex 35.6737 2.47861 0
    endloop
  endfacet
  facet normal 0 0 -1
    outer loop
      vertex 35.353 2.41481 0
      vertex 36.386 4.79031 0
      vertex 35.5123 2.45196 0
    endloop
  endfacet
  facet normal 0 0 -1
    outer loop
      vertex 35.1964 2.36732 0
      vertex 36.386 4.79031 0
      vertex 35.353 2.41481 0
    endloop
  endfacet
  facet normal 0 0 -1
    outer loop
      vertex 35.0433 2.3097 0
      vertex 36.386 4.79031 0
      vertex 35.1964 2.36732 0
    endloop
  endfacet
  facet normal 0 0 -1
    outer loop
      vertex 34.8943 2.24218 0
      vertex 36.386 4.79031 0
      vertex 35.0433 2.3097 0
    endloop
  endfacet
  facet normal 0 0 -1
    outer loop
      vertex 34.75 2.16506 0
      vertex 36.386 4.79031 0
      vertex 34.8943 2.24218 0
    endloop
  endfacet
  facet normal 0 0 -1
    outer loop
      vertex 34.6111 2.07867 0
      vertex 36.386 4.79031 0
      vertex 34.75 2.16506 0
    endloop
  endfacet
  facet normal -0 0 -1
    outer loop
      vertex 36.386 4.79031 0
      vertex 34.6111 2.07867 0
      vertex 35.9948 7.15981 0
    endloop
  endfacet
  facet normal 0 0 -1
    outer loop
      vertex 34.4781 1.98338 0
      vertex 35.9948 7.15981 0
      vertex 34.6111 2.07867 0
    endloop
  endfacet
  facet normal -0 0 -1
    outer loop
      vertex 35.9948 7.15981 0
      vertex 26.9716 5.36498 0
      vertex 35.4495 9.49866 0
    endloop
  endfacet
  facet normal 0 0 -1
    outer loop
      vertex 35.9948 7.15981 0
      vertex 34.4781 1.98338 0
      vertex 26.9716 5.36498 0
    endloop
  endfacet
  facet normal 0 0 -1
    outer loop
      vertex 26.9716 5.36498 0
      vertex 34.4781 1.98338 0
      vertex 34.3516 1.8796 0
    endloop
  endfacet
  facet normal 0 0 -1
    outer loop
      vertex 27.2647 3.58947 0
      vertex 34.3516 1.8796 0
      vertex 34.2322 1.76777 0
    endloop
  endfacet
  facet normal 0 0 -1
    outer loop
      vertex 27.2647 3.58947 0
      vertex 34.2322 1.76777 0
      vertex 34.1204 1.64836 0
    endloop
  endfacet
  facet normal 0 0 -1
    outer loop
      vertex 27.2647 3.58947 0
      vertex 34.1204 1.64836 0
      vertex 34.0166 1.5219 0
    endloop
  endfacet
  facet normal 0 0 -1
    outer loop
      vertex 27.2647 3.58947 0
      vertex 34.0166 1.5219 0
      vertex 33.9213 1.38893 0
    endloop
  endfacet
  facet normal 0 0 -1
    outer loop
      vertex 26.563 7.11752 0
      vertex 35.4495 9.49866 0
      vertex 26.9716 5.36498 0
    endloop
  endfacet
  facet normal 0 0 -1
    outer loop
      vertex 27.2647 3.58947 0
      vertex 33.9213 1.38893 0
      vertex 33.8349 1.25 0
    endloop
  endfacet
  facet normal 0 0 -1
    outer loop
      vertex 27.4411 1.79859 0
      vertex 33.8349 1.25 0
      vertex 33.7578 1.10572 0
    endloop
  endfacet
  facet normal 0 0 -1
    outer loop
      vertex 27.4411 1.79859 0
      vertex 33.7578 1.10572 0
      vertex 33.6903 0.956708 0
    endloop
  endfacet
  facet normal 0 0 -1
    outer loop
      vertex 27.4411 1.79859 0
      vertex 33.6903 0.956708 0
      vertex 33.6327 0.803598 0
    endloop
  endfacet
  facet normal 0 0 -1
    outer loop
      vertex 27.4411 1.79859 0
      vertex 33.6327 0.803598 0
      vertex 33.5852 0.647047 0
    endloop
  endfacet
  facet normal 0 0 -1
    outer loop
      vertex 27.4411 1.79859 0
      vertex 33.5852 0.647047 0
      vertex 33.548 0.487725 0
    endloop
  endfacet
  facet normal 0 0 -1
    outer loop
      vertex 27.5 0 0
      vertex 33.548 0.487725 0
      vertex 33.5214 0.326315 0
    endloop
  endfacet
  facet normal 0 0 -1
    outer loop
      vertex 27.5 0 0
      vertex 33.5214 0.326315 0
      vertex 33.5054 0.163507 0
    endloop
  endfacet
  facet normal 0 0 -1
    outer loop
      vertex 27.5 0 0
      vertex 33.5054 0.163507 0
      vertex 33.5 0 0
    endloop
  endfacet
  facet normal 0 -0 -1
    outer loop
      vertex 27.5 0 0
      vertex 33.548 -0.487725 0
      vertex 27.4411 -1.79859 0
    endloop
  endfacet
  facet normal -0 0 -1
    outer loop
      vertex 33.548 0.487725 0
      vertex 27.5 0 0
      vertex 27.4411 1.79859 0
    endloop
  endfacet
  facet normal 0 0 -1
    outer loop
      vertex 24.664 -12.1629 0
      vertex 32.9152 -16.232 0
      vertex 31.7831 -18.35 0
    endloop
  endfacet
  facet normal 0 0 -1
    outer loop
      vertex 33.8349 1.25 0
      vertex 27.4411 1.79859 0
      vertex 27.2647 3.58947 0
    endloop
  endfacet
  facet normal 0 0 -1
    outer loop
      vertex 23.8157 -13.75 0
      vertex 31.7831 -18.35 0
      vertex 30.5149 -20.3894 0
    endloop
  endfacet
  facet normal 0 0 -1
    outer loop
      vertex 34.3516 1.8796 0
      vertex 27.2647 3.58947 0
      vertex 26.9716 5.36498 0
    endloop
  endfacet
  facet normal 0 0 -1
    outer loop
      vertex 22.8654 -15.2782 0
      vertex 30.5149 -20.3894 0
      vertex 29.1161 -22.3415 0
    endloop
  endfacet
  facet normal -0 0 -1
    outer loop
      vertex 35.4495 9.49866 0
      vertex 26.563 7.11752 0
      vertex 34.7523 11.7968 0
    endloop
  endfacet
  facet normal 0 0 -1
    outer loop
      vertex 21.8172 -16.7409 0
      vertex 29.1161 -22.3415 0
      vertex 27.5925 -24.198 0
    endloop
  endfacet
  facet normal 0 0 -1
    outer loop
      vertex 26.0406 8.83958 0
      vertex 34.7523 11.7968 0
      vertex 26.563 7.11752 0
    endloop
  endfacet
  facet normal -0 0 -1
    outer loop
      vertex 34.7523 11.7968 0
      vertex 26.0406 8.83958 0
      vertex 33.9064 14.0445 0
    endloop
  endfacet
  facet normal 0 0 -1
    outer loop
      vertex 33.5054 -0.163507 0
      vertex 27.5 0 0
      vertex 33.5 0 0
    endloop
  endfacet
  facet normal 0 0 -1
    outer loop
      vertex 33.5214 -0.326315 0
      vertex 27.5 0 0
      vertex 33.5054 -0.163507 0
    endloop
  endfacet
  facet normal 0 0 -1
    outer loop
      vertex 33.548 -0.487725 0
      vertex 27.5 0 0
      vertex 33.5214 -0.326315 0
    endloop
  endfacet
  facet normal 0 0 -1
    outer loop
      vertex 35.4495 -9.49866 0
      vertex 26.563 -7.11752 0
      vertex 26.9716 -5.36498 0
    endloop
  endfacet
  facet normal 0 0 -1
    outer loop
      vertex 34.7523 -11.7968 0
      vertex 26.0406 -8.83958 0
      vertex 26.563 -7.11752 0
    endloop
  endfacet
  facet normal 0 0 -1
    outer loop
      vertex 20.6756 -18.132 0
      vertex 27.5925 -24.198 0
      vertex 25.9508 -25.9508 0
    endloop
  endfacet
  facet normal 0 0 -1
    outer loop
      vertex 33.9064 -14.0445 0
      vertex 25.4067 -10.5238 0
      vertex 26.0406 -8.83958 0
    endloop
  endfacet
  facet normal 0 0 -1
    outer loop
      vertex 32.9152 -16.232 0
      vertex 24.664 -12.1629 0
      vertex 25.4067 -10.5238 0
    endloop
  endfacet
  facet normal 0 0 -1
    outer loop
      vertex 19.4454 -19.4454 0
      vertex 25.9508 -25.9508 0
      vertex 24.198 -27.5925 0
    endloop
  endfacet
  facet normal 0 0 -1
    outer loop
      vertex 31.7831 -18.35 0
      vertex 23.8157 -13.75 0
      vertex 24.664 -12.1629 0
    endloop
  endfacet
  facet normal 0 0 -1
    outer loop
      vertex 30.5149 -20.3894 0
      vertex 22.8654 -15.2782 0
      vertex 23.8157 -13.75 0
    endloop
  endfacet
  facet normal 0 0 -1
    outer loop
      vertex 18.132 -20.6756 0
      vertex 24.198 -27.5925 0
      vertex 22.3415 -29.1161 0
    endloop
  endfacet
  facet normal 0 0 -1
    outer loop
      vertex 29.1161 -22.3415 0
      vertex 21.8172 -16.7409 0
      vertex 22.8654 -15.2782 0
    endloop
  endfacet
  facet normal 0 0 -1
    outer loop
      vertex 27.5925 -24.198 0
      vertex 20.6756 -18.132 0
      vertex 21.8172 -16.7409 0
    endloop
  endfacet
  facet normal 0 0 -1
    outer loop
      vertex 16.7409 -21.8172 0
      vertex 22.3415 -29.1161 0
      vertex 20.3894 -30.5149 0
    endloop
  endfacet
  facet normal 0 0 -1
    outer loop
      vertex 25.9508 -25.9508 0
      vertex 19.4454 -19.4454 0
      vertex 20.6756 -18.132 0
    endloop
  endfacet
  facet normal 0 0 -1
    outer loop
      vertex 15.2782 -22.8654 0
      vertex 20.3894 -30.5149 0
      vertex 18.35 -31.7831 0
    endloop
  endfacet
  facet normal 0 0 -1
    outer loop
      vertex 24.198 -27.5925 0
      vertex 18.132 -20.6756 0
      vertex 19.4454 -19.4454 0
    endloop
  endfacet
  facet normal 0 0 -1
    outer loop
      vertex 22.3415 -29.1161 0
      vertex 16.7409 -21.8172 0
      vertex 18.132 -20.6756 0
    endloop
  endfacet
  facet normal 0 0 -1
    outer loop
      vertex 13.75 -23.8157 0
      vertex 18.35 -31.7831 0
      vertex 16.232 -32.9152 0
    endloop
  endfacet
  facet normal 0 0 -1
    outer loop
      vertex 20.3894 -30.5149 0
      vertex 15.2782 -22.8654 0
      vertex 16.7409 -21.8172 0
    endloop
  endfacet
  facet normal 0 0 -1
    outer loop
      vertex 12.1629 -24.664 0
      vertex 16.232 -32.9152 0
      vertex 14.0445 -33.9064 0
    endloop
  endfacet
  facet normal 0 0 -1
    outer loop
      vertex 18.35 -31.7831 0
      vertex 13.75 -23.8157 0
      vertex 15.2782 -22.8654 0
    endloop
  endfacet
  facet normal 0 0 -1
    outer loop
      vertex 16.232 -32.9152 0
      vertex 12.1629 -24.664 0
      vertex 13.75 -23.8157 0
    endloop
  endfacet
  facet normal 0 0 -1
    outer loop
      vertex 10.5238 -25.4067 0
      vertex 14.0445 -33.9064 0
      vertex 11.7968 -34.7523 0
    endloop
  endfacet
  facet normal 0 0 -1
    outer loop
      vertex 14.0445 -33.9064 0
      vertex 10.5238 -25.4067 0
      vertex 12.1629 -24.664 0
    endloop
  endfacet
  facet normal 0 0 -1
    outer loop
      vertex 8.83958 -26.0406 0
      vertex 11.7968 -34.7523 0
      vertex 9.49866 -35.4495 0
    endloop
  endfacet
  facet normal 0 0 -1
    outer loop
      vertex 11.7968 -34.7523 0
      vertex 8.83958 -26.0406 0
      vertex 10.5238 -25.4067 0
    endloop
  endfacet
  facet normal 0 0 -1
    outer loop
      vertex 7.11752 -26.563 0
      vertex 9.49866 -35.4495 0
      vertex 7.15981 -35.9948 0
    endloop
  endfacet
  facet normal 0 0 -1
    outer loop
      vertex 9.49866 -35.4495 0
      vertex 7.11752 -26.563 0
      vertex 8.83958 -26.0406 0
    endloop
  endfacet
  facet normal 0 0 -1
    outer loop
      vertex 7.15981 -35.9948 0
      vertex 5.36498 -26.9716 0
      vertex 7.11752 -26.563 0
    endloop
  endfacet
  facet normal 0 0 -1
    outer loop
      vertex 4.79031 -36.386 0
      vertex 5.36498 -26.9716 0
      vertex 7.15981 -35.9948 0
    endloop
  endfacet
  facet normal 0 0 -1
    outer loop
      vertex 4.79031 -36.386 0
      vertex 3.58947 -27.2647 0
      vertex 5.36498 -26.9716 0
    endloop
  endfacet
  facet normal 0 0 -1
    outer loop
      vertex 2.40029 -36.6214 0
      vertex 3.58947 -27.2647 0
      vertex 4.79031 -36.386 0
    endloop
  endfacet
  facet normal 0 0 -1
    outer loop
      vertex 2.40029 -36.6214 0
      vertex 1.79859 -27.4411 0
      vertex 3.58947 -27.2647 0
    endloop
  endfacet
  facet normal 0 0 -1
    outer loop
      vertex 0 -36.7 0
      vertex 1.79859 -27.4411 0
      vertex 2.40029 -36.6214 0
    endloop
  endfacet
  facet normal 0 0 -1
    outer loop
      vertex 0 -36.7 0
      vertex 0 -27.5 0
      vertex 1.79859 -27.4411 0
    endloop
  endfacet
  facet normal 0 0 -1
    outer loop
      vertex 0 -36.7 0
      vertex -1.79859 -27.4411 0
      vertex 0 -27.5 0
    endloop
  endfacet
  facet normal 0 0 -1
    outer loop
      vertex -2.40029 -36.6214 0
      vertex -1.79859 -27.4411 0
      vertex 0 -36.7 0
    endloop
  endfacet
  facet normal 0 0 -1
    outer loop
      vertex -2.40029 -36.6214 0
      vertex -3.58947 -27.2647 0
      vertex -1.79859 -27.4411 0
    endloop
  endfacet
  facet normal 0 0 -1
    outer loop
      vertex -4.79031 -36.386 0
      vertex -3.58947 -27.2647 0
      vertex -2.40029 -36.6214 0
    endloop
  endfacet
  facet normal 0 0 -1
    outer loop
      vertex -4.79031 -36.386 0
      vertex -5.36498 -26.9716 0
      vertex -3.58947 -27.2647 0
    endloop
  endfacet
  facet normal 0 0 -1
    outer loop
      vertex -7.15981 -35.9948 0
      vertex -5.36498 -26.9716 0
      vertex -4.79031 -36.386 0
    endloop
  endfacet
  facet normal -0 0 -1
    outer loop
      vertex -5.36498 -26.9716 0
      vertex -7.15981 -35.9948 0
      vertex -7.11752 -26.563 0
    endloop
  endfacet
  facet normal 0 0 -1
    outer loop
      vertex -9.49866 -35.4495 0
      vertex -7.11752 -26.563 0
      vertex -7.15981 -35.9948 0
    endloop
  endfacet
  facet normal -0 0 -1
    outer loop
      vertex -7.11752 -26.563 0
      vertex -9.49866 -35.4495 0
      vertex -8.83958 -26.0406 0
    endloop
  endfacet
  facet normal 0 0 -1
    outer loop
      vertex -11.7968 -34.7523 0
      vertex -8.83958 -26.0406 0
      vertex -9.49866 -35.4495 0
    endloop
  endfacet
  facet normal -0 0 -1
    outer loop
      vertex -8.83958 -26.0406 0
      vertex -11.7968 -34.7523 0
      vertex -10.5238 -25.4067 0
    endloop
  endfacet
  facet normal 0 0 -1
    outer loop
      vertex -14.0445 -33.9064 0
      vertex -10.5238 -25.4067 0
      vertex -11.7968 -34.7523 0
    endloop
  endfacet
  facet normal -0 0 -1
    outer loop
      vertex -10.5238 -25.4067 0
      vertex -14.0445 -33.9064 0
      vertex -12.1629 -24.664 0
    endloop
  endfacet
  facet normal 0 0 -1
    outer loop
      vertex -16.232 -32.9152 0
      vertex -12.1629 -24.664 0
      vertex -14.0445 -33.9064 0
    endloop
  endfacet
  facet normal -0 0 -1
    outer loop
      vertex -12.1629 -24.664 0
      vertex -16.232 -32.9152 0
      vertex -13.75 -23.8157 0
    endloop
  endfacet
  facet normal 0 0 -1
    outer loop
      vertex -18.35 -31.7831 0
      vertex -13.75 -23.8157 0
      vertex -16.232 -32.9152 0
    endloop
  endfacet
  facet normal -0 0 -1
    outer loop
      vertex -13.75 -23.8157 0
      vertex -18.35 -31.7831 0
      vertex -15.2782 -22.8654 0
    endloop
  endfacet
  facet normal 0 0 -1
    outer loop
      vertex -20.3894 -30.5149 0
      vertex -15.2782 -22.8654 0
      vertex -18.35 -31.7831 0
    endloop
  endfacet
  facet normal -0 0 -1
    outer loop
      vertex -15.2782 -22.8654 0
      vertex -20.3894 -30.5149 0
      vertex -16.7409 -21.8172 0
    endloop
  endfacet
  facet normal 0 0 -1
    outer loop
      vertex -22.3415 -29.1161 0
      vertex -16.7409 -21.8172 0
      vertex -20.3894 -30.5149 0
    endloop
  endfacet
  facet normal -0 0 -1
    outer loop
      vertex -16.7409 -21.8172 0
      vertex -22.3415 -29.1161 0
      vertex -18.132 -20.6756 0
    endloop
  endfacet
  facet normal 0 0 -1
    outer loop
      vertex -24.198 -27.5925 0
      vertex -18.132 -20.6756 0
      vertex -22.3415 -29.1161 0
    endloop
  endfacet
  facet normal -0 0 -1
    outer loop
      vertex -18.132 -20.6756 0
      vertex -24.198 -27.5925 0
      vertex -19.4454 -19.4454 0
    endloop
  endfacet
  facet normal 0 0 -1
    outer loop
      vertex -25.9508 -25.9508 0
      vertex -19.4454 -19.4454 0
      vertex -24.198 -27.5925 0
    endloop
  endfacet
  facet normal -0 0 -1
    outer loop
      vertex -19.4454 -19.4454 0
      vertex -25.9508 -25.9508 0
      vertex -20.6756 -18.132 0
    endloop
  endfacet
  facet normal 0 0 -1
    outer loop
      vertex -27.5925 -24.198 0
      vertex -20.6756 -18.132 0
      vertex -25.9508 -25.9508 0
    endloop
  endfacet
  facet normal -0 0 -1
    outer loop
      vertex -20.6756 -18.132 0
      vertex -27.5925 -24.198 0
      vertex -21.8172 -16.7409 0
    endloop
  endfacet
  facet normal 0 0 -1
    outer loop
      vertex -29.1161 -22.3415 0
      vertex -21.8172 -16.7409 0
      vertex -27.5925 -24.198 0
    endloop
  endfacet
  facet normal -0 0 -1
    outer loop
      vertex -21.8172 -16.7409 0
      vertex -29.1161 -22.3415 0
      vertex -22.8654 -15.2782 0
    endloop
  endfacet
  facet normal 0 0 -1
    outer loop
      vertex -30.5149 -20.3894 0
      vertex -22.8654 -15.2782 0
      vertex -29.1161 -22.3415 0
    endloop
  endfacet
  facet normal -0 0 -1
    outer loop
      vertex -22.8654 -15.2782 0
      vertex -30.5149 -20.3894 0
      vertex -23.8157 -13.75 0
    endloop
  endfacet
  facet normal 0 0 -1
    outer loop
      vertex -31.7831 -18.35 0
      vertex -23.8157 -13.75 0
      vertex -30.5149 -20.3894 0
    endloop
  endfacet
  facet normal -0 0 -1
    outer loop
      vertex -23.8157 -13.75 0
      vertex -31.7831 -18.35 0
      vertex -24.664 -12.1629 0
    endloop
  endfacet
  facet normal 0 0 -1
    outer loop
      vertex -32.9152 -16.232 0
      vertex -24.664 -12.1629 0
      vertex -31.7831 -18.35 0
    endloop
  endfacet
  facet normal -0 0 -1
    outer loop
      vertex -24.664 -12.1629 0
      vertex -32.9152 -16.232 0
      vertex -25.4067 -10.5238 0
    endloop
  endfacet
  facet normal -0 0 -1
    outer loop
      vertex -25.4067 -10.5238 0
      vertex -33.9064 -14.0445 0
      vertex -26.0406 -8.83958 0
    endloop
  endfacet
  facet normal 0 0 -1
    outer loop
      vertex -33.9064 -14.0445 0
      vertex -25.4067 -10.5238 0
      vertex -32.9152 -16.232 0
    endloop
  endfacet
  facet normal 0 0 -1
    outer loop
      vertex -33.6327 0.803598 0
      vertex -27.4411 1.79859 0
      vertex -33.5852 0.647047 0
    endloop
  endfacet
  facet normal 0 0 -1
    outer loop
      vertex -33.6903 0.956708 0
      vertex -27.4411 1.79859 0
      vertex -33.6327 0.803598 0
    endloop
  endfacet
  facet normal 0 0 -1
    outer loop
      vertex -33.7578 1.10572 0
      vertex -27.4411 1.79859 0
      vertex -33.6903 0.956708 0
    endloop
  endfacet
  facet normal 0 0 -1
    outer loop
      vertex -33.8349 1.25 0
      vertex -27.4411 1.79859 0
      vertex -33.7578 1.10572 0
    endloop
  endfacet
  facet normal -0 0 -1
    outer loop
      vertex -27.4411 1.79859 0
      vertex -33.8349 1.25 0
      vertex -27.2647 3.58947 0
    endloop
  endfacet
  facet normal 0 0 -1
    outer loop
      vertex -33.9213 1.38893 0
      vertex -27.2647 3.58947 0
      vertex -33.8349 1.25 0
    endloop
  endfacet
  facet normal 0 0 -1
    outer loop
      vertex -34.0166 1.5219 0
      vertex -27.2647 3.58947 0
      vertex -33.9213 1.38893 0
    endloop
  endfacet
  facet normal 0 0 -1
    outer loop
      vertex -34.1204 1.64836 0
      vertex -27.2647 3.58947 0
      vertex -34.0166 1.5219 0
    endloop
  endfacet
  facet normal 0 0 -1
    outer loop
      vertex -26.563 7.11752 0
      vertex -33.9064 14.0445 0
      vertex -32.9152 16.232 0
    endloop
  endfacet
  facet normal 0 0 -1
    outer loop
      vertex -34.2322 1.76777 0
      vertex -27.2647 3.58947 0
      vertex -34.1204 1.64836 0
    endloop
  endfacet
  facet normal 0 0 -1
    outer loop
      vertex -34.3516 1.8796 0
      vertex -27.2647 3.58947 0
      vertex -34.2322 1.76777 0
    endloop
  endfacet
  facet normal -0 0 -1
    outer loop
      vertex -27.2647 3.58947 0
      vertex -34.3516 1.8796 0
      vertex -26.9716 5.36498 0
    endloop
  endfacet
  facet normal 0 0 -1
    outer loop
      vertex -34.4781 1.98338 0
      vertex -26.9716 5.36498 0
      vertex -34.3516 1.8796 0
    endloop
  endfacet
  facet normal 0 0 -1
    outer loop
      vertex -26.9716 5.36498 0
      vertex -35.9948 7.15981 0
      vertex -26.563 7.11752 0
    endloop
  endfacet
  facet normal -0 0 -1
    outer loop
      vertex -26.9716 5.36498 0
      vertex -34.4781 1.98338 0
      vertex -35.9948 7.15981 0
    endloop
  endfacet
  facet normal 0 0 -1
    outer loop
      vertex -35.9948 7.15981 0
      vertex -34.4781 1.98338 0
      vertex -34.6111 2.07867 0
    endloop
  endfacet
  facet normal 0 0 -1
    outer loop
      vertex -36.386 4.79031 0
      vertex -34.6111 2.07867 0
      vertex -34.75 2.16506 0
    endloop
  endfacet
  facet normal 0 0 -1
    outer loop
      vertex -26.563 7.11752 0
      vertex -34.7523 11.7968 0
      vertex -33.9064 14.0445 0
    endloop
  endfacet
  facet normal 0 0 -1
    outer loop
      vertex -36.386 4.79031 0
      vertex -34.75 2.16506 0
      vertex -34.8943 2.24218 0
    endloop
  endfacet
  facet normal 0 0 -1
    outer loop
      vertex -36.386 4.79031 0
      vertex -34.8943 2.24218 0
      vertex -35.0433 2.3097 0
    endloop
  endfacet
  facet normal 0 0 -1
    outer loop
      vertex -36.386 4.79031 0
      vertex -35.0433 2.3097 0
      vertex -35.1964 2.36732 0
    endloop
  endfacet
  facet normal 0 0 -1
    outer loop
      vertex -36.386 4.79031 0
      vertex -35.1964 2.36732 0
      vertex -35.353 2.41481 0
    endloop
  endfacet
  facet normal 0 0 -1
    outer loop
      vertex -26.563 7.11752 0
      vertex -35.4495 9.49866 0
      vertex -34.7523 11.7968 0
    endloop
  endfacet
  facet normal 0 0 -1
    outer loop
      vertex -36.386 4.79031 0
      vertex -35.353 2.41481 0
      vertex -35.5123 2.45196 0
    endloop
  endfacet
  facet normal 0 0 -1
    outer loop
      vertex -36.386 4.79031 0
      vertex -35.5123 2.45196 0
      vertex -35.6737 2.47861 0
    endloop
  endfacet
  facet normal 0 0 -1
    outer loop
      vertex -36.386 4.79031 0
      vertex -35.6737 2.47861 0
      vertex -35.8365 2.49465 0
    endloop
  endfacet
  facet normal 0 0 -1
    outer loop
      vertex -26.563 7.11752 0
      vertex -35.9948 7.15981 0
      vertex -35.4495 9.49866 0
    endloop
  endfacet
  facet normal 0 0 -1
    outer loop
      vertex -36.386 4.79031 0
      vertex -35.8365 2.49465 0
      vertex -36 2.5 0
    endloop
  endfacet
  facet normal 0 0 -1
    outer loop
      vertex -36.386 4.79031 0
      vertex -36 2.5 0
      vertex -36.1635 2.49465 0
    endloop
  endfacet
  facet normal 0 0 -1
    outer loop
      vertex -36.386 4.79031 0
      vertex -36.1635 2.49465 0
      vertex -36.3263 2.47861 0
    endloop
  endfacet
  facet normal 0 0 -1
    outer loop
      vertex -34.6111 2.07867 0
      vertex -36.386 4.79031 0
      vertex -35.9948 7.15981 0
    endloop
  endfacet
  facet normal 0 0 -1
    outer loop
      vertex -36.4877 2.45196 0
      vertex -36.386 4.79031 0
      vertex -36.3263 2.47861 0
    endloop
  endfacet
  facet normal 0 0 -1
    outer loop
      vertex -36.386 4.79031 0
      vertex -36.4877 2.45196 0
      vertex -36.6194 2.42127 0
    endloop
  endfacet
  facet normal 0 0 -1
    outer loop
      vertex 25.4067 10.5238 0
      vertex 33.9064 14.0445 0
      vertex 26.0406 8.83958 0
    endloop
  endfacet
  facet normal -0 0 -1
    outer loop
      vertex 33.9064 14.0445 0
      vertex 25.4067 10.5238 0
      vertex 32.9152 16.232 0
    endloop
  endfacet
  facet normal 0 0 -1
    outer loop
      vertex 24.664 12.1629 0
      vertex 32.9152 16.232 0
      vertex 25.4067 10.5238 0
    endloop
  endfacet
  facet normal -0 0 -1
    outer loop
      vertex 32.9152 16.232 0
      vertex 24.664 12.1629 0
      vertex 31.7831 18.35 0
    endloop
  endfacet
  facet normal 0 0 -1
    outer loop
      vertex 23.8157 13.75 0
      vertex 31.7831 18.35 0
      vertex 24.664 12.1629 0
    endloop
  endfacet
  facet normal -0 0 -1
    outer loop
      vertex 31.7831 18.35 0
      vertex 23.8157 13.75 0
      vertex 30.5149 20.3894 0
    endloop
  endfacet
  facet normal 0 0 -1
    outer loop
      vertex 22.8654 15.2782 0
      vertex 30.5149 20.3894 0
      vertex 23.8157 13.75 0
    endloop
  endfacet
  facet normal -0 0 -1
    outer loop
      vertex 30.5149 20.3894 0
      vertex 22.8654 15.2782 0
      vertex 29.1161 22.3415 0
    endloop
  endfacet
  facet normal 0 0 -1
    outer loop
      vertex 21.8172 16.7409 0
      vertex 29.1161 22.3415 0
      vertex 22.8654 15.2782 0
    endloop
  endfacet
  facet normal -0 0 -1
    outer loop
      vertex 29.1161 22.3415 0
      vertex 21.8172 16.7409 0
      vertex 27.5925 24.198 0
    endloop
  endfacet
  facet normal 0 0 -1
    outer loop
      vertex 20.6756 18.132 0
      vertex 27.5925 24.198 0
      vertex 21.8172 16.7409 0
    endloop
  endfacet
  facet normal -0 0 -1
    outer loop
      vertex 27.5925 24.198 0
      vertex 20.6756 18.132 0
      vertex 25.9508 25.9508 0
    endloop
  endfacet
  facet normal 0 0 -1
    outer loop
      vertex 19.4454 19.4454 0
      vertex 25.9508 25.9508 0
      vertex 20.6756 18.132 0
    endloop
  endfacet
  facet normal -0 0 -1
    outer loop
      vertex 25.9508 25.9508 0
      vertex 19.4454 19.4454 0
      vertex 24.198 27.5925 0
    endloop
  endfacet
  facet normal 0 0 -1
    outer loop
      vertex 18.132 20.6756 0
      vertex 24.198 27.5925 0
      vertex 19.4454 19.4454 0
    endloop
  endfacet
  facet normal -0 0 -1
    outer loop
      vertex 24.198 27.5925 0
      vertex 18.132 20.6756 0
      vertex 22.3415 29.1161 0
    endloop
  endfacet
  facet normal 0 0 -1
    outer loop
      vertex 16.7409 21.8172 0
      vertex 22.3415 29.1161 0
      vertex 18.132 20.6756 0
    endloop
  endfacet
  facet normal -0 0 -1
    outer loop
      vertex 22.3415 29.1161 0
      vertex 16.7409 21.8172 0
      vertex 20.3894 30.5149 0
    endloop
  endfacet
  facet normal 0 0 -1
    outer loop
      vertex 15.2782 22.8654 0
      vertex 20.3894 30.5149 0
      vertex 16.7409 21.8172 0
    endloop
  endfacet
  facet normal -0 0 -1
    outer loop
      vertex 20.3894 30.5149 0
      vertex 15.2782 22.8654 0
      vertex 18.35 31.7831 0
    endloop
  endfacet
  facet normal 0 0 -1
    outer loop
      vertex 13.75 23.8157 0
      vertex 18.35 31.7831 0
      vertex 15.2782 22.8654 0
    endloop
  endfacet
  facet normal -0 0 -1
    outer loop
      vertex 18.35 31.7831 0
      vertex 13.75 23.8157 0
      vertex 16.232 32.9152 0
    endloop
  endfacet
  facet normal 0 0 -1
    outer loop
      vertex 12.1629 24.664 0
      vertex 16.232 32.9152 0
      vertex 13.75 23.8157 0
    endloop
  endfacet
  facet normal -0 0 -1
    outer loop
      vertex 16.232 32.9152 0
      vertex 12.1629 24.664 0
      vertex 14.0445 33.9064 0
    endloop
  endfacet
  facet normal 0 0 -1
    outer loop
      vertex 10.5238 25.4067 0
      vertex 14.0445 33.9064 0
      vertex 12.1629 24.664 0
    endloop
  endfacet
  facet normal -0 0 -1
    outer loop
      vertex 14.0445 33.9064 0
      vertex 10.5238 25.4067 0
      vertex 11.7968 34.7523 0
    endloop
  endfacet
  facet normal 0 0 -1
    outer loop
      vertex 8.83958 26.0406 0
      vertex 11.7968 34.7523 0
      vertex 10.5238 25.4067 0
    endloop
  endfacet
  facet normal -0 0 -1
    outer loop
      vertex 11.7968 34.7523 0
      vertex 8.83958 26.0406 0
      vertex 9.49866 35.4495 0
    endloop
  endfacet
  facet normal 0 0 -1
    outer loop
      vertex 7.11752 26.563 0
      vertex 9.49866 35.4495 0
      vertex 8.83958 26.0406 0
    endloop
  endfacet
  facet normal -0 0 -1
    outer loop
      vertex 9.49866 35.4495 0
      vertex 7.11752 26.563 0
      vertex 7.15981 35.9948 0
    endloop
  endfacet
  facet normal 0 0 -1
    outer loop
      vertex 5.36498 26.9716 0
      vertex 7.15981 35.9948 0
      vertex 7.11752 26.563 0
    endloop
  endfacet
  facet normal 0 0 -1
    outer loop
      vertex 5.36498 26.9716 0
      vertex 4.79031 36.386 0
      vertex 7.15981 35.9948 0
    endloop
  endfacet
  facet normal 0 0 -1
    outer loop
      vertex 3.58947 27.2647 0
      vertex 4.79031 36.386 0
      vertex 5.36498 26.9716 0
    endloop
  endfacet
  facet normal 0 0 -1
    outer loop
      vertex 3.58947 27.2647 0
      vertex 2.40029 36.6214 0
      vertex 4.79031 36.386 0
    endloop
  endfacet
  facet normal 0 0 -1
    outer loop
      vertex 1.79859 27.4411 0
      vertex 2.40029 36.6214 0
      vertex 3.58947 27.2647 0
    endloop
  endfacet
  facet normal 0 0 -1
    outer loop
      vertex 0 27.5 0
      vertex 2.40029 36.6214 0
      vertex 1.79859 27.4411 0
    endloop
  endfacet
  facet normal 0 0 -1
    outer loop
      vertex 0 27.5 0
      vertex 0 36.7 0
      vertex 2.40029 36.6214 0
    endloop
  endfacet
  facet normal 0 0 -1
    outer loop
      vertex -1.79859 27.4411 0
      vertex 0 36.7 0
      vertex 0 27.5 0
    endloop
  endfacet
  facet normal 0 0 -1
    outer loop
      vertex -1.79859 27.4411 0
      vertex -2.40029 36.6214 0
      vertex 0 36.7 0
    endloop
  endfacet
  facet normal 0 0 -1
    outer loop
      vertex -3.58947 27.2647 0
      vertex -2.40029 36.6214 0
      vertex -1.79859 27.4411 0
    endloop
  endfacet
  facet normal 0 0 -1
    outer loop
      vertex -3.58947 27.2647 0
      vertex -4.79031 36.386 0
      vertex -2.40029 36.6214 0
    endloop
  endfacet
  facet normal 0 0 -1
    outer loop
      vertex -5.36498 26.9716 0
      vertex -4.79031 36.386 0
      vertex -3.58947 27.2647 0
    endloop
  endfacet
  facet normal 0 0 -1
    outer loop
      vertex -7.15981 35.9948 0
      vertex -5.36498 26.9716 0
      vertex -7.11752 26.563 0
    endloop
  endfacet
  facet normal 0 0 -1
    outer loop
      vertex -5.36498 26.9716 0
      vertex -7.15981 35.9948 0
      vertex -4.79031 36.386 0
    endloop
  endfacet
  facet normal 0 0 -1
    outer loop
      vertex -9.49866 35.4495 0
      vertex -7.11752 26.563 0
      vertex -8.83958 26.0406 0
    endloop
  endfacet
  facet normal 0 0 -1
    outer loop
      vertex -7.11752 26.563 0
      vertex -9.49866 35.4495 0
      vertex -7.15981 35.9948 0
    endloop
  endfacet
  facet normal 0 0 -1
    outer loop
      vertex -11.7968 34.7523 0
      vertex -8.83958 26.0406 0
      vertex -10.5238 25.4067 0
    endloop
  endfacet
  facet normal 0 0 -1
    outer loop
      vertex -8.83958 26.0406 0
      vertex -11.7968 34.7523 0
      vertex -9.49866 35.4495 0
    endloop
  endfacet
  facet normal 0 0 -1
    outer loop
      vertex -14.0445 33.9064 0
      vertex -10.5238 25.4067 0
      vertex -12.1629 24.664 0
    endloop
  endfacet
  facet normal 0 0 -1
    outer loop
      vertex -16.232 32.9152 0
      vertex -12.1629 24.664 0
      vertex -13.75 23.8157 0
    endloop
  endfacet
  facet normal 0 0 -1
    outer loop
      vertex -10.5238 25.4067 0
      vertex -14.0445 33.9064 0
      vertex -11.7968 34.7523 0
    endloop
  endfacet
  facet normal 0 0 -1
    outer loop
      vertex -18.35 31.7831 0
      vertex -13.75 23.8157 0
      vertex -15.2782 22.8654 0
    endloop
  endfacet
  facet normal 0 0 -1
    outer loop
      vertex -12.1629 24.664 0
      vertex -16.232 32.9152 0
      vertex -14.0445 33.9064 0
    endloop
  endfacet
  facet normal 0 0 -1
    outer loop
      vertex -20.3894 30.5149 0
      vertex -15.2782 22.8654 0
      vertex -16.7409 21.8172 0
    endloop
  endfacet
  facet normal 0 0 -1
    outer loop
      vertex -22.3415 29.1161 0
      vertex -16.7409 21.8172 0
      vertex -18.132 20.6756 0
    endloop
  endfacet
  facet normal 0 0 -1
    outer loop
      vertex -13.75 23.8157 0
      vertex -18.35 31.7831 0
      vertex -16.232 32.9152 0
    endloop
  endfacet
  facet normal 0 0 -1
    outer loop
      vertex -24.198 27.5925 0
      vertex -18.132 20.6756 0
      vertex -19.4454 19.4454 0
    endloop
  endfacet
  facet normal 0 0 -1
    outer loop
      vertex -15.2782 22.8654 0
      vertex -20.3894 30.5149 0
      vertex -18.35 31.7831 0
    endloop
  endfacet
  facet normal 0 0 -1
    outer loop
      vertex -25.9508 25.9508 0
      vertex -19.4454 19.4454 0
      vertex -20.6756 18.132 0
    endloop
  endfacet
  facet normal 0 0 -1
    outer loop
      vertex -27.5925 24.198 0
      vertex -20.6756 18.132 0
      vertex -21.8172 16.7409 0
    endloop
  endfacet
  facet normal 0 0 -1
    outer loop
      vertex -16.7409 21.8172 0
      vertex -22.3415 29.1161 0
      vertex -20.3894 30.5149 0
    endloop
  endfacet
  facet normal 0 0 -1
    outer loop
      vertex -29.1161 22.3415 0
      vertex -21.8172 16.7409 0
      vertex -22.8654 15.2782 0
    endloop
  endfacet
  facet normal 0 0 -1
    outer loop
      vertex -30.5149 20.3894 0
      vertex -22.8654 15.2782 0
      vertex -23.8157 13.75 0
    endloop
  endfacet
  facet normal 0 0 -1
    outer loop
      vertex -18.132 20.6756 0
      vertex -24.198 27.5925 0
      vertex -22.3415 29.1161 0
    endloop
  endfacet
  facet normal 0 0 -1
    outer loop
      vertex -31.7831 18.35 0
      vertex -23.8157 13.75 0
      vertex -24.664 12.1629 0
    endloop
  endfacet
  facet normal 0 0 -1
    outer loop
      vertex -32.9152 16.232 0
      vertex -24.664 12.1629 0
      vertex -25.4067 10.5238 0
    endloop
  endfacet
  facet normal 0 0 -1
    outer loop
      vertex -19.4454 19.4454 0
      vertex -25.9508 25.9508 0
      vertex -24.198 27.5925 0
    endloop
  endfacet
  facet normal 0 0 -1
    outer loop
      vertex -32.9152 16.232 0
      vertex -25.4067 10.5238 0
      vertex -26.0406 8.83958 0
    endloop
  endfacet
  facet normal 0 0 -1
    outer loop
      vertex -32.9152 16.232 0
      vertex -26.0406 8.83958 0
      vertex -26.563 7.11752 0
    endloop
  endfacet
  facet normal 0 0 -1
    outer loop
      vertex -33.5852 0.647047 0
      vertex -27.4411 1.79859 0
      vertex -33.548 0.487725 0
    endloop
  endfacet
  facet normal 0 0 -1
    outer loop
      vertex -33.548 0.487725 0
      vertex -27.5 0 0
      vertex -33.5214 0.326315 0
    endloop
  endfacet
  facet normal 0 0 -1
    outer loop
      vertex -33.5214 0.326315 0
      vertex -27.5 0 0
      vertex -33.5054 0.163507 0
    endloop
  endfacet
  facet normal 0 0 -1
    outer loop
      vertex -20.6756 18.132 0
      vertex -27.5925 24.198 0
      vertex -25.9508 25.9508 0
    endloop
  endfacet
  facet normal 0 0 -1
    outer loop
      vertex -33.5054 0.163507 0
      vertex -27.5 0 0
      vertex -33.5 0 0
    endloop
  endfacet
  facet normal 0 0 -1
    outer loop
      vertex -34.7523 -11.7968 0
      vertex -26.0406 -8.83958 0
      vertex -33.9064 -14.0445 0
    endloop
  endfacet
  facet normal -0 0 -1
    outer loop
      vertex -26.0406 -8.83958 0
      vertex -34.7523 -11.7968 0
      vertex -26.563 -7.11752 0
    endloop
  endfacet
  facet normal 0 0 -1
    outer loop
      vertex -27.5 0 0
      vertex -33.548 0.487725 0
      vertex -27.4411 1.79859 0
    endloop
  endfacet
  facet normal 0 0 -1
    outer loop
      vertex -35.4495 -9.49866 0
      vertex -26.563 -7.11752 0
      vertex -34.7523 -11.7968 0
    endloop
  endfacet
  facet normal 0 0 -1
    outer loop
      vertex -21.8172 16.7409 0
      vertex -29.1161 22.3415 0
      vertex -27.5925 24.198 0
    endloop
  endfacet
  facet normal -0 0 -1
    outer loop
      vertex -26.563 -7.11752 0
      vertex -35.4495 -9.49866 0
      vertex -26.9716 -5.36498 0
    endloop
  endfacet
  facet normal 0 0 -1
    outer loop
      vertex -22.8654 15.2782 0
      vertex -30.5149 20.3894 0
      vertex -29.1161 22.3415 0
    endloop
  endfacet
  facet normal 0 0 -1
    outer loop
      vertex -35.9948 -7.15981 0
      vertex -26.9716 -5.36498 0
      vertex -35.4495 -9.49866 0
    endloop
  endfacet
  facet normal 0 0 -1
    outer loop
      vertex -23.8157 13.75 0
      vertex -31.7831 18.35 0
      vertex -30.5149 20.3894 0
    endloop
  endfacet
  facet normal 0 0 -1
    outer loop
      vertex -24.664 12.1629 0
      vertex -32.9152 16.232 0
      vertex -31.7831 18.35 0
    endloop
  endfacet
  facet normal -0 0 -1
    outer loop
      vertex -27.5 0 0
      vertex -33.5054 -0.163507 0
      vertex -33.5 0 0
    endloop
  endfacet
  facet normal 0 0 -1
    outer loop
      vertex -27.5 0 0
      vertex -33.5214 -0.326315 0
      vertex -33.5054 -0.163507 0
    endloop
  endfacet
  facet normal 0 0 -1
    outer loop
      vertex -27.5 0 0
      vertex -33.548 -0.487725 0
      vertex -33.5214 -0.326315 0
    endloop
  endfacet
  facet normal 0 0 -1
    outer loop
      vertex -27.4411 -1.79859 0
      vertex -33.548 -0.487725 0
      vertex -27.5 0 0
    endloop
  endfacet
  facet normal 0 -0 -1
    outer loop
      vertex -33.548 -0.487725 0
      vertex -27.4411 -1.79859 0
      vertex -33.5852 -0.647047 0
    endloop
  endfacet
  facet normal 0 -0 -1
    outer loop
      vertex -33.5852 -0.647047 0
      vertex -27.4411 -1.79859 0
      vertex -33.6327 -0.803598 0
    endloop
  endfacet
  facet normal 0 -0 -1
    outer loop
      vertex -34.4781 -1.98338 0
      vertex -26.9716 -5.36498 0
      vertex -35.9948 -7.15981 0
    endloop
  endfacet
  facet normal 0 -0 -1
    outer loop
      vertex -33.6327 -0.803598 0
      vertex -27.4411 -1.79859 0
      vertex -33.6903 -0.956708 0
    endloop
  endfacet
  facet normal 0 -0 -1
    outer loop
      vertex -34.3516 -1.8796 0
      vertex -26.9716 -5.36498 0
      vertex -34.4781 -1.98338 0
    endloop
  endfacet
  facet normal 0 -0 -1
    outer loop
      vertex -33.6903 -0.956708 0
      vertex -27.4411 -1.79859 0
      vertex -33.7578 -1.10572 0
    endloop
  endfacet
  facet normal 0 -0 -1
    outer loop
      vertex -33.7578 -1.10572 0
      vertex -27.4411 -1.79859 0
      vertex -33.8349 -1.25 0
    endloop
  endfacet
  facet normal 0 -0 -1
    outer loop
      vertex -34.2322 -1.76777 0
      vertex -27.2647 -3.58947 0
      vertex -34.3516 -1.8796 0
    endloop
  endfacet
  facet normal 0 0 -1
    outer loop
      vertex -27.2647 -3.58947 0
      vertex -33.8349 -1.25 0
      vertex -27.4411 -1.79859 0
    endloop
  endfacet
  facet normal 0 -0 -1
    outer loop
      vertex -33.8349 -1.25 0
      vertex -27.2647 -3.58947 0
      vertex -33.9213 -1.38893 0
    endloop
  endfacet
  facet normal 0 -0 -1
    outer loop
      vertex -34.0166 -1.5219 0
      vertex -27.2647 -3.58947 0
      vertex -34.1204 -1.64836 0
    endloop
  endfacet
  facet normal 0 -0 -1
    outer loop
      vertex -33.9213 -1.38893 0
      vertex -27.2647 -3.58947 0
      vertex -34.0166 -1.5219 0
    endloop
  endfacet
  facet normal 0 -0 -1
    outer loop
      vertex -34.1204 -1.64836 0
      vertex -27.2647 -3.58947 0
      vertex -34.2322 -1.76777 0
    endloop
  endfacet
  facet normal 0 0 -1
    outer loop
      vertex -26.9716 -5.36498 0
      vertex -34.3516 -1.8796 0
      vertex -27.2647 -3.58947 0
    endloop
  endfacet
  facet normal 0 0 -1
    outer loop
      vertex -34.4781 -1.98338 0
      vertex -35.9948 -7.15981 0
      vertex -34.6111 -2.07867 0
    endloop
  endfacet
  facet normal 0 0 -1
    outer loop
      vertex -36.386 -4.79031 0
      vertex -34.6111 -2.07867 0
      vertex -35.9948 -7.15981 0
    endloop
  endfacet
  facet normal 0 0 -1
    outer loop
      vertex -34.6111 -2.07867 0
      vertex -36.386 -4.79031 0
      vertex -34.75 -2.16506 0
    endloop
  endfacet
  facet normal 0 0 -1
    outer loop
      vertex -34.75 -2.16506 0
      vertex -36.386 -4.79031 0
      vertex -34.8943 -2.24218 0
    endloop
  endfacet
  facet normal 0 0 -1
    outer loop
      vertex -34.8943 -2.24218 0
      vertex -36.386 -4.79031 0
      vertex -35.0433 -2.3097 0
    endloop
  endfacet
  facet normal 0 0 -1
    outer loop
      vertex -35.0433 -2.3097 0
      vertex -36.386 -4.79031 0
      vertex -35.1964 -2.36732 0
    endloop
  endfacet
  facet normal 0 0 -1
    outer loop
      vertex -35.1964 -2.36732 0
      vertex -36.386 -4.79031 0
      vertex -35.353 -2.41481 0
    endloop
  endfacet
  facet normal 0 0 -1
    outer loop
      vertex -35.353 -2.41481 0
      vertex -36.386 -4.79031 0
      vertex -35.5123 -2.45196 0
    endloop
  endfacet
  facet normal 0 0 -1
    outer loop
      vertex -35.5123 -2.45196 0
      vertex -36.386 -4.79031 0
      vertex -35.6737 -2.47861 0
    endloop
  endfacet
  facet normal 0 0 -1
    outer loop
      vertex -35.6737 -2.47861 0
      vertex -36.386 -4.79031 0
      vertex -35.8365 -2.49465 0
    endloop
  endfacet
  facet normal 0 0 -1
    outer loop
      vertex -35.8365 -2.49465 0
      vertex -36.386 -4.79031 0
      vertex -36 -2.5 0
    endloop
  endfacet
  facet normal -0 0 -1
    outer loop
      vertex -36 -2.5 0
      vertex -36.386 -4.79031 0
      vertex -36.1635 -2.49465 0
    endloop
  endfacet
  facet normal -0 0 -1
    outer loop
      vertex -36.1635 -2.49465 0
      vertex -36.386 -4.79031 0
      vertex -36.3263 -2.47861 0
    endloop
  endfacet
  facet normal 0 0 -1
    outer loop
      vertex -36.386 -4.79031 0
      vertex -36.4877 -2.45196 0
      vertex -36.3263 -2.47861 0
    endloop
  endfacet
  facet normal -0 -0 -1
    outer loop
      vertex -36.4877 -2.45196 0
      vertex -36.386 -4.79031 0
      vertex -36.6194 -2.42127 0
    endloop
  endfacet
  facet normal -0.973881 -0.227059 0
    outer loop
      vertex -35.4495 -9.49866 0
      vertex -35.9948 -7.15981 4
      vertex -35.9948 -7.15981 0
    endloop
  endfacet
  facet normal -0.973881 -0.227059 0
    outer loop
      vertex -35.9948 -7.15981 4
      vertex -35.4495 -9.49866 0
      vertex -35.4495 -9.49866 4
    endloop
  endfacet
  facet normal 0.935916 -0.352223 0
    outer loop
      vertex 33.9064 -14.0445 4
      vertex 34.7523 -11.7968 0
      vertex 34.7523 -11.7968 4
    endloop
  endfacet
  facet normal 0.935916 -0.352223 0
    outer loop
      vertex 34.7523 -11.7968 0
      vertex 33.9064 -14.0445 4
      vertex 33.9064 -14.0445 0
    endloop
  endfacet
  facet normal -0.995182 0.0980462 0
    outer loop
      vertex -36.6194 2.42127 0
      vertex -36.386 4.79031 4
      vertex -36.386 4.79031 0
    endloop
  endfacet
  facet normal -0.995182 0.0980462 0
    outer loop
      vertex -36.386 4.79031 4
      vertex -36.6194 2.42127 0
      vertex -36.6194 2.42127 4
    endloop
  endfacet
  facet normal 0.973881 0.227059 0
    outer loop
      vertex 35.9948 7.15981 4
      vertex 35.4495 9.49866 0
      vertex 35.4495 9.49866 4
    endloop
  endfacet
  facet normal 0.973881 0.227059 0
    outer loop
      vertex 35.4495 9.49866 0
      vertex 35.9948 7.15981 4
      vertex 35.9948 7.15981 0
    endloop
  endfacet
  facet normal 0.935916 0.352223 0
    outer loop
      vertex 34.7523 11.7968 4
      vertex 33.9064 14.0445 0
      vertex 33.9064 14.0445 4
    endloop
  endfacet
  facet normal 0.935916 0.352223 0
    outer loop
      vertex 33.9064 14.0445 0
      vertex 34.7523 11.7968 4
      vertex 34.7523 11.7968 0
    endloop
  endfacet
  facet normal -0.634396 0.773008 0
    outer loop
      vertex -22.3415 29.1161 0
      vertex -24.198 27.5925 4
      vertex -22.3415 29.1161 4
    endloop
  endfacet
  facet normal -0.634396 0.773008 0
    outer loop
      vertex -24.198 27.5925 4
      vertex -22.3415 29.1161 0
      vertex -24.198 27.5925 0
    endloop
  endfacet
  facet normal 0.986644 0.162893 0
    outer loop
      vertex 36.386 4.79031 4
      vertex 35.9948 7.15981 0
      vertex 35.9948 7.15981 4
    endloop
  endfacet
  facet normal 0.986644 0.162893 0
    outer loop
      vertex 35.9948 7.15981 0
      vertex 36.386 4.79031 4
      vertex 36.386 4.79031 0
    endloop
  endfacet
  facet normal -0.528074 0.849199 0
    outer loop
      vertex -18.35 31.7831 0
      vertex -20.3894 30.5149 4
      vertex -18.35 31.7831 4
    endloop
  endfacet
  facet normal -0.528074 0.849199 0
    outer loop
      vertex -20.3894 30.5149 4
      vertex -18.35 31.7831 0
      vertex -20.3894 30.5149 0
    endloop
  endfacet
  facet normal 0.29031 0.956933 -0
    outer loop
      vertex 11.7968 34.7523 0
      vertex 9.49866 35.4495 4
      vertex 11.7968 34.7523 4
    endloop
  endfacet
  facet normal 0.29031 0.956933 0
    outer loop
      vertex 9.49866 35.4495 4
      vertex 11.7968 34.7523 0
      vertex 9.49866 35.4495 0
    endloop
  endfacet
  facet normal -0.683598 -0.729859 0
    outer loop
      vertex -25.9508 -25.9508 0
      vertex -24.198 -27.5925 4
      vertex -25.9508 -25.9508 4
    endloop
  endfacet
  facet normal -0.683598 -0.729859 -0
    outer loop
      vertex -24.198 -27.5925 4
      vertex -25.9508 -25.9508 0
      vertex -24.198 -27.5925 0
    endloop
  endfacet
  facet normal -0.0327285 0.999464 0
    outer loop
      vertex 0 36.7 0
      vertex -2.40029 36.6214 4
      vertex 0 36.7 4
    endloop
  endfacet
  facet normal -0.0327285 0.999464 0
    outer loop
      vertex -2.40029 36.6214 4
      vertex 0 36.7 0
      vertex -2.40029 36.6214 0
    endloop
  endfacet
  facet normal 0.29031 -0.956933 0
    outer loop
      vertex 9.49866 -35.4495 0
      vertex 11.7968 -34.7523 4
      vertex 9.49866 -35.4495 4
    endloop
  endfacet
  facet normal 0.29031 -0.956933 0
    outer loop
      vertex 11.7968 -34.7523 4
      vertex 9.49866 -35.4495 0
      vertex 11.7968 -34.7523 0
    endloop
  endfacet
  facet normal -0.88192 -0.471398 0
    outer loop
      vertex -31.7831 -18.35 0
      vertex -32.9152 -16.232 4
      vertex -32.9152 -16.232 0
    endloop
  endfacet
  facet normal -0.88192 -0.471398 0
    outer loop
      vertex -32.9152 -16.232 4
      vertex -31.7831 -18.35 0
      vertex -31.7831 -18.35 4
    endloop
  endfacet
  facet normal -0.0980186 -0.995185 0
    outer loop
      vertex -4.79031 -36.386 0
      vertex -2.40029 -36.6214 4
      vertex -4.79031 -36.386 4
    endloop
  endfacet
  facet normal -0.0980186 -0.995185 -0
    outer loop
      vertex -2.40029 -36.6214 4
      vertex -4.79031 -36.386 0
      vertex -2.40029 -36.6214 0
    endloop
  endfacet
  facet normal 0.88192 -0.471398 0
    outer loop
      vertex 31.7831 -18.35 4
      vertex 32.9152 -16.232 0
      vertex 32.9152 -16.232 4
    endloop
  endfacet
  facet normal 0.88192 -0.471398 0
    outer loop
      vertex 32.9152 -16.232 0
      vertex 31.7831 -18.35 4
      vertex 31.7831 -18.35 0
    endloop
  endfacet
  facet normal 0.634396 -0.773008 0
    outer loop
      vertex 22.3415 -29.1161 0
      vertex 24.198 -27.5925 4
      vertex 22.3415 -29.1161 4
    endloop
  endfacet
  facet normal 0.634396 -0.773008 0
    outer loop
      vertex 24.198 -27.5925 4
      vertex 22.3415 -29.1161 0
      vertex 24.198 -27.5925 0
    endloop
  endfacet
  facet normal 0.162893 0.986644 -0
    outer loop
      vertex 7.15981 35.9948 0
      vertex 4.79031 36.386 4
      vertex 7.15981 35.9948 4
    endloop
  endfacet
  facet normal 0.162893 0.986644 0
    outer loop
      vertex 4.79031 36.386 4
      vertex 7.15981 35.9948 0
      vertex 4.79031 36.386 0
    endloop
  endfacet
  facet normal -0.471398 -0.88192 0
    outer loop
      vertex -18.35 -31.7831 0
      vertex -16.232 -32.9152 4
      vertex -18.35 -31.7831 4
    endloop
  endfacet
  facet normal -0.471398 -0.88192 -0
    outer loop
      vertex -16.232 -32.9152 4
      vertex -18.35 -31.7831 0
      vertex -16.232 -32.9152 0
    endloop
  endfacet
  facet normal -0.227059 0.973881 0
    outer loop
      vertex -7.15981 35.9948 0
      vertex -9.49866 35.4495 4
      vertex -7.15981 35.9948 4
    endloop
  endfacet
  facet normal -0.227059 0.973881 0
    outer loop
      vertex -9.49866 35.4495 4
      vertex -7.15981 35.9948 0
      vertex -9.49866 35.4495 0
    endloop
  endfacet
  facet normal -0.29031 -0.956933 0
    outer loop
      vertex -11.7968 -34.7523 0
      vertex -9.49866 -35.4495 4
      vertex -11.7968 -34.7523 4
    endloop
  endfacet
  facet normal -0.29031 -0.956933 -0
    outer loop
      vertex -9.49866 -35.4495 4
      vertex -11.7968 -34.7523 0
      vertex -9.49866 -35.4495 0
    endloop
  endfacet
  facet normal -0.849199 0.528074 0
    outer loop
      vertex -31.7831 18.35 0
      vertex -30.5149 20.3894 4
      vertex -30.5149 20.3894 0
    endloop
  endfacet
  facet normal -0.849199 0.528074 0
    outer loop
      vertex -30.5149 20.3894 4
      vertex -31.7831 18.35 0
      vertex -31.7831 18.35 4
    endloop
  endfacet
  facet normal -0.88192 0.471398 0
    outer loop
      vertex -32.9152 16.232 0
      vertex -31.7831 18.35 4
      vertex -31.7831 18.35 0
    endloop
  endfacet
  facet normal -0.88192 0.471398 0
    outer loop
      vertex -31.7831 18.35 4
      vertex -32.9152 16.232 0
      vertex -32.9152 16.232 4
    endloop
  endfacet
  facet normal -0.812803 -0.582538 0
    outer loop
      vertex 38.0787 1.38893 4
      vertex 37.9834 1.5219 9
      vertex 37.9834 1.5219 4
    endloop
  endfacet
  facet normal -0.812803 -0.582538 0
    outer loop
      vertex 37.9834 1.5219 9
      vertex 38.0787 1.38893 4
      vertex 38.0787 1.38893 9
    endloop
  endfacet
  facet normal 0.162912 0.986641 -0
    outer loop
      vertex 35.6737 -2.47861 0
      vertex 35.5123 -2.45196 9
      vertex 35.6737 -2.47861 9
    endloop
  endfacet
  facet normal 0.162912 0.986641 0
    outer loop
      vertex 35.5123 -2.45196 9
      vertex 35.6737 -2.47861 0
      vertex 35.5123 -2.45196 0
    endloop
  endfacet
  facet normal -0.995206 -0.0978041 0
    outer loop
      vertex 38.4946 0.163507 4
      vertex 38.4786 0.326315 9
      vertex 38.4786 0.326315 4
    endloop
  endfacet
  facet normal -0.995206 -0.0978041 0
    outer loop
      vertex 38.4786 0.326315 9
      vertex 38.4946 0.163507 4
      vertex 38.4946 0.163507 9
    endloop
  endfacet
  facet normal -0.999455 -0.0330081 0
    outer loop
      vertex 38.5 0 4
      vertex 38.4946 0.163507 9
      vertex 38.4946 0.163507 4
    endloop
  endfacet
  facet normal -0.999455 -0.0330081 0
    outer loop
      vertex 38.4946 0.163507 9
      vertex 38.5 0 4
      vertex 38.5 0 9
    endloop
  endfacet
  facet normal -0.0327042 0.999465 0
    outer loop
      vertex 36.1635 -2.49465 0
      vertex 36 -2.5 9
      vertex 36.1635 -2.49465 9
    endloop
  endfacet
  facet normal -0.0327042 0.999465 0
    outer loop
      vertex 36 -2.5 9
      vertex 36.1635 -2.49465 0
      vertex 36 -2.5 0
    endloop
  endfacet
  facet normal 0.986691 -0.162604 0
    outer loop
      vertex 33.5214 0.326315 9
      vertex 33.548 0.487725 0
      vertex 33.548 0.487725 9
    endloop
  endfacet
  facet normal 0.986691 -0.162604 0
    outer loop
      vertex 33.548 0.487725 0
      vertex 33.5214 0.326315 9
      vertex 33.5214 0.326315 0
    endloop
  endfacet
  facet normal 0.290206 -0.956964 0
    outer loop
      vertex 35.1964 2.36732 0
      vertex 35.353 2.41481 9
      vertex 35.1964 2.36732 9
    endloop
  endfacet
  facet normal 0.290206 -0.956964 0
    outer loop
      vertex 35.353 2.41481 9
      vertex 35.1964 2.36732 0
      vertex 35.353 2.41481 0
    endloop
  endfacet
  facet normal -0.634262 -0.773118 0
    outer loop
      vertex 37.5219 1.98338 4
      vertex 37.6484 1.8796 9
      vertex 37.5219 1.98338 9
    endloop
  endfacet
  facet normal -0.634262 -0.773118 -0
    outer loop
      vertex 37.6484 1.8796 9
      vertex 37.5219 1.98338 4
      vertex 37.6484 1.8796 4
    endloop
  endfacet
  facet normal 0.956922 0.290345 0
    outer loop
      vertex 33.6327 -0.803598 9
      vertex 33.5852 -0.647047 0
      vertex 33.5852 -0.647047 9
    endloop
  endfacet
  facet normal 0.956922 0.290345 0
    outer loop
      vertex 33.5852 -0.647047 0
      vertex 33.6327 -0.803598 9
      vertex 33.6327 -0.803598 0
    endloop
  endfacet
  facet normal 0.995206 0.0978041 0
    outer loop
      vertex 33.5214 -0.326315 9
      vertex 33.5054 -0.163507 0
      vertex 33.5054 -0.163507 9
    endloop
  endfacet
  facet normal 0.995206 0.0978041 0
    outer loop
      vertex 33.5054 -0.163507 0
      vertex 33.5214 -0.326315 9
      vertex 33.5214 -0.326315 0
    endloop
  endfacet
  facet normal -0.956922 0.290345 0
    outer loop
      vertex 38.3673 -0.803598 4
      vertex 38.4148 -0.647047 9
      vertex 38.4148 -0.647047 4
    endloop
  endfacet
  facet normal -0.956922 0.290345 0
    outer loop
      vertex 38.4148 -0.647047 9
      vertex 38.3673 -0.803598 4
      vertex 38.3673 -0.803598 9
    endloop
  endfacet
  facet normal -0.77296 0.634455 0
    outer loop
      vertex 37.8796 -1.64836 4
      vertex 37.9834 -1.5219 9
      vertex 37.9834 -1.5219 4
    endloop
  endfacet
  facet normal -0.77296 0.634455 0
    outer loop
      vertex 37.9834 -1.5219 9
      vertex 37.8796 -1.64836 4
      vertex 37.8796 -1.64836 9
    endloop
  endfacet
  facet normal -0.290206 0.956964 0
    outer loop
      vertex 36.8036 -2.36732 4
      vertex 36.647 -2.41481 9
      vertex 36.8036 -2.36732 9
    endloop
  endfacet
  facet normal -0.290206 0.956964 0
    outer loop
      vertex 36.647 -2.41481 9
      vertex 36.8036 -2.36732 4
      vertex 36.647 -2.41481 4
    endloop
  endfacet
  facet normal -0.935959 0.352108 0
    outer loop
      vertex 38.3097 -0.956708 4
      vertex 38.3673 -0.803598 9
      vertex 38.3673 -0.803598 4
    endloop
  endfacet
  facet normal -0.935959 0.352108 0
    outer loop
      vertex 38.3673 -0.803598 9
      vertex 38.3097 -0.956708 4
      vertex 38.3097 -0.956708 9
    endloop
  endfacet
  facet normal -0.227899 0.973685 0
    outer loop
      vertex 36.6194 -2.42127 4
      vertex 36.647 -2.41481 9
      vertex 36.647 -2.41481 4
    endloop
  endfacet
  facet normal -0.227114 0.973868 -4.57039e-06
    outer loop
      vertex 36.647 -2.41481 9
      vertex 36.6194 -2.42127 4
      vertex 36.4877 -2.45196 9
    endloop
  endfacet
  facet normal -0.226949 0.973907 0
    outer loop
      vertex 36.4877 -2.45196 0
      vertex 36.6194 -2.42127 4
      vertex 36.6194 -2.42127 0
    endloop
  endfacet
  facet normal -0.226949 0.973907 0
    outer loop
      vertex 36.6194 -2.42127 4
      vertex 36.4877 -2.45196 0
      vertex 36.4877 -2.45196 9
    endloop
  endfacet
  facet normal -0.849181 -0.528102 0
    outer loop
      vertex 38.1651 1.25 4
      vertex 38.0787 1.38893 9
      vertex 38.0787 1.38893 4
    endloop
  endfacet
  facet normal -0.849181 -0.528102 0
    outer loop
      vertex 38.0787 1.38893 9
      vertex 38.1651 1.25 4
      vertex 38.1651 1.25 9
    endloop
  endfacet
  facet normal -0.471349 0.881947 0
    outer loop
      vertex 37.25 -2.16506 4
      vertex 37.1057 -2.24218 9
      vertex 37.25 -2.16506 9
    endloop
  endfacet
  facet normal -0.471349 0.881947 0
    outer loop
      vertex 37.1057 -2.24218 9
      vertex 37.25 -2.16506 4
      vertex 37.1057 -2.24218 4
    endloop
  endfacet
  facet normal -0.412753 -0.910843 0
    outer loop
      vertex 36.9567 2.3097 4
      vertex 37.1057 2.24218 9
      vertex 36.9567 2.3097 9
    endloop
  endfacet
  facet normal -0.412753 -0.910843 -0
    outer loop
      vertex 37.1057 2.24218 9
      vertex 36.9567 2.3097 4
      vertex 37.1057 2.24218 4
    endloop
  endfacet
  facet normal 0.77296 0.634455 0
    outer loop
      vertex 34.1204 -1.64836 9
      vertex 34.0166 -1.5219 0
      vertex 34.0166 -1.5219 9
    endloop
  endfacet
  facet normal 0.77296 0.634455 0
    outer loop
      vertex 34.0166 -1.5219 0
      vertex 34.1204 -1.64836 9
      vertex 34.1204 -1.64836 0
    endloop
  endfacet
  facet normal 0.582411 -0.812894 0
    outer loop
      vertex 34.4781 1.98338 0
      vertex 34.6111 2.07867 9
      vertex 34.4781 1.98338 9
    endloop
  endfacet
  facet normal 0.582411 -0.812894 0
    outer loop
      vertex 34.6111 2.07867 9
      vertex 34.4781 1.98338 0
      vertex 34.6111 2.07867 0
    endloop
  endfacet
  facet normal 0.098051 0.995181 -0
    outer loop
      vertex 35.8365 -2.49465 0
      vertex 35.6737 -2.47861 9
      vertex 35.8365 -2.49465 9
    endloop
  endfacet
  facet normal 0.098051 0.995181 0
    outer loop
      vertex 35.6737 -2.47861 9
      vertex 35.8365 -2.49465 0
      vertex 35.6737 -2.47861 0
    endloop
  endfacet
  facet normal -0.471349 -0.881947 0
    outer loop
      vertex 37.1057 2.24218 4
      vertex 37.25 2.16506 9
      vertex 37.1057 2.24218 9
    endloop
  endfacet
  facet normal -0.471349 -0.881947 -0
    outer loop
      vertex 37.25 2.16506 9
      vertex 37.1057 2.24218 4
      vertex 37.25 2.16506 4
    endloop
  endfacet
  facet normal -0.162912 0.986641 0
    outer loop
      vertex 36.4877 -2.45196 0
      vertex 36.3263 -2.47861 9
      vertex 36.4877 -2.45196 9
    endloop
  endfacet
  facet normal -0.162912 0.986641 0
    outer loop
      vertex 36.3263 -2.47861 9
      vertex 36.4877 -2.45196 0
      vertex 36.3263 -2.47861 0
    endloop
  endfacet
  facet normal 0.412753 -0.910843 0
    outer loop
      vertex 34.8943 2.24218 0
      vertex 35.0433 2.3097 9
      vertex 34.8943 2.24218 9
    endloop
  endfacet
  facet normal 0.412753 -0.910843 0
    outer loop
      vertex 35.0433 2.3097 9
      vertex 34.8943 2.24218 0
      vertex 35.0433 2.3097 0
    endloop
  endfacet
  facet normal -0.973808 0.227374 0
    outer loop
      vertex 38.4148 -0.647047 4
      vertex 38.452 -0.487725 9
      vertex 38.452 -0.487725 4
    endloop
  endfacet
  facet normal -0.973808 0.227374 0
    outer loop
      vertex 38.452 -0.487725 9
      vertex 38.4148 -0.647047 4
      vertex 38.4148 -0.647047 9
    endloop
  endfacet
  facet normal -0.729985 0.683463 0
    outer loop
      vertex 37.7678 -1.76777 4
      vertex 37.8796 -1.64836 9
      vertex 37.8796 -1.64836 4
    endloop
  endfacet
  facet normal -0.729985 0.683463 0
    outer loop
      vertex 37.8796 -1.64836 9
      vertex 37.7678 -1.76777 4
      vertex 37.7678 -1.76777 9
    endloop
  endfacet
  facet normal 0.290206 0.956964 -0
    outer loop
      vertex 35.353 -2.41481 0
      vertex 35.1964 -2.36732 9
      vertex 35.353 -2.41481 9
    endloop
  endfacet
  facet normal 0.290206 0.956964 0
    outer loop
      vertex 35.1964 -2.36732 9
      vertex 35.353 -2.41481 0
      vertex 35.1964 -2.36732 0
    endloop
  endfacet
  facet normal 0.634262 0.773118 -0
    outer loop
      vertex 34.4781 -1.98338 0
      vertex 34.3516 -1.8796 9
      vertex 34.4781 -1.98338 9
    endloop
  endfacet
  facet normal 0.634262 0.773118 0
    outer loop
      vertex 34.3516 -1.8796 9
      vertex 34.4781 -1.98338 0
      vertex 34.3516 -1.8796 0
    endloop
  endfacet
  facet normal 0.956922 -0.290345 0
    outer loop
      vertex 33.5852 0.647047 9
      vertex 33.6327 0.803598 0
      vertex 33.6327 0.803598 9
    endloop
  endfacet
  facet normal 0.956922 -0.290345 0
    outer loop
      vertex 33.6327 0.803598 0
      vertex 33.5852 0.647047 9
      vertex 33.5852 0.647047 0
    endloop
  endfacet
  facet normal -0.88197 -0.471305 0
    outer loop
      vertex 38.2422 1.10572 4
      vertex 38.1651 1.25 9
      vertex 38.1651 1.25 4
    endloop
  endfacet
  facet normal -0.88197 -0.471305 0
    outer loop
      vertex 38.1651 1.25 9
      vertex 38.2422 1.10572 4
      vertex 38.2422 1.10572 9
    endloop
  endfacet
  facet normal -0.412753 0.910843 0
    outer loop
      vertex 37.1057 -2.24218 4
      vertex 36.9567 -2.3097 9
      vertex 37.1057 -2.24218 9
    endloop
  endfacet
  facet normal -0.412753 0.910843 0
    outer loop
      vertex 36.9567 -2.3097 9
      vertex 37.1057 -2.24218 4
      vertex 36.9567 -2.3097 4
    endloop
  endfacet
  facet normal -0.162912 -0.986641 0
    outer loop
      vertex 36.3263 2.47861 0
      vertex 36.4877 2.45196 9
      vertex 36.3263 2.47861 9
    endloop
  endfacet
  facet normal -0.162912 -0.986641 -0
    outer loop
      vertex 36.4877 2.45196 9
      vertex 36.3263 2.47861 0
      vertex 36.4877 2.45196 0
    endloop
  endfacet
  facet normal -0.956922 -0.290345 0
    outer loop
      vertex 38.4148 0.647047 4
      vertex 38.3673 0.803598 9
      vertex 38.3673 0.803598 4
    endloop
  endfacet
  facet normal -0.956922 -0.290345 0
    outer loop
      vertex 38.3673 0.803598 9
      vertex 38.4148 0.647047 4
      vertex 38.4148 0.647047 9
    endloop
  endfacet
  facet normal -0.986691 0.162604 0
    outer loop
      vertex 38.452 -0.487725 4
      vertex 38.4786 -0.326315 9
      vertex 38.4786 -0.326315 4
    endloop
  endfacet
  facet normal -0.986691 0.162604 0
    outer loop
      vertex 38.4786 -0.326315 9
      vertex 38.452 -0.487725 4
      vertex 38.452 -0.487725 9
    endloop
  endfacet
  facet normal -0.88197 0.471305 0
    outer loop
      vertex 38.1651 -1.25 4
      vertex 38.2422 -1.10572 9
      vertex 38.2422 -1.10572 4
    endloop
  endfacet
  facet normal -0.88197 0.471305 0
    outer loop
      vertex 38.2422 -1.10572 9
      vertex 38.1651 -1.25 4
      vertex 38.1651 -1.25 9
    endloop
  endfacet
  facet normal 0.098051 -0.995181 0
    outer loop
      vertex 35.6737 2.47861 0
      vertex 35.8365 2.49465 9
      vertex 35.6737 2.47861 9
    endloop
  endfacet
  facet normal 0.098051 -0.995181 0
    outer loop
      vertex 35.8365 2.49465 9
      vertex 35.6737 2.47861 0
      vertex 35.8365 2.49465 0
    endloop
  endfacet
  facet normal 0.227114 -0.973868 0
    outer loop
      vertex 35.353 2.41481 0
      vertex 35.5123 2.45196 9
      vertex 35.353 2.41481 9
    endloop
  endfacet
  facet normal 0.227114 -0.973868 0
    outer loop
      vertex 35.5123 2.45196 9
      vertex 35.353 2.41481 0
      vertex 35.5123 2.45196 0
    endloop
  endfacet
  facet normal -0.995206 0.0978041 0
    outer loop
      vertex 38.4786 -0.326315 4
      vertex 38.4946 -0.163507 9
      vertex 38.4946 -0.163507 4
    endloop
  endfacet
  facet normal -0.995206 0.0978041 0
    outer loop
      vertex 38.4946 -0.163507 9
      vertex 38.4786 -0.326315 4
      vertex 38.4786 -0.326315 9
    endloop
  endfacet
  facet normal 0.910902 0.412624 0
    outer loop
      vertex 33.7578 -1.10572 9
      vertex 33.6903 -0.956708 0
      vertex 33.6903 -0.956708 9
    endloop
  endfacet
  facet normal 0.910902 0.412624 0
    outer loop
      vertex 33.6903 -0.956708 0
      vertex 33.7578 -1.10572 9
      vertex 33.7578 -1.10572 0
    endloop
  endfacet
  facet normal -0.999455 0.0330081 0
    outer loop
      vertex 38.4946 -0.163507 4
      vertex 38.5 0 9
      vertex 38.5 0 4
    endloop
  endfacet
  facet normal -0.999455 0.0330081 0
    outer loop
      vertex 38.5 0 9
      vertex 38.4946 -0.163507 4
      vertex 38.4946 -0.163507 9
    endloop
  endfacet
  facet normal -0.910902 -0.412624 0
    outer loop
      vertex 38.3097 0.956708 4
      vertex 38.2422 1.10572 9
      vertex 38.2422 1.10572 4
    endloop
  endfacet
  facet normal -0.910902 -0.412624 0
    outer loop
      vertex 38.2422 1.10572 9
      vertex 38.3097 0.956708 4
      vertex 38.3097 0.956708 9
    endloop
  endfacet
  facet normal 0.729985 -0.683463 0
    outer loop
      vertex 34.1204 1.64836 9
      vertex 34.2322 1.76777 0
      vertex 34.2322 1.76777 9
    endloop
  endfacet
  facet normal 0.729985 -0.683463 0
    outer loop
      vertex 34.2322 1.76777 0
      vertex 34.1204 1.64836 9
      vertex 34.1204 1.64836 0
    endloop
  endfacet
  facet normal 0.910902 -0.412624 0
    outer loop
      vertex 33.6903 0.956708 9
      vertex 33.7578 1.10572 0
      vertex 33.7578 1.10572 9
    endloop
  endfacet
  facet normal 0.910902 -0.412624 0
    outer loop
      vertex 33.7578 1.10572 0
      vertex 33.6903 0.956708 9
      vertex 33.6903 0.956708 0
    endloop
  endfacet
  facet normal -0.098051 0.995181 0
    outer loop
      vertex 36.3263 -2.47861 0
      vertex 36.1635 -2.49465 9
      vertex 36.3263 -2.47861 9
    endloop
  endfacet
  facet normal -0.098051 0.995181 0
    outer loop
      vertex 36.1635 -2.49465 9
      vertex 36.3263 -2.47861 0
      vertex 36.1635 -2.49465 0
    endloop
  endfacet
  facet normal -0.634262 0.773118 0
    outer loop
      vertex 37.6484 -1.8796 4
      vertex 37.5219 -1.98338 9
      vertex 37.6484 -1.8796 9
    endloop
  endfacet
  facet normal -0.634262 0.773118 0
    outer loop
      vertex 37.5219 -1.98338 9
      vertex 37.6484 -1.8796 4
      vertex 37.5219 -1.98338 4
    endloop
  endfacet
  facet normal 0.77296 -0.634455 0
    outer loop
      vertex 34.0166 1.5219 9
      vertex 34.1204 1.64836 0
      vertex 34.1204 1.64836 9
    endloop
  endfacet
  facet normal 0.77296 -0.634455 0
    outer loop
      vertex 34.1204 1.64836 0
      vertex 34.0166 1.5219 9
      vertex 34.0166 1.5219 0
    endloop
  endfacet
  facet normal 0.986691 0.162604 0
    outer loop
      vertex 33.548 -0.487725 9
      vertex 33.5214 -0.326315 0
      vertex 33.5214 -0.326315 9
    endloop
  endfacet
  facet normal 0.986691 0.162604 0
    outer loop
      vertex 33.5214 -0.326315 0
      vertex 33.548 -0.487725 9
      vertex 33.548 -0.487725 0
    endloop
  endfacet
  facet normal -0.973808 -0.227374 0
    outer loop
      vertex 38.452 0.487725 4
      vertex 38.4148 0.647047 9
      vertex 38.4148 0.647047 4
    endloop
  endfacet
  facet normal -0.973808 -0.227374 0
    outer loop
      vertex 38.4148 0.647047 9
      vertex 38.452 0.487725 4
      vertex 38.452 0.487725 9
    endloop
  endfacet
  facet normal -0.582411 -0.812894 0
    outer loop
      vertex 37.3889 2.07867 4
      vertex 37.5219 1.98338 9
      vertex 37.3889 2.07867 9
    endloop
  endfacet
  facet normal -0.582411 -0.812894 -0
    outer loop
      vertex 37.5219 1.98338 9
      vertex 37.3889 2.07867 4
      vertex 37.5219 1.98338 4
    endloop
  endfacet
  facet normal 0.849181 0.528102 0
    outer loop
      vertex 33.9213 -1.38893 9
      vertex 33.8349 -1.25 0
      vertex 33.8349 -1.25 9
    endloop
  endfacet
  facet normal 0.849181 0.528102 0
    outer loop
      vertex 33.8349 -1.25 0
      vertex 33.9213 -1.38893 9
      vertex 33.9213 -1.38893 0
    endloop
  endfacet
  facet normal -0.52814 0.849157 0
    outer loop
      vertex 37.3889 -2.07867 4
      vertex 37.25 -2.16506 9
      vertex 37.3889 -2.07867 9
    endloop
  endfacet
  facet normal -0.52814 0.849157 0
    outer loop
      vertex 37.25 -2.16506 9
      vertex 37.3889 -2.07867 4
      vertex 37.25 -2.16506 4
    endloop
  endfacet
  facet normal 0.683591 -0.729865 0
    outer loop
      vertex 34.2322 1.76777 0
      vertex 34.3516 1.8796 9
      vertex 34.2322 1.76777 9
    endloop
  endfacet
  facet normal 0.683591 -0.729865 0
    outer loop
      vertex 34.3516 1.8796 9
      vertex 34.2322 1.76777 0
      vertex 34.3516 1.8796 0
    endloop
  endfacet
  facet normal -0.227114 -0.973868 -4.57039e-06
    outer loop
      vertex 36.4877 2.45196 9
      vertex 36.6194 2.42127 4
      vertex 36.647 2.41481 9
    endloop
  endfacet
  facet normal -0.226949 -0.973907 0
    outer loop
      vertex 36.4877 2.45196 0
      vertex 36.6194 2.42127 4
      vertex 36.4877 2.45196 9
    endloop
  endfacet
  facet normal -0.226949 -0.973907 -0
    outer loop
      vertex 36.6194 2.42127 4
      vertex 36.4877 2.45196 0
      vertex 36.6194 2.42127 0
    endloop
  endfacet
  facet normal -0.227899 -0.973685 -0
    outer loop
      vertex 36.647 2.41481 9
      vertex 36.6194 2.42127 4
      vertex 36.647 2.41481 4
    endloop
  endfacet
  facet normal -0.683591 -0.729865 0
    outer loop
      vertex 37.6484 1.8796 4
      vertex 37.7678 1.76777 9
      vertex 37.6484 1.8796 9
    endloop
  endfacet
  facet normal -0.683591 -0.729865 -0
    outer loop
      vertex 37.7678 1.76777 9
      vertex 37.6484 1.8796 4
      vertex 37.7678 1.76777 4
    endloop
  endfacet
  facet normal 0.973808 0.227374 0
    outer loop
      vertex 33.5852 -0.647047 9
      vertex 33.548 -0.487725 0
      vertex 33.548 -0.487725 9
    endloop
  endfacet
  facet normal 0.973808 0.227374 0
    outer loop
      vertex 33.548 -0.487725 0
      vertex 33.5852 -0.647047 9
      vertex 33.5852 -0.647047 0
    endloop
  endfacet
  facet normal -0.0327042 -0.999465 0
    outer loop
      vertex 36 2.5 0
      vertex 36.1635 2.49465 9
      vertex 36 2.5 9
    endloop
  endfacet
  facet normal -0.0327042 -0.999465 -0
    outer loop
      vertex 36.1635 2.49465 9
      vertex 36 2.5 0
      vertex 36.1635 2.49465 0
    endloop
  endfacet
  facet normal -0.52814 -0.849157 0
    outer loop
      vertex 37.25 2.16506 4
      vertex 37.3889 2.07867 9
      vertex 37.25 2.16506 9
    endloop
  endfacet
  facet normal -0.52814 -0.849157 -0
    outer loop
      vertex 37.3889 2.07867 9
      vertex 37.25 2.16506 4
      vertex 37.3889 2.07867 4
    endloop
  endfacet
  facet normal 0.729985 0.683463 0
    outer loop
      vertex 34.2322 -1.76777 9
      vertex 34.1204 -1.64836 0
      vertex 34.1204 -1.64836 9
    endloop
  endfacet
  facet normal 0.729985 0.683463 0
    outer loop
      vertex 34.1204 -1.64836 0
      vertex 34.2322 -1.76777 9
      vertex 34.2322 -1.76777 0
    endloop
  endfacet
  facet normal -0.352235 -0.935911 0
    outer loop
      vertex 36.8036 2.36732 4
      vertex 36.9567 2.3097 9
      vertex 36.8036 2.36732 9
    endloop
  endfacet
  facet normal -0.352235 -0.935911 -0
    outer loop
      vertex 36.9567 2.3097 9
      vertex 36.8036 2.36732 4
      vertex 36.9567 2.3097 4
    endloop
  endfacet
  facet normal 0.999455 0.0330081 0
    outer loop
      vertex 33.5054 -0.163507 9
      vertex 33.5 0 0
      vertex 33.5 0 9
    endloop
  endfacet
  facet normal 0.999455 0.0330081 0
    outer loop
      vertex 33.5 0 0
      vertex 33.5054 -0.163507 9
      vertex 33.5054 -0.163507 0
    endloop
  endfacet
  facet normal 0.0327042 -0.999465 0
    outer loop
      vertex 35.8365 2.49465 0
      vertex 36 2.5 9
      vertex 35.8365 2.49465 9
    endloop
  endfacet
  facet normal 0.0327042 -0.999465 0
    outer loop
      vertex 36 2.5 9
      vertex 35.8365 2.49465 0
      vertex 36 2.5 0
    endloop
  endfacet
  facet normal -0.352235 0.935911 0
    outer loop
      vertex 36.9567 -2.3097 4
      vertex 36.8036 -2.36732 9
      vertex 36.9567 -2.3097 9
    endloop
  endfacet
  facet normal -0.352235 0.935911 0
    outer loop
      vertex 36.8036 -2.36732 9
      vertex 36.9567 -2.3097 4
      vertex 36.8036 -2.36732 4
    endloop
  endfacet
  facet normal 0.634262 -0.773118 0
    outer loop
      vertex 34.3516 1.8796 0
      vertex 34.4781 1.98338 9
      vertex 34.3516 1.8796 9
    endloop
  endfacet
  facet normal 0.634262 -0.773118 0
    outer loop
      vertex 34.4781 1.98338 9
      vertex 34.3516 1.8796 0
      vertex 34.4781 1.98338 0
    endloop
  endfacet
  facet normal 0.812803 0.582538 0
    outer loop
      vertex 34.0166 -1.5219 9
      vertex 33.9213 -1.38893 0
      vertex 33.9213 -1.38893 9
    endloop
  endfacet
  facet normal 0.812803 0.582538 0
    outer loop
      vertex 33.9213 -1.38893 0
      vertex 34.0166 -1.5219 9
      vertex 34.0166 -1.5219 0
    endloop
  endfacet
  facet normal 0.412753 0.910843 -0
    outer loop
      vertex 35.0433 -2.3097 0
      vertex 34.8943 -2.24218 9
      vertex 35.0433 -2.3097 9
    endloop
  endfacet
  facet normal 0.412753 0.910843 0
    outer loop
      vertex 34.8943 -2.24218 9
      vertex 35.0433 -2.3097 0
      vertex 34.8943 -2.24218 0
    endloop
  endfacet
  facet normal -0.986691 -0.162604 0
    outer loop
      vertex 38.4786 0.326315 4
      vertex 38.452 0.487725 9
      vertex 38.452 0.487725 4
    endloop
  endfacet
  facet normal -0.986691 -0.162604 0
    outer loop
      vertex 38.452 0.487725 9
      vertex 38.4786 0.326315 4
      vertex 38.4786 0.326315 9
    endloop
  endfacet
  facet normal 0.352235 -0.935911 0
    outer loop
      vertex 35.0433 2.3097 0
      vertex 35.1964 2.36732 9
      vertex 35.0433 2.3097 9
    endloop
  endfacet
  facet normal 0.352235 -0.935911 0
    outer loop
      vertex 35.1964 2.36732 9
      vertex 35.0433 2.3097 0
      vertex 35.1964 2.36732 0
    endloop
  endfacet
  facet normal 0.935959 0.352108 0
    outer loop
      vertex 33.6903 -0.956708 9
      vertex 33.6327 -0.803598 0
      vertex 33.6327 -0.803598 9
    endloop
  endfacet
  facet normal 0.935959 0.352108 0
    outer loop
      vertex 33.6327 -0.803598 0
      vertex 33.6903 -0.956708 9
      vertex 33.6903 -0.956708 0
    endloop
  endfacet
  facet normal -0.582411 0.812894 0
    outer loop
      vertex 37.5219 -1.98338 4
      vertex 37.3889 -2.07867 9
      vertex 37.5219 -1.98338 9
    endloop
  endfacet
  facet normal -0.582411 0.812894 0
    outer loop
      vertex 37.3889 -2.07867 9
      vertex 37.5219 -1.98338 4
      vertex 37.3889 -2.07867 4
    endloop
  endfacet
  facet normal 0.973808 -0.227374 0
    outer loop
      vertex 33.548 0.487725 9
      vertex 33.5852 0.647047 0
      vertex 33.5852 0.647047 9
    endloop
  endfacet
  facet normal 0.973808 -0.227374 0
    outer loop
      vertex 33.5852 0.647047 0
      vertex 33.548 0.487725 9
      vertex 33.548 0.487725 0
    endloop
  endfacet
  facet normal -0.77296 -0.634455 0
    outer loop
      vertex 37.9834 1.5219 4
      vertex 37.8796 1.64836 9
      vertex 37.8796 1.64836 4
    endloop
  endfacet
  facet normal -0.77296 -0.634455 0
    outer loop
      vertex 37.8796 1.64836 9
      vertex 37.9834 1.5219 4
      vertex 37.9834 1.5219 9
    endloop
  endfacet
  facet normal 0.162912 -0.986641 0
    outer loop
      vertex 35.5123 2.45196 0
      vertex 35.6737 2.47861 9
      vertex 35.5123 2.45196 9
    endloop
  endfacet
  facet normal 0.162912 -0.986641 0
    outer loop
      vertex 35.6737 2.47861 9
      vertex 35.5123 2.45196 0
      vertex 35.6737 2.47861 0
    endloop
  endfacet
  facet normal -0.683591 0.729865 0
    outer loop
      vertex 37.7678 -1.76777 4
      vertex 37.6484 -1.8796 9
      vertex 37.7678 -1.76777 9
    endloop
  endfacet
  facet normal -0.683591 0.729865 0
    outer loop
      vertex 37.6484 -1.8796 9
      vertex 37.7678 -1.76777 4
      vertex 37.6484 -1.8796 4
    endloop
  endfacet
  facet normal -0.935959 -0.352108 0
    outer loop
      vertex 38.3673 0.803598 4
      vertex 38.3097 0.956708 9
      vertex 38.3097 0.956708 4
    endloop
  endfacet
  facet normal -0.935959 -0.352108 0
    outer loop
      vertex 38.3097 0.956708 9
      vertex 38.3673 0.803598 4
      vertex 38.3673 0.803598 9
    endloop
  endfacet
  facet normal 0.995206 -0.0978041 0
    outer loop
      vertex 33.5054 0.163507 9
      vertex 33.5214 0.326315 0
      vertex 33.5214 0.326315 9
    endloop
  endfacet
  facet normal 0.995206 -0.0978041 0
    outer loop
      vertex 33.5214 0.326315 0
      vertex 33.5054 0.163507 9
      vertex 33.5054 0.163507 0
    endloop
  endfacet
  facet normal -0.812803 0.582538 0
    outer loop
      vertex 37.9834 -1.5219 4
      vertex 38.0787 -1.38893 9
      vertex 38.0787 -1.38893 4
    endloop
  endfacet
  facet normal -0.812803 0.582538 0
    outer loop
      vertex 38.0787 -1.38893 9
      vertex 37.9834 -1.5219 4
      vertex 37.9834 -1.5219 9
    endloop
  endfacet
  facet normal 0.227114 0.973868 -0
    outer loop
      vertex 35.5123 -2.45196 0
      vertex 35.353 -2.41481 9
      vertex 35.5123 -2.45196 9
    endloop
  endfacet
  facet normal 0.227114 0.973868 0
    outer loop
      vertex 35.353 -2.41481 9
      vertex 35.5123 -2.45196 0
      vertex 35.353 -2.41481 0
    endloop
  endfacet
  facet normal -0.290206 -0.956964 0
    outer loop
      vertex 36.647 2.41481 4
      vertex 36.8036 2.36732 9
      vertex 36.647 2.41481 9
    endloop
  endfacet
  facet normal -0.290206 -0.956964 -0
    outer loop
      vertex 36.8036 2.36732 9
      vertex 36.647 2.41481 4
      vertex 36.8036 2.36732 4
    endloop
  endfacet
  facet normal 0.471349 -0.881947 0
    outer loop
      vertex 34.75 2.16506 0
      vertex 34.8943 2.24218 9
      vertex 34.75 2.16506 9
    endloop
  endfacet
  facet normal 0.471349 -0.881947 0
    outer loop
      vertex 34.8943 2.24218 9
      vertex 34.75 2.16506 0
      vertex 34.8943 2.24218 0
    endloop
  endfacet
  facet normal -0.098051 -0.995181 0
    outer loop
      vertex 36.1635 2.49465 0
      vertex 36.3263 2.47861 9
      vertex 36.1635 2.49465 9
    endloop
  endfacet
  facet normal -0.098051 -0.995181 -0
    outer loop
      vertex 36.3263 2.47861 9
      vertex 36.1635 2.49465 0
      vertex 36.3263 2.47861 0
    endloop
  endfacet
  facet normal 0.812803 -0.582538 0
    outer loop
      vertex 33.9213 1.38893 9
      vertex 34.0166 1.5219 0
      vertex 34.0166 1.5219 9
    endloop
  endfacet
  facet normal 0.812803 -0.582538 0
    outer loop
      vertex 34.0166 1.5219 0
      vertex 33.9213 1.38893 9
      vertex 33.9213 1.38893 0
    endloop
  endfacet
  facet normal -0.849181 0.528102 0
    outer loop
      vertex 38.0787 -1.38893 4
      vertex 38.1651 -1.25 9
      vertex 38.1651 -1.25 4
    endloop
  endfacet
  facet normal -0.849181 0.528102 0
    outer loop
      vertex 38.1651 -1.25 9
      vertex 38.0787 -1.38893 4
      vertex 38.0787 -1.38893 9
    endloop
  endfacet
  facet normal 0.849181 -0.528102 0
    outer loop
      vertex 33.8349 1.25 9
      vertex 33.9213 1.38893 0
      vertex 33.9213 1.38893 9
    endloop
  endfacet
  facet normal 0.849181 -0.528102 0
    outer loop
      vertex 33.9213 1.38893 0
      vertex 33.8349 1.25 9
      vertex 33.8349 1.25 0
    endloop
  endfacet
  facet normal 0.88197 -0.471305 0
    outer loop
      vertex 33.7578 1.10572 9
      vertex 33.8349 1.25 0
      vertex 33.8349 1.25 9
    endloop
  endfacet
  facet normal 0.88197 -0.471305 0
    outer loop
      vertex 33.8349 1.25 0
      vertex 33.7578 1.10572 9
      vertex 33.7578 1.10572 0
    endloop
  endfacet
  facet normal 0.683591 0.729865 -0
    outer loop
      vertex 34.3516 -1.8796 0
      vertex 34.2322 -1.76777 9
      vertex 34.3516 -1.8796 9
    endloop
  endfacet
  facet normal 0.683591 0.729865 0
    outer loop
      vertex 34.2322 -1.76777 9
      vertex 34.3516 -1.8796 0
      vertex 34.2322 -1.76777 0
    endloop
  endfacet
  facet normal 0.88197 0.471305 0
    outer loop
      vertex 33.8349 -1.25 9
      vertex 33.7578 -1.10572 0
      vertex 33.7578 -1.10572 9
    endloop
  endfacet
  facet normal 0.88197 0.471305 0
    outer loop
      vertex 33.7578 -1.10572 0
      vertex 33.8349 -1.25 9
      vertex 33.8349 -1.25 0
    endloop
  endfacet
  facet normal 0.935959 -0.352108 0
    outer loop
      vertex 33.6327 0.803598 9
      vertex 33.6903 0.956708 0
      vertex 33.6903 0.956708 9
    endloop
  endfacet
  facet normal 0.935959 -0.352108 0
    outer loop
      vertex 33.6903 0.956708 0
      vertex 33.6327 0.803598 9
      vertex 33.6327 0.803598 0
    endloop
  endfacet
  facet normal -0.910902 0.412624 0
    outer loop
      vertex 38.2422 -1.10572 4
      vertex 38.3097 -0.956708 9
      vertex 38.3097 -0.956708 4
    endloop
  endfacet
  facet normal -0.910902 0.412624 0
    outer loop
      vertex 38.3097 -0.956708 9
      vertex 38.2422 -1.10572 4
      vertex 38.2422 -1.10572 9
    endloop
  endfacet
  facet normal 0.999455 -0.0330081 0
    outer loop
      vertex 33.5 0 9
      vertex 33.5054 0.163507 0
      vertex 33.5054 0.163507 9
    endloop
  endfacet
  facet normal 0.999455 -0.0330081 0
    outer loop
      vertex 33.5054 0.163507 0
      vertex 33.5 0 9
      vertex 33.5 0 0
    endloop
  endfacet
  facet normal 0.0327042 0.999465 -0
    outer loop
      vertex 36 -2.5 0
      vertex 35.8365 -2.49465 9
      vertex 36 -2.5 9
    endloop
  endfacet
  facet normal 0.0327042 0.999465 0
    outer loop
      vertex 35.8365 -2.49465 9
      vertex 36 -2.5 0
      vertex 35.8365 -2.49465 0
    endloop
  endfacet
  facet normal -0.729985 -0.683463 0
    outer loop
      vertex 37.8796 1.64836 4
      vertex 37.7678 1.76777 9
      vertex 37.7678 1.76777 4
    endloop
  endfacet
  facet normal -0.729985 -0.683463 0
    outer loop
      vertex 37.7678 1.76777 9
      vertex 37.8796 1.64836 4
      vertex 37.8796 1.64836 9
    endloop
  endfacet
  facet normal 0.52814 -0.849157 0
    outer loop
      vertex 34.6111 2.07867 0
      vertex 34.75 2.16506 9
      vertex 34.6111 2.07867 9
    endloop
  endfacet
  facet normal 0.52814 -0.849157 0
    outer loop
      vertex 34.75 2.16506 9
      vertex 34.6111 2.07867 0
      vertex 34.75 2.16506 0
    endloop
  endfacet
  facet normal 0.352235 0.935911 -0
    outer loop
      vertex 35.1964 -2.36732 0
      vertex 35.0433 -2.3097 9
      vertex 35.1964 -2.36732 9
    endloop
  endfacet
  facet normal 0.352235 0.935911 0
    outer loop
      vertex 35.0433 -2.3097 9
      vertex 35.1964 -2.36732 0
      vertex 35.0433 -2.3097 0
    endloop
  endfacet
  facet normal 0.582411 0.812894 -0
    outer loop
      vertex 34.6111 -2.07867 0
      vertex 34.4781 -1.98338 9
      vertex 34.6111 -2.07867 9
    endloop
  endfacet
  facet normal 0.582411 0.812894 0
    outer loop
      vertex 34.4781 -1.98338 9
      vertex 34.6111 -2.07867 0
      vertex 34.4781 -1.98338 0
    endloop
  endfacet
  facet normal 0.52814 0.849157 -0
    outer loop
      vertex 34.75 -2.16506 0
      vertex 34.6111 -2.07867 9
      vertex 34.75 -2.16506 9
    endloop
  endfacet
  facet normal 0.52814 0.849157 0
    outer loop
      vertex 34.6111 -2.07867 9
      vertex 34.75 -2.16506 0
      vertex 34.6111 -2.07867 0
    endloop
  endfacet
  facet normal 0.471349 0.881947 -0
    outer loop
      vertex 34.8943 -2.24218 0
      vertex 34.75 -2.16506 9
      vertex 34.8943 -2.24218 9
    endloop
  endfacet
  facet normal 0.471349 0.881947 0
    outer loop
      vertex 34.75 -2.16506 9
      vertex 34.8943 -2.24218 0
      vertex 34.75 -2.16506 0
    endloop
  endfacet
  facet normal -0.995206 -0.0978041 0
    outer loop
      vertex -33.5054 0.163507 0
      vertex -33.5214 0.326315 9
      vertex -33.5214 0.326315 0
    endloop
  endfacet
  facet normal -0.995206 -0.0978041 0
    outer loop
      vertex -33.5214 0.326315 9
      vertex -33.5054 0.163507 0
      vertex -33.5054 0.163507 9
    endloop
  endfacet
  facet normal -0.999455 -0.0330081 0
    outer loop
      vertex -33.5 0 0
      vertex -33.5054 0.163507 9
      vertex -33.5054 0.163507 0
    endloop
  endfacet
  facet normal -0.999455 -0.0330081 0
    outer loop
      vertex -33.5054 0.163507 9
      vertex -33.5 0 0
      vertex -33.5 0 9
    endloop
  endfacet
  facet normal -0.412753 0.910843 0
    outer loop
      vertex -34.8943 -2.24218 0
      vertex -35.0433 -2.3097 9
      vertex -34.8943 -2.24218 9
    endloop
  endfacet
  facet normal -0.412753 0.910843 0
    outer loop
      vertex -35.0433 -2.3097 9
      vertex -34.8943 -2.24218 0
      vertex -35.0433 -2.3097 0
    endloop
  endfacet
  facet normal 0.935959 0.352108 0
    outer loop
      vertex -38.3097 -0.956708 9
      vertex -38.3673 -0.803598 4
      vertex -38.3673 -0.803598 9
    endloop
  endfacet
  facet normal 0.935959 0.352108 0
    outer loop
      vertex -38.3673 -0.803598 4
      vertex -38.3097 -0.956708 9
      vertex -38.3097 -0.956708 4
    endloop
  endfacet
  facet normal -0.471349 -0.881947 0
    outer loop
      vertex -34.8943 2.24218 0
      vertex -34.75 2.16506 9
      vertex -34.8943 2.24218 9
    endloop
  endfacet
  facet normal -0.471349 -0.881947 -0
    outer loop
      vertex -34.75 2.16506 9
      vertex -34.8943 2.24218 0
      vertex -34.75 2.16506 0
    endloop
  endfacet
  facet normal 0.849181 -0.528102 0
    outer loop
      vertex -38.1651 1.25 9
      vertex -38.0787 1.38893 4
      vertex -38.0787 1.38893 9
    endloop
  endfacet
  facet normal 0.849181 -0.528102 0
    outer loop
      vertex -38.0787 1.38893 4
      vertex -38.1651 1.25 9
      vertex -38.1651 1.25 4
    endloop
  endfacet
  facet normal -0.162912 -0.986641 0
    outer loop
      vertex -35.6737 2.47861 0
      vertex -35.5123 2.45196 9
      vertex -35.6737 2.47861 9
    endloop
  endfacet
  facet normal -0.162912 -0.986641 -0
    outer loop
      vertex -35.5123 2.45196 9
      vertex -35.6737 2.47861 0
      vertex -35.5123 2.45196 0
    endloop
  endfacet
  facet normal -0.0327042 0.999465 0
    outer loop
      vertex -35.8365 -2.49465 0
      vertex -36 -2.5 9
      vertex -35.8365 -2.49465 9
    endloop
  endfacet
  facet normal -0.0327042 0.999465 0
    outer loop
      vertex -36 -2.5 9
      vertex -35.8365 -2.49465 0
      vertex -36 -2.5 0
    endloop
  endfacet
  facet normal -0.162912 0.986641 0
    outer loop
      vertex -35.5123 -2.45196 0
      vertex -35.6737 -2.47861 9
      vertex -35.5123 -2.45196 9
    endloop
  endfacet
  facet normal -0.162912 0.986641 0
    outer loop
      vertex -35.6737 -2.47861 9
      vertex -35.5123 -2.45196 0
      vertex -35.6737 -2.47861 0
    endloop
  endfacet
  facet normal -0.683591 0.729865 0
    outer loop
      vertex -34.2322 -1.76777 0
      vertex -34.3516 -1.8796 9
      vertex -34.2322 -1.76777 9
    endloop
  endfacet
  facet normal -0.683591 0.729865 0
    outer loop
      vertex -34.3516 -1.8796 9
      vertex -34.2322 -1.76777 0
      vertex -34.3516 -1.8796 0
    endloop
  endfacet
  facet normal -0.412753 -0.910843 0
    outer loop
      vertex -35.0433 2.3097 0
      vertex -34.8943 2.24218 9
      vertex -35.0433 2.3097 9
    endloop
  endfacet
  facet normal -0.412753 -0.910843 -0
    outer loop
      vertex -34.8943 2.24218 9
      vertex -35.0433 2.3097 0
      vertex -34.8943 2.24218 0
    endloop
  endfacet
  facet normal -0.999455 0.0330081 0
    outer loop
      vertex -33.5054 -0.163507 0
      vertex -33.5 0 9
      vertex -33.5 0 0
    endloop
  endfacet
  facet normal -0.999455 0.0330081 0
    outer loop
      vertex -33.5 0 9
      vertex -33.5054 -0.163507 0
      vertex -33.5054 -0.163507 9
    endloop
  endfacet
  facet normal -0.88197 0.471305 0
    outer loop
      vertex -33.8349 -1.25 0
      vertex -33.7578 -1.10572 9
      vertex -33.7578 -1.10572 0
    endloop
  endfacet
  facet normal -0.88197 0.471305 0
    outer loop
      vertex -33.7578 -1.10572 9
      vertex -33.8349 -1.25 0
      vertex -33.8349 -1.25 9
    endloop
  endfacet
  facet normal -0.935959 0.352108 0
    outer loop
      vertex -33.6903 -0.956708 0
      vertex -33.6327 -0.803598 9
      vertex -33.6327 -0.803598 0
    endloop
  endfacet
  facet normal -0.935959 0.352108 0
    outer loop
      vertex -33.6327 -0.803598 9
      vertex -33.6903 -0.956708 0
      vertex -33.6903 -0.956708 9
    endloop
  endfacet
  facet normal -0.849181 0.528102 0
    outer loop
      vertex -33.9213 -1.38893 0
      vertex -33.8349 -1.25 9
      vertex -33.8349 -1.25 0
    endloop
  endfacet
  facet normal -0.849181 0.528102 0
    outer loop
      vertex -33.8349 -1.25 9
      vertex -33.9213 -1.38893 0
      vertex -33.9213 -1.38893 9
    endloop
  endfacet
  facet normal -0.910902 0.412624 0
    outer loop
      vertex -33.7578 -1.10572 0
      vertex -33.6903 -0.956708 9
      vertex -33.6903 -0.956708 0
    endloop
  endfacet
  facet normal -0.910902 0.412624 0
    outer loop
      vertex -33.6903 -0.956708 9
      vertex -33.7578 -1.10572 0
      vertex -33.7578 -1.10572 9
    endloop
  endfacet
  facet normal 0.52814 -0.849157 0
    outer loop
      vertex -37.3889 2.07867 4
      vertex -37.25 2.16506 9
      vertex -37.3889 2.07867 9
    endloop
  endfacet
  facet normal 0.52814 -0.849157 0
    outer loop
      vertex -37.25 2.16506 9
      vertex -37.3889 2.07867 4
      vertex -37.25 2.16506 4
    endloop
  endfacet
  facet normal -0.352235 -0.935911 0
    outer loop
      vertex -35.1964 2.36732 0
      vertex -35.0433 2.3097 9
      vertex -35.1964 2.36732 9
    endloop
  endfacet
  facet normal -0.352235 -0.935911 -0
    outer loop
      vertex -35.0433 2.3097 9
      vertex -35.1964 2.36732 0
      vertex -35.0433 2.3097 0
    endloop
  endfacet
  facet normal 0.956922 -0.290345 0
    outer loop
      vertex -38.4148 0.647047 9
      vertex -38.3673 0.803598 4
      vertex -38.3673 0.803598 9
    endloop
  endfacet
  facet normal 0.956922 -0.290345 0
    outer loop
      vertex -38.3673 0.803598 4
      vertex -38.4148 0.647047 9
      vertex -38.4148 0.647047 4
    endloop
  endfacet
  facet normal 0.412753 -0.910843 0
    outer loop
      vertex -37.1057 2.24218 4
      vertex -36.9567 2.3097 9
      vertex -37.1057 2.24218 9
    endloop
  endfacet
  facet normal 0.412753 -0.910843 0
    outer loop
      vertex -36.9567 2.3097 9
      vertex -37.1057 2.24218 4
      vertex -36.9567 2.3097 4
    endloop
  endfacet
  facet normal -0.471349 0.881947 0
    outer loop
      vertex -34.75 -2.16506 0
      vertex -34.8943 -2.24218 9
      vertex -34.75 -2.16506 9
    endloop
  endfacet
  facet normal -0.471349 0.881947 0
    outer loop
      vertex -34.8943 -2.24218 9
      vertex -34.75 -2.16506 0
      vertex -34.8943 -2.24218 0
    endloop
  endfacet
  facet normal -0.582411 -0.812894 0
    outer loop
      vertex -34.6111 2.07867 0
      vertex -34.4781 1.98338 9
      vertex -34.6111 2.07867 9
    endloop
  endfacet
  facet normal -0.582411 -0.812894 -0
    outer loop
      vertex -34.4781 1.98338 9
      vertex -34.6111 2.07867 0
      vertex -34.4781 1.98338 0
    endloop
  endfacet
  facet normal -0.910902 -0.412624 0
    outer loop
      vertex -33.6903 0.956708 0
      vertex -33.7578 1.10572 9
      vertex -33.7578 1.10572 0
    endloop
  endfacet
  facet normal -0.910902 -0.412624 0
    outer loop
      vertex -33.7578 1.10572 9
      vertex -33.6903 0.956708 0
      vertex -33.6903 0.956708 9
    endloop
  endfacet
  facet normal 0.973808 -0.227374 0
    outer loop
      vertex -38.452 0.487725 9
      vertex -38.4148 0.647047 4
      vertex -38.4148 0.647047 9
    endloop
  endfacet
  facet normal 0.973808 -0.227374 0
    outer loop
      vertex -38.4148 0.647047 4
      vertex -38.452 0.487725 9
      vertex -38.452 0.487725 4
    endloop
  endfacet
  facet normal 0.582411 -0.812894 0
    outer loop
      vertex -37.5219 1.98338 4
      vertex -37.3889 2.07867 9
      vertex -37.5219 1.98338 9
    endloop
  endfacet
  facet normal 0.582411 -0.812894 0
    outer loop
      vertex -37.3889 2.07867 9
      vertex -37.5219 1.98338 4
      vertex -37.3889 2.07867 4
    endloop
  endfacet
  facet normal 0.227114 0.973868 -4.57039e-06
    outer loop
      vertex -36.4877 -2.45196 9
      vertex -36.6194 -2.42127 4
      vertex -36.647 -2.41481 9
    endloop
  endfacet
  facet normal 0.226949 0.973907 -0
    outer loop
      vertex -36.4877 -2.45196 0
      vertex -36.6194 -2.42127 4
      vertex -36.4877 -2.45196 9
    endloop
  endfacet
  facet normal 0.226949 0.973907 0
    outer loop
      vertex -36.6194 -2.42127 4
      vertex -36.4877 -2.45196 0
      vertex -36.6194 -2.42127 0
    endloop
  endfacet
  facet normal 0.227899 0.973685 0
    outer loop
      vertex -36.647 -2.41481 9
      vertex -36.6194 -2.42127 4
      vertex -36.647 -2.41481 4
    endloop
  endfacet
  facet normal -0.973808 -0.227374 0
    outer loop
      vertex -33.548 0.487725 0
      vertex -33.5852 0.647047 9
      vertex -33.5852 0.647047 0
    endloop
  endfacet
  facet normal -0.973808 -0.227374 0
    outer loop
      vertex -33.5852 0.647047 9
      vertex -33.548 0.487725 0
      vertex -33.548 0.487725 9
    endloop
  endfacet
  facet normal -0.729985 0.683463 0
    outer loop
      vertex -34.2322 -1.76777 0
      vertex -34.1204 -1.64836 9
      vertex -34.1204 -1.64836 0
    endloop
  endfacet
  facet normal -0.729985 0.683463 0
    outer loop
      vertex -34.1204 -1.64836 9
      vertex -34.2322 -1.76777 0
      vertex -34.2322 -1.76777 9
    endloop
  endfacet
  facet normal 0.634262 -0.773118 0
    outer loop
      vertex -37.6484 1.8796 4
      vertex -37.5219 1.98338 9
      vertex -37.6484 1.8796 9
    endloop
  endfacet
  facet normal 0.634262 -0.773118 0
    outer loop
      vertex -37.5219 1.98338 9
      vertex -37.6484 1.8796 4
      vertex -37.5219 1.98338 4
    endloop
  endfacet
  facet normal -0.88197 -0.471305 0
    outer loop
      vertex -33.7578 1.10572 0
      vertex -33.8349 1.25 9
      vertex -33.8349 1.25 0
    endloop
  endfacet
  facet normal -0.88197 -0.471305 0
    outer loop
      vertex -33.8349 1.25 9
      vertex -33.7578 1.10572 0
      vertex -33.7578 1.10572 9
    endloop
  endfacet
  facet normal 0.986691 -0.162604 0
    outer loop
      vertex -38.4786 0.326315 9
      vertex -38.452 0.487725 4
      vertex -38.452 0.487725 9
    endloop
  endfacet
  facet normal 0.986691 -0.162604 0
    outer loop
      vertex -38.452 0.487725 4
      vertex -38.4786 0.326315 9
      vertex -38.4786 0.326315 4
    endloop
  endfacet
  facet normal -0.849181 -0.528102 0
    outer loop
      vertex -33.8349 1.25 0
      vertex -33.9213 1.38893 9
      vertex -33.9213 1.38893 0
    endloop
  endfacet
  facet normal -0.849181 -0.528102 0
    outer loop
      vertex -33.9213 1.38893 9
      vertex -33.8349 1.25 0
      vertex -33.8349 1.25 9
    endloop
  endfacet
  facet normal -0.227114 0.973868 0
    outer loop
      vertex -35.353 -2.41481 0
      vertex -35.5123 -2.45196 9
      vertex -35.353 -2.41481 9
    endloop
  endfacet
  facet normal -0.227114 0.973868 0
    outer loop
      vertex -35.5123 -2.45196 9
      vertex -35.353 -2.41481 0
      vertex -35.5123 -2.45196 0
    endloop
  endfacet
  facet normal 0.162912 -0.986641 0
    outer loop
      vertex -36.4877 2.45196 0
      vertex -36.3263 2.47861 9
      vertex -36.4877 2.45196 9
    endloop
  endfacet
  facet normal 0.162912 -0.986641 0
    outer loop
      vertex -36.3263 2.47861 9
      vertex -36.4877 2.45196 0
      vertex -36.3263 2.47861 0
    endloop
  endfacet
  facet normal 0.471349 -0.881947 0
    outer loop
      vertex -37.25 2.16506 4
      vertex -37.1057 2.24218 9
      vertex -37.25 2.16506 9
    endloop
  endfacet
  facet normal 0.471349 -0.881947 0
    outer loop
      vertex -37.1057 2.24218 9
      vertex -37.25 2.16506 4
      vertex -37.1057 2.24218 4
    endloop
  endfacet
  facet normal -0.956922 0.290345 0
    outer loop
      vertex -33.6327 -0.803598 0
      vertex -33.5852 -0.647047 9
      vertex -33.5852 -0.647047 0
    endloop
  endfacet
  facet normal -0.956922 0.290345 0
    outer loop
      vertex -33.5852 -0.647047 9
      vertex -33.6327 -0.803598 0
      vertex -33.6327 -0.803598 9
    endloop
  endfacet
  facet normal 0.999455 0.0330081 0
    outer loop
      vertex -38.4946 -0.163507 9
      vertex -38.5 0 4
      vertex -38.5 0 9
    endloop
  endfacet
  facet normal 0.999455 0.0330081 0
    outer loop
      vertex -38.5 0 4
      vertex -38.4946 -0.163507 9
      vertex -38.4946 -0.163507 4
    endloop
  endfacet
  facet normal 0.352235 -0.935911 0
    outer loop
      vertex -36.9567 2.3097 4
      vertex -36.8036 2.36732 9
      vertex -36.9567 2.3097 9
    endloop
  endfacet
  facet normal 0.352235 -0.935911 0
    outer loop
      vertex -36.8036 2.36732 9
      vertex -36.9567 2.3097 4
      vertex -36.8036 2.36732 4
    endloop
  endfacet
  facet normal 0.995206 0.0978041 0
    outer loop
      vertex -38.4786 -0.326315 9
      vertex -38.4946 -0.163507 4
      vertex -38.4946 -0.163507 9
    endloop
  endfacet
  facet normal 0.995206 0.0978041 0
    outer loop
      vertex -38.4946 -0.163507 4
      vertex -38.4786 -0.326315 9
      vertex -38.4786 -0.326315 4
    endloop
  endfacet
  facet normal -0.812803 -0.582538 0
    outer loop
      vertex -33.9213 1.38893 0
      vertex -34.0166 1.5219 9
      vertex -34.0166 1.5219 0
    endloop
  endfacet
  facet normal -0.812803 -0.582538 0
    outer loop
      vertex -34.0166 1.5219 9
      vertex -33.9213 1.38893 0
      vertex -33.9213 1.38893 9
    endloop
  endfacet
  facet normal -0.995206 0.0978041 0
    outer loop
      vertex -33.5214 -0.326315 0
      vertex -33.5054 -0.163507 9
      vertex -33.5054 -0.163507 0
    endloop
  endfacet
  facet normal -0.995206 0.0978041 0
    outer loop
      vertex -33.5054 -0.163507 9
      vertex -33.5214 -0.326315 0
      vertex -33.5214 -0.326315 9
    endloop
  endfacet
  facet normal 0.098051 0.995181 -0
    outer loop
      vertex -36.1635 -2.49465 0
      vertex -36.3263 -2.47861 9
      vertex -36.1635 -2.49465 9
    endloop
  endfacet
  facet normal 0.098051 0.995181 0
    outer loop
      vertex -36.3263 -2.47861 9
      vertex -36.1635 -2.49465 0
      vertex -36.3263 -2.47861 0
    endloop
  endfacet
  facet normal -0.956922 -0.290345 0
    outer loop
      vertex -33.5852 0.647047 0
      vertex -33.6327 0.803598 9
      vertex -33.6327 0.803598 0
    endloop
  endfacet
  facet normal -0.956922 -0.290345 0
    outer loop
      vertex -33.6327 0.803598 9
      vertex -33.5852 0.647047 0
      vertex -33.5852 0.647047 9
    endloop
  endfacet
  facet normal 0.986691 0.162604 0
    outer loop
      vertex -38.452 -0.487725 9
      vertex -38.4786 -0.326315 4
      vertex -38.4786 -0.326315 9
    endloop
  endfacet
  facet normal 0.986691 0.162604 0
    outer loop
      vertex -38.4786 -0.326315 4
      vertex -38.452 -0.487725 9
      vertex -38.452 -0.487725 4
    endloop
  endfacet
  facet normal 0.77296 -0.634455 0
    outer loop
      vertex -37.9834 1.5219 9
      vertex -37.8796 1.64836 4
      vertex -37.8796 1.64836 9
    endloop
  endfacet
  facet normal 0.77296 -0.634455 0
    outer loop
      vertex -37.8796 1.64836 4
      vertex -37.9834 1.5219 9
      vertex -37.9834 1.5219 4
    endloop
  endfacet
  facet normal 0.162912 0.986641 -0
    outer loop
      vertex -36.3263 -2.47861 0
      vertex -36.4877 -2.45196 9
      vertex -36.3263 -2.47861 9
    endloop
  endfacet
  facet normal 0.162912 0.986641 0
    outer loop
      vertex -36.4877 -2.45196 9
      vertex -36.3263 -2.47861 0
      vertex -36.4877 -2.45196 0
    endloop
  endfacet
  facet normal -0.290206 0.956964 0
    outer loop
      vertex -35.1964 -2.36732 0
      vertex -35.353 -2.41481 9
      vertex -35.1964 -2.36732 9
    endloop
  endfacet
  facet normal -0.290206 0.956964 0
    outer loop
      vertex -35.353 -2.41481 9
      vertex -35.1964 -2.36732 0
      vertex -35.353 -2.41481 0
    endloop
  endfacet
  facet normal 0.227899 -0.973685 0
    outer loop
      vertex -36.6194 2.42127 4
      vertex -36.647 2.41481 9
      vertex -36.647 2.41481 4
    endloop
  endfacet
  facet normal 0.227114 -0.973868 -4.57039e-06
    outer loop
      vertex -36.647 2.41481 9
      vertex -36.6194 2.42127 4
      vertex -36.4877 2.45196 9
    endloop
  endfacet
  facet normal 0.226949 -0.973907 0
    outer loop
      vertex -36.4877 2.45196 0
      vertex -36.6194 2.42127 4
      vertex -36.6194 2.42127 0
    endloop
  endfacet
  facet normal 0.226949 -0.973907 0
    outer loop
      vertex -36.6194 2.42127 4
      vertex -36.4877 2.45196 0
      vertex -36.4877 2.45196 9
    endloop
  endfacet
  facet normal -0.77296 0.634455 0
    outer loop
      vertex -34.1204 -1.64836 0
      vertex -34.0166 -1.5219 9
      vertex -34.0166 -1.5219 0
    endloop
  endfacet
  facet normal -0.77296 0.634455 0
    outer loop
      vertex -34.0166 -1.5219 9
      vertex -34.1204 -1.64836 0
      vertex -34.1204 -1.64836 9
    endloop
  endfacet
  facet normal 0.935959 -0.352108 0
    outer loop
      vertex -38.3673 0.803598 9
      vertex -38.3097 0.956708 4
      vertex -38.3097 0.956708 9
    endloop
  endfacet
  facet normal 0.935959 -0.352108 0
    outer loop
      vertex -38.3097 0.956708 4
      vertex -38.3673 0.803598 9
      vertex -38.3673 0.803598 4
    endloop
  endfacet
  facet normal -0.52814 -0.849157 0
    outer loop
      vertex -34.75 2.16506 0
      vertex -34.6111 2.07867 9
      vertex -34.75 2.16506 9
    endloop
  endfacet
  facet normal -0.52814 -0.849157 -0
    outer loop
      vertex -34.6111 2.07867 9
      vertex -34.75 2.16506 0
      vertex -34.6111 2.07867 0
    endloop
  endfacet
  facet normal -0.352235 0.935911 0
    outer loop
      vertex -35.0433 -2.3097 0
      vertex -35.1964 -2.36732 9
      vertex -35.0433 -2.3097 9
    endloop
  endfacet
  facet normal -0.352235 0.935911 0
    outer loop
      vertex -35.1964 -2.36732 9
      vertex -35.0433 -2.3097 0
      vertex -35.1964 -2.36732 0
    endloop
  endfacet
  facet normal 0.973808 0.227374 0
    outer loop
      vertex -38.4148 -0.647047 9
      vertex -38.452 -0.487725 4
      vertex -38.452 -0.487725 9
    endloop
  endfacet
  facet normal 0.973808 0.227374 0
    outer loop
      vertex -38.452 -0.487725 4
      vertex -38.4148 -0.647047 9
      vertex -38.4148 -0.647047 4
    endloop
  endfacet
  facet normal 0.0327042 0.999465 -0
    outer loop
      vertex -36 -2.5 0
      vertex -36.1635 -2.49465 9
      vertex -36 -2.5 9
    endloop
  endfacet
  facet normal 0.0327042 0.999465 0
    outer loop
      vertex -36.1635 -2.49465 9
      vertex -36 -2.5 0
      vertex -36.1635 -2.49465 0
    endloop
  endfacet
  facet normal 0.956922 0.290345 0
    outer loop
      vertex -38.3673 -0.803598 9
      vertex -38.4148 -0.647047 4
      vertex -38.4148 -0.647047 9
    endloop
  endfacet
  facet normal 0.956922 0.290345 0
    outer loop
      vertex -38.4148 -0.647047 4
      vertex -38.3673 -0.803598 9
      vertex -38.3673 -0.803598 4
    endloop
  endfacet
  facet normal 0.634262 0.773118 -0
    outer loop
      vertex -37.5219 -1.98338 4
      vertex -37.6484 -1.8796 9
      vertex -37.5219 -1.98338 9
    endloop
  endfacet
  facet normal 0.634262 0.773118 0
    outer loop
      vertex -37.6484 -1.8796 9
      vertex -37.5219 -1.98338 4
      vertex -37.6484 -1.8796 4
    endloop
  endfacet
  facet normal -0.729985 -0.683463 0
    outer loop
      vertex -34.1204 1.64836 0
      vertex -34.2322 1.76777 9
      vertex -34.2322 1.76777 0
    endloop
  endfacet
  facet normal -0.729985 -0.683463 0
    outer loop
      vertex -34.2322 1.76777 9
      vertex -34.1204 1.64836 0
      vertex -34.1204 1.64836 9
    endloop
  endfacet
  facet normal 0.812803 0.582538 0
    outer loop
      vertex -37.9834 -1.5219 9
      vertex -38.0787 -1.38893 4
      vertex -38.0787 -1.38893 9
    endloop
  endfacet
  facet normal 0.812803 0.582538 0
    outer loop
      vertex -38.0787 -1.38893 4
      vertex -37.9834 -1.5219 9
      vertex -37.9834 -1.5219 4
    endloop
  endfacet
  facet normal 0.849181 0.528102 0
    outer loop
      vertex -38.0787 -1.38893 9
      vertex -38.1651 -1.25 4
      vertex -38.1651 -1.25 9
    endloop
  endfacet
  facet normal 0.849181 0.528102 0
    outer loop
      vertex -38.1651 -1.25 4
      vertex -38.0787 -1.38893 9
      vertex -38.0787 -1.38893 4
    endloop
  endfacet
  facet normal -0.098051 0.995181 0
    outer loop
      vertex -35.6737 -2.47861 0
      vertex -35.8365 -2.49465 9
      vertex -35.6737 -2.47861 9
    endloop
  endfacet
  facet normal -0.098051 0.995181 0
    outer loop
      vertex -35.8365 -2.49465 9
      vertex -35.6737 -2.47861 0
      vertex -35.8365 -2.49465 0
    endloop
  endfacet
  facet normal -0.683591 -0.729865 0
    outer loop
      vertex -34.3516 1.8796 0
      vertex -34.2322 1.76777 9
      vertex -34.3516 1.8796 9
    endloop
  endfacet
  facet normal -0.683591 -0.729865 -0
    outer loop
      vertex -34.2322 1.76777 9
      vertex -34.3516 1.8796 0
      vertex -34.2322 1.76777 0
    endloop
  endfacet
  facet normal 0.352235 0.935911 -0
    outer loop
      vertex -36.8036 -2.36732 4
      vertex -36.9567 -2.3097 9
      vertex -36.8036 -2.36732 9
    endloop
  endfacet
  facet normal 0.352235 0.935911 0
    outer loop
      vertex -36.9567 -2.3097 9
      vertex -36.8036 -2.36732 4
      vertex -36.9567 -2.3097 4
    endloop
  endfacet
  facet normal -0.0327042 -0.999465 0
    outer loop
      vertex -36 2.5 0
      vertex -35.8365 2.49465 9
      vertex -36 2.5 9
    endloop
  endfacet
  facet normal -0.0327042 -0.999465 -0
    outer loop
      vertex -35.8365 2.49465 9
      vertex -36 2.5 0
      vertex -35.8365 2.49465 0
    endloop
  endfacet
  facet normal 0.683591 0.729865 -0
    outer loop
      vertex -37.6484 -1.8796 4
      vertex -37.7678 -1.76777 9
      vertex -37.6484 -1.8796 9
    endloop
  endfacet
  facet normal 0.683591 0.729865 0
    outer loop
      vertex -37.7678 -1.76777 9
      vertex -37.6484 -1.8796 4
      vertex -37.7678 -1.76777 4
    endloop
  endfacet
  facet normal -0.812803 0.582538 0
    outer loop
      vertex -34.0166 -1.5219 0
      vertex -33.9213 -1.38893 9
      vertex -33.9213 -1.38893 0
    endloop
  endfacet
  facet normal -0.812803 0.582538 0
    outer loop
      vertex -33.9213 -1.38893 9
      vertex -34.0166 -1.5219 0
      vertex -34.0166 -1.5219 9
    endloop
  endfacet
  facet normal -0.973808 0.227374 0
    outer loop
      vertex -33.5852 -0.647047 0
      vertex -33.548 -0.487725 9
      vertex -33.548 -0.487725 0
    endloop
  endfacet
  facet normal -0.973808 0.227374 0
    outer loop
      vertex -33.548 -0.487725 9
      vertex -33.5852 -0.647047 0
      vertex -33.5852 -0.647047 9
    endloop
  endfacet
  facet normal 0.995206 -0.0978041 0
    outer loop
      vertex -38.4946 0.163507 9
      vertex -38.4786 0.326315 4
      vertex -38.4786 0.326315 9
    endloop
  endfacet
  facet normal 0.995206 -0.0978041 0
    outer loop
      vertex -38.4786 0.326315 4
      vertex -38.4946 0.163507 9
      vertex -38.4946 0.163507 4
    endloop
  endfacet
  facet normal 0.729985 -0.683463 0
    outer loop
      vertex -37.8796 1.64836 9
      vertex -37.7678 1.76777 4
      vertex -37.7678 1.76777 9
    endloop
  endfacet
  facet normal 0.729985 -0.683463 0
    outer loop
      vertex -37.7678 1.76777 4
      vertex -37.8796 1.64836 9
      vertex -37.8796 1.64836 4
    endloop
  endfacet
  facet normal 0.098051 -0.995181 0
    outer loop
      vertex -36.3263 2.47861 0
      vertex -36.1635 2.49465 9
      vertex -36.3263 2.47861 9
    endloop
  endfacet
  facet normal 0.098051 -0.995181 0
    outer loop
      vertex -36.1635 2.49465 9
      vertex -36.3263 2.47861 0
      vertex -36.1635 2.49465 0
    endloop
  endfacet
  facet normal -0.634262 -0.773118 0
    outer loop
      vertex -34.4781 1.98338 0
      vertex -34.3516 1.8796 9
      vertex -34.4781 1.98338 9
    endloop
  endfacet
  facet normal -0.634262 -0.773118 -0
    outer loop
      vertex -34.3516 1.8796 9
      vertex -34.4781 1.98338 0
      vertex -34.3516 1.8796 0
    endloop
  endfacet
  facet normal -0.935959 -0.352108 0
    outer loop
      vertex -33.6327 0.803598 0
      vertex -33.6903 0.956708 9
      vertex -33.6903 0.956708 0
    endloop
  endfacet
  facet normal -0.935959 -0.352108 0
    outer loop
      vertex -33.6903 0.956708 9
      vertex -33.6327 0.803598 0
      vertex -33.6327 0.803598 9
    endloop
  endfacet
  facet normal -0.77296 -0.634455 0
    outer loop
      vertex -34.0166 1.5219 0
      vertex -34.1204 1.64836 9
      vertex -34.1204 1.64836 0
    endloop
  endfacet
  facet normal -0.77296 -0.634455 0
    outer loop
      vertex -34.1204 1.64836 9
      vertex -34.0166 1.5219 0
      vertex -34.0166 1.5219 9
    endloop
  endfacet
  facet normal 0.290206 -0.956964 0
    outer loop
      vertex -36.8036 2.36732 4
      vertex -36.647 2.41481 9
      vertex -36.8036 2.36732 9
    endloop
  endfacet
  facet normal 0.290206 -0.956964 0
    outer loop
      vertex -36.647 2.41481 9
      vertex -36.8036 2.36732 4
      vertex -36.647 2.41481 4
    endloop
  endfacet
  facet normal -0.986691 -0.162604 0
    outer loop
      vertex -33.5214 0.326315 0
      vertex -33.548 0.487725 9
      vertex -33.548 0.487725 0
    endloop
  endfacet
  facet normal -0.986691 -0.162604 0
    outer loop
      vertex -33.548 0.487725 9
      vertex -33.5214 0.326315 0
      vertex -33.5214 0.326315 9
    endloop
  endfacet
  facet normal 0.471349 0.881947 -0
    outer loop
      vertex -37.1057 -2.24218 4
      vertex -37.25 -2.16506 9
      vertex -37.1057 -2.24218 9
    endloop
  endfacet
  facet normal 0.471349 0.881947 0
    outer loop
      vertex -37.25 -2.16506 9
      vertex -37.1057 -2.24218 4
      vertex -37.25 -2.16506 4
    endloop
  endfacet
  facet normal 0.910902 0.412624 0
    outer loop
      vertex -38.2422 -1.10572 9
      vertex -38.3097 -0.956708 4
      vertex -38.3097 -0.956708 9
    endloop
  endfacet
  facet normal 0.910902 0.412624 0
    outer loop
      vertex -38.3097 -0.956708 4
      vertex -38.2422 -1.10572 9
      vertex -38.2422 -1.10572 4
    endloop
  endfacet
  facet normal -0.098051 -0.995181 0
    outer loop
      vertex -35.8365 2.49465 0
      vertex -35.6737 2.47861 9
      vertex -35.8365 2.49465 9
    endloop
  endfacet
  facet normal -0.098051 -0.995181 -0
    outer loop
      vertex -35.6737 2.47861 9
      vertex -35.8365 2.49465 0
      vertex -35.6737 2.47861 0
    endloop
  endfacet
  facet normal 0.683591 -0.729865 0
    outer loop
      vertex -37.7678 1.76777 4
      vertex -37.6484 1.8796 9
      vertex -37.7678 1.76777 9
    endloop
  endfacet
  facet normal 0.683591 -0.729865 0
    outer loop
      vertex -37.6484 1.8796 9
      vertex -37.7678 1.76777 4
      vertex -37.6484 1.8796 4
    endloop
  endfacet
  facet normal 0.582411 0.812894 -0
    outer loop
      vertex -37.3889 -2.07867 4
      vertex -37.5219 -1.98338 9
      vertex -37.3889 -2.07867 9
    endloop
  endfacet
  facet normal 0.582411 0.812894 0
    outer loop
      vertex -37.5219 -1.98338 9
      vertex -37.3889 -2.07867 4
      vertex -37.5219 -1.98338 4
    endloop
  endfacet
  facet normal 0.88197 0.471305 0
    outer loop
      vertex -38.1651 -1.25 9
      vertex -38.2422 -1.10572 4
      vertex -38.2422 -1.10572 9
    endloop
  endfacet
  facet normal 0.88197 0.471305 0
    outer loop
      vertex -38.2422 -1.10572 4
      vertex -38.1651 -1.25 9
      vertex -38.1651 -1.25 4
    endloop
  endfacet
  facet normal -0.290206 -0.956964 0
    outer loop
      vertex -35.353 2.41481 0
      vertex -35.1964 2.36732 9
      vertex -35.353 2.41481 9
    endloop
  endfacet
  facet normal -0.290206 -0.956964 -0
    outer loop
      vertex -35.1964 2.36732 9
      vertex -35.353 2.41481 0
      vertex -35.1964 2.36732 0
    endloop
  endfacet
  facet normal 0.0327042 -0.999465 0
    outer loop
      vertex -36.1635 2.49465 0
      vertex -36 2.5 9
      vertex -36.1635 2.49465 9
    endloop
  endfacet
  facet normal 0.0327042 -0.999465 0
    outer loop
      vertex -36 2.5 9
      vertex -36.1635 2.49465 0
      vertex -36 2.5 0
    endloop
  endfacet
  facet normal 0.729985 0.683463 0
    outer loop
      vertex -37.7678 -1.76777 9
      vertex -37.8796 -1.64836 4
      vertex -37.8796 -1.64836 9
    endloop
  endfacet
  facet normal 0.729985 0.683463 0
    outer loop
      vertex -37.8796 -1.64836 4
      vertex -37.7678 -1.76777 9
      vertex -37.7678 -1.76777 4
    endloop
  endfacet
  facet normal 0.812803 -0.582538 0
    outer loop
      vertex -38.0787 1.38893 9
      vertex -37.9834 1.5219 4
      vertex -37.9834 1.5219 9
    endloop
  endfacet
  facet normal 0.812803 -0.582538 0
    outer loop
      vertex -37.9834 1.5219 4
      vertex -38.0787 1.38893 9
      vertex -38.0787 1.38893 4
    endloop
  endfacet
  facet normal 0.77296 0.634455 0
    outer loop
      vertex -37.8796 -1.64836 9
      vertex -37.9834 -1.5219 4
      vertex -37.9834 -1.5219 9
    endloop
  endfacet
  facet normal 0.77296 0.634455 0
    outer loop
      vertex -37.9834 -1.5219 4
      vertex -37.8796 -1.64836 9
      vertex -37.8796 -1.64836 4
    endloop
  endfacet
  facet normal -0.582411 0.812894 0
    outer loop
      vertex -34.4781 -1.98338 0
      vertex -34.6111 -2.07867 9
      vertex -34.4781 -1.98338 9
    endloop
  endfacet
  facet normal -0.582411 0.812894 0
    outer loop
      vertex -34.6111 -2.07867 9
      vertex -34.4781 -1.98338 0
      vertex -34.6111 -2.07867 0
    endloop
  endfacet
  facet normal 0.910902 -0.412624 0
    outer loop
      vertex -38.3097 0.956708 9
      vertex -38.2422 1.10572 4
      vertex -38.2422 1.10572 9
    endloop
  endfacet
  facet normal 0.910902 -0.412624 0
    outer loop
      vertex -38.2422 1.10572 4
      vertex -38.3097 0.956708 9
      vertex -38.3097 0.956708 4
    endloop
  endfacet
  facet normal -0.52814 0.849157 0
    outer loop
      vertex -34.6111 -2.07867 0
      vertex -34.75 -2.16506 9
      vertex -34.6111 -2.07867 9
    endloop
  endfacet
  facet normal -0.52814 0.849157 0
    outer loop
      vertex -34.75 -2.16506 9
      vertex -34.6111 -2.07867 0
      vertex -34.75 -2.16506 0
    endloop
  endfacet
  facet normal -0.986691 0.162604 0
    outer loop
      vertex -33.548 -0.487725 0
      vertex -33.5214 -0.326315 9
      vertex -33.5214 -0.326315 0
    endloop
  endfacet
  facet normal -0.986691 0.162604 0
    outer loop
      vertex -33.5214 -0.326315 9
      vertex -33.548 -0.487725 0
      vertex -33.548 -0.487725 9
    endloop
  endfacet
  facet normal 0.88197 -0.471305 0
    outer loop
      vertex -38.2422 1.10572 9
      vertex -38.1651 1.25 4
      vertex -38.1651 1.25 9
    endloop
  endfacet
  facet normal 0.88197 -0.471305 0
    outer loop
      vertex -38.1651 1.25 4
      vertex -38.2422 1.10572 9
      vertex -38.2422 1.10572 4
    endloop
  endfacet
  facet normal 0.290206 0.956964 -0
    outer loop
      vertex -36.647 -2.41481 4
      vertex -36.8036 -2.36732 9
      vertex -36.647 -2.41481 9
    endloop
  endfacet
  facet normal 0.290206 0.956964 0
    outer loop
      vertex -36.8036 -2.36732 9
      vertex -36.647 -2.41481 4
      vertex -36.8036 -2.36732 4
    endloop
  endfacet
  facet normal 0.52814 0.849157 -0
    outer loop
      vertex -37.25 -2.16506 4
      vertex -37.3889 -2.07867 9
      vertex -37.25 -2.16506 9
    endloop
  endfacet
  facet normal 0.52814 0.849157 0
    outer loop
      vertex -37.3889 -2.07867 9
      vertex -37.25 -2.16506 4
      vertex -37.3889 -2.07867 4
    endloop
  endfacet
  facet normal 0.999455 -0.0330081 0
    outer loop
      vertex -38.5 0 9
      vertex -38.4946 0.163507 4
      vertex -38.4946 0.163507 9
    endloop
  endfacet
  facet normal 0.999455 -0.0330081 0
    outer loop
      vertex -38.4946 0.163507 4
      vertex -38.5 0 9
      vertex -38.5 0 4
    endloop
  endfacet
  facet normal -0.227114 -0.973868 0
    outer loop
      vertex -35.5123 2.45196 0
      vertex -35.353 2.41481 9
      vertex -35.5123 2.45196 9
    endloop
  endfacet
  facet normal -0.227114 -0.973868 -0
    outer loop
      vertex -35.353 2.41481 9
      vertex -35.5123 2.45196 0
      vertex -35.353 2.41481 0
    endloop
  endfacet
  facet normal -0.634262 0.773118 0
    outer loop
      vertex -34.3516 -1.8796 0
      vertex -34.4781 -1.98338 9
      vertex -34.3516 -1.8796 9
    endloop
  endfacet
  facet normal -0.634262 0.773118 0
    outer loop
      vertex -34.4781 -1.98338 9
      vertex -34.3516 -1.8796 0
      vertex -34.4781 -1.98338 0
    endloop
  endfacet
  facet normal 0.412753 0.910843 -0
    outer loop
      vertex -36.9567 -2.3097 4
      vertex -37.1057 -2.24218 9
      vertex -36.9567 -2.3097 9
    endloop
  endfacet
  facet normal 0.412753 0.910843 0
    outer loop
      vertex -37.1057 -2.24218 9
      vertex -36.9567 -2.3097 4
      vertex -37.1057 -2.24218 4
    endloop
  endfacet
  facet normal -0.995184 -0.0980247 0
    outer loop
      vertex 27.4411 1.79859 0
      vertex 27.2647 3.58947 9
      vertex 27.2647 3.58947 0
    endloop
  endfacet
  facet normal -0.995184 -0.0980247 0
    outer loop
      vertex 27.2647 3.58947 9
      vertex 27.4411 1.79859 0
      vertex 27.4411 1.79859 9
    endloop
  endfacet
  facet normal -0.999464 -0.0327303 0
    outer loop
      vertex 27.5 0 0
      vertex 27.4411 1.79859 9
      vertex 27.4411 1.79859 0
    endloop
  endfacet
  facet normal -0.999464 -0.0327303 0
    outer loop
      vertex 27.4411 1.79859 9
      vertex 27.5 0 0
      vertex 27.5 0 9
    endloop
  endfacet
  facet normal -0.986647 -0.162875 0
    outer loop
      vertex 27.2647 3.58947 0
      vertex 26.9716 5.36498 9
      vertex 26.9716 5.36498 0
    endloop
  endfacet
  facet normal -0.986647 -0.162875 0
    outer loop
      vertex 26.9716 5.36498 9
      vertex 27.2647 3.58947 0
      vertex 27.2647 3.58947 9
    endloop
  endfacet
  facet normal -0.910857 0.412722 0
    outer loop
      vertex 24.664 -12.1629 0
      vertex 25.4067 -10.5238 9
      vertex 25.4067 -10.5238 0
    endloop
  endfacet
  facet normal -0.910857 0.412722 0
    outer loop
      vertex 25.4067 -10.5238 9
      vertex 24.664 -12.1629 0
      vertex 24.664 -12.1629 9
    endloop
  endfacet
  facet normal 0.973881 0.227058 0
    outer loop
      vertex -26.563 -7.11752 9
      vertex -26.9716 -5.36498 0
      vertex -26.9716 -5.36498 9
    endloop
  endfacet
  facet normal 0.973881 0.227058 0
    outer loop
      vertex -26.9716 -5.36498 0
      vertex -26.563 -7.11752 9
      vertex -26.563 -7.11752 0
    endloop
  endfacet
  facet normal -0.52807 0.849201 0
    outer loop
      vertex 15.2782 -22.8654 0
      vertex 13.75 -23.8157 9
      vertex 15.2782 -22.8654 9
    endloop
  endfacet
  facet normal -0.52807 0.849201 0
    outer loop
      vertex 13.75 -23.8157 9
      vertex 15.2782 -22.8654 0
      vertex 13.75 -23.8157 0
    endloop
  endfacet
  facet normal 0.290294 0.956937 -0
    outer loop
      vertex -7.11752 -26.563 0
      vertex -8.83958 -26.0406 9
      vertex -7.11752 -26.563 9
    endloop
  endfacet
  facet normal 0.290294 0.956937 0
    outer loop
      vertex -8.83958 -26.0406 9
      vertex -7.11752 -26.563 0
      vertex -8.83958 -26.0406 0
    endloop
  endfacet
  facet normal -0.227058 0.973881 0
    outer loop
      vertex 7.11752 -26.563 0
      vertex 5.36498 -26.9716 9
      vertex 7.11752 -26.563 9
    endloop
  endfacet
  facet normal -0.227058 0.973881 0
    outer loop
      vertex 5.36498 -26.9716 9
      vertex 7.11752 -26.563 0
      vertex 5.36498 -26.9716 0
    endloop
  endfacet
  facet normal 0.956937 -0.290294 0
    outer loop
      vertex -26.563 7.11752 9
      vertex -26.0406 8.83958 0
      vertex -26.0406 8.83958 9
    endloop
  endfacet
  facet normal 0.956937 -0.290294 0
    outer loop
      vertex -26.0406 8.83958 0
      vertex -26.563 7.11752 9
      vertex -26.563 7.11752 0
    endloop
  endfacet
  facet normal -0.634378 -0.773023 0
    outer loop
      vertex 16.7409 21.8172 0
      vertex 18.132 20.6756 9
      vertex 16.7409 21.8172 9
    endloop
  endfacet
  facet normal -0.634378 -0.773023 -0
    outer loop
      vertex 18.132 20.6756 9
      vertex 16.7409 21.8172 0
      vertex 18.132 20.6756 0
    endloop
  endfacet
  facet normal 0.683612 -0.729846 0
    outer loop
      vertex -19.4454 19.4454 0
      vertex -18.132 20.6756 9
      vertex -19.4454 19.4454 9
    endloop
  endfacet
  facet normal 0.683612 -0.729846 0
    outer loop
      vertex -18.132 20.6756 9
      vertex -19.4454 19.4454 0
      vertex -18.132 20.6756 0
    endloop
  endfacet
  facet normal 0.986647 0.162875 0
    outer loop
      vertex -26.9716 -5.36498 9
      vertex -27.2647 -3.58947 0
      vertex -27.2647 -3.58947 9
    endloop
  endfacet
  facet normal 0.986647 0.162875 0
    outer loop
      vertex -27.2647 -3.58947 0
      vertex -26.9716 -5.36498 9
      vertex -26.9716 -5.36498 0
    endloop
  endfacet
  facet normal -0.0327303 -0.999464 0
    outer loop
      vertex 0 27.5 0
      vertex 1.79859 27.4411 9
      vertex 0 27.5 9
    endloop
  endfacet
  facet normal -0.0327303 -0.999464 -0
    outer loop
      vertex 1.79859 27.4411 9
      vertex 0 27.5 0
      vertex 1.79859 27.4411 0
    endloop
  endfacet
  facet normal 0.973881 -0.227058 0
    outer loop
      vertex -26.9716 5.36498 9
      vertex -26.563 7.11752 0
      vertex -26.563 7.11752 9
    endloop
  endfacet
  facet normal 0.973881 -0.227058 0
    outer loop
      vertex -26.563 7.11752 0
      vertex -26.9716 5.36498 9
      vertex -26.9716 5.36498 0
    endloop
  endfacet
  facet normal -0.812835 0.582494 0
    outer loop
      vertex 21.8172 -16.7409 0
      vertex 22.8654 -15.2782 9
      vertex 22.8654 -15.2782 0
    endloop
  endfacet
  facet normal -0.812835 0.582494 0
    outer loop
      vertex 22.8654 -15.2782 9
      vertex 21.8172 -16.7409 0
      vertex 21.8172 -16.7409 9
    endloop
  endfacet
  facet normal 0.227058 -0.973881 0
    outer loop
      vertex -7.11752 26.563 0
      vertex -5.36498 26.9716 9
      vertex -7.11752 26.563 9
    endloop
  endfacet
  facet normal 0.227058 -0.973881 0
    outer loop
      vertex -5.36498 26.9716 9
      vertex -7.11752 26.563 0
      vertex -5.36498 26.9716 0
    endloop
  endfacet
  facet normal 0.471387 0.881926 -0
    outer loop
      vertex -12.1629 -24.664 0
      vertex -13.75 -23.8157 9
      vertex -12.1629 -24.664 9
    endloop
  endfacet
  facet normal 0.471387 0.881926 0
    outer loop
      vertex -13.75 -23.8157 9
      vertex -12.1629 -24.664 0
      vertex -13.75 -23.8157 0
    endloop
  endfacet
  facet normal -0.729846 0.683612 0
    outer loop
      vertex 19.4454 -19.4454 0
      vertex 20.6756 -18.132 9
      vertex 20.6756 -18.132 0
    endloop
  endfacet
  facet normal -0.729846 0.683612 0
    outer loop
      vertex 20.6756 -18.132 9
      vertex 19.4454 -19.4454 0
      vertex 19.4454 -19.4454 9
    endloop
  endfacet
  facet normal -0.683612 -0.729846 0
    outer loop
      vertex 18.132 20.6756 0
      vertex 19.4454 19.4454 9
      vertex 18.132 20.6756 9
    endloop
  endfacet
  facet normal -0.683612 -0.729846 -0
    outer loop
      vertex 19.4454 19.4454 9
      vertex 18.132 20.6756 0
      vertex 19.4454 19.4454 0
    endloop
  endfacet
  facet normal -0.849201 -0.52807 0
    outer loop
      vertex 23.8157 13.75 0
      vertex 22.8654 15.2782 9
      vertex 22.8654 15.2782 0
    endloop
  endfacet
  facet normal -0.849201 -0.52807 0
    outer loop
      vertex 22.8654 15.2782 9
      vertex 23.8157 13.75 0
      vertex 23.8157 13.75 9
    endloop
  endfacet
  facet normal -0.935905 0.352252 0
    outer loop
      vertex 25.4067 -10.5238 0
      vertex 26.0406 -8.83958 9
      vertex 26.0406 -8.83958 0
    endloop
  endfacet
  facet normal -0.935905 0.352252 0
    outer loop
      vertex 26.0406 -8.83958 9
      vertex 25.4067 -10.5238 0
      vertex 25.4067 -10.5238 9
    endloop
  endfacet
  facet normal -0.227058 -0.973881 0
    outer loop
      vertex 5.36498 26.9716 0
      vertex 7.11752 26.563 9
      vertex 5.36498 26.9716 9
    endloop
  endfacet
  facet normal -0.227058 -0.973881 -0
    outer loop
      vertex 7.11752 26.563 9
      vertex 5.36498 26.9716 0
      vertex 7.11752 26.563 0
    endloop
  endfacet
  facet normal 0.0327303 0.999464 -0
    outer loop
      vertex 0 -27.5 0
      vertex -1.79859 -27.4411 9
      vertex 0 -27.5 9
    endloop
  endfacet
  facet normal 0.0327303 0.999464 0
    outer loop
      vertex -1.79859 -27.4411 9
      vertex 0 -27.5 0
      vertex -1.79859 -27.4411 0
    endloop
  endfacet
  facet normal 0.634378 0.773023 -0
    outer loop
      vertex -16.7409 -21.8172 0
      vertex -18.132 -20.6756 9
      vertex -16.7409 -21.8172 9
    endloop
  endfacet
  facet normal 0.634378 0.773023 0
    outer loop
      vertex -18.132 -20.6756 9
      vertex -16.7409 -21.8172 0
      vertex -18.132 -20.6756 0
    endloop
  endfacet
  facet normal -0.973881 -0.227058 0
    outer loop
      vertex 26.9716 5.36498 0
      vertex 26.563 7.11752 9
      vertex 26.563 7.11752 0
    endloop
  endfacet
  facet normal -0.973881 -0.227058 0
    outer loop
      vertex 26.563 7.11752 9
      vertex 26.9716 5.36498 0
      vertex 26.9716 5.36498 9
    endloop
  endfacet
  facet normal 0.729846 -0.683612 0
    outer loop
      vertex -20.6756 18.132 9
      vertex -19.4454 19.4454 0
      vertex -19.4454 19.4454 9
    endloop
  endfacet
  facet normal 0.729846 -0.683612 0
    outer loop
      vertex -19.4454 19.4454 0
      vertex -20.6756 18.132 9
      vertex -20.6756 18.132 0
    endloop
  endfacet
  facet normal 0.812835 0.582494 0
    outer loop
      vertex -21.8172 -16.7409 9
      vertex -22.8654 -15.2782 0
      vertex -22.8654 -15.2782 9
    endloop
  endfacet
  facet normal 0.812835 0.582494 0
    outer loop
      vertex -22.8654 -15.2782 0
      vertex -21.8172 -16.7409 9
      vertex -21.8172 -16.7409 0
    endloop
  endfacet
  facet normal 0.471387 -0.881926 0
    outer loop
      vertex -13.75 23.8157 0
      vertex -12.1629 24.664 9
      vertex -13.75 23.8157 9
    endloop
  endfacet
  facet normal 0.471387 -0.881926 0
    outer loop
      vertex -12.1629 24.664 9
      vertex -13.75 23.8157 0
      vertex -12.1629 24.664 0
    endloop
  endfacet
  facet normal 0.0980247 -0.995184 0
    outer loop
      vertex -3.58947 27.2647 0
      vertex -1.79859 27.4411 9
      vertex -3.58947 27.2647 9
    endloop
  endfacet
  facet normal 0.0980247 -0.995184 0
    outer loop
      vertex -1.79859 27.4411 9
      vertex -3.58947 27.2647 0
      vertex -1.79859 27.4411 0
    endloop
  endfacet
  facet normal 0.956937 0.290294 0
    outer loop
      vertex -26.0406 -8.83958 9
      vertex -26.563 -7.11752 0
      vertex -26.563 -7.11752 9
    endloop
  endfacet
  facet normal 0.956937 0.290294 0
    outer loop
      vertex -26.563 -7.11752 0
      vertex -26.0406 -8.83958 9
      vertex -26.0406 -8.83958 0
    endloop
  endfacet
  facet normal 0.995184 -0.0980247 0
    outer loop
      vertex -27.4411 1.79859 9
      vertex -27.2647 3.58947 0
      vertex -27.2647 3.58947 9
    endloop
  endfacet
  facet normal 0.995184 -0.0980247 0
    outer loop
      vertex -27.2647 3.58947 0
      vertex -27.4411 1.79859 9
      vertex -27.4411 1.79859 0
    endloop
  endfacet
  facet normal -0.935905 -0.352252 0
    outer loop
      vertex 26.0406 8.83958 0
      vertex 25.4067 10.5238 9
      vertex 25.4067 10.5238 0
    endloop
  endfacet
  facet normal -0.935905 -0.352252 0
    outer loop
      vertex 25.4067 10.5238 9
      vertex 26.0406 8.83958 0
      vertex 26.0406 8.83958 9
    endloop
  endfacet
  facet normal -0.999464 0.0327303 0
    outer loop
      vertex 27.4411 -1.79859 0
      vertex 27.5 0 9
      vertex 27.5 0 0
    endloop
  endfacet
  facet normal -0.999464 0.0327303 0
    outer loop
      vertex 27.5 0 9
      vertex 27.4411 -1.79859 0
      vertex 27.4411 -1.79859 9
    endloop
  endfacet
  facet normal 0.52807 -0.849201 0
    outer loop
      vertex -15.2782 22.8654 0
      vertex -13.75 23.8157 9
      vertex -15.2782 22.8654 9
    endloop
  endfacet
  facet normal 0.52807 -0.849201 0
    outer loop
      vertex -13.75 23.8157 9
      vertex -15.2782 22.8654 0
      vertex -13.75 23.8157 0
    endloop
  endfacet
  facet normal -0.290294 0.956937 0
    outer loop
      vertex 8.83958 -26.0406 0
      vertex 7.11752 -26.563 9
      vertex 8.83958 -26.0406 9
    endloop
  endfacet
  facet normal -0.290294 0.956937 0
    outer loop
      vertex 7.11752 -26.563 9
      vertex 8.83958 -26.0406 0
      vertex 7.11752 -26.563 0
    endloop
  endfacet
  facet normal -0.471387 0.881926 0
    outer loop
      vertex 13.75 -23.8157 0
      vertex 12.1629 -24.664 9
      vertex 13.75 -23.8157 9
    endloop
  endfacet
  facet normal -0.471387 0.881926 0
    outer loop
      vertex 12.1629 -24.664 9
      vertex 13.75 -23.8157 0
      vertex 12.1629 -24.664 0
    endloop
  endfacet
  facet normal -0.52807 -0.849201 0
    outer loop
      vertex 13.75 23.8157 0
      vertex 15.2782 22.8654 9
      vertex 13.75 23.8157 9
    endloop
  endfacet
  facet normal -0.52807 -0.849201 -0
    outer loop
      vertex 15.2782 22.8654 9
      vertex 13.75 23.8157 0
      vertex 15.2782 22.8654 0
    endloop
  endfacet
  facet normal 0.729846 0.683612 0
    outer loop
      vertex -19.4454 -19.4454 9
      vertex -20.6756 -18.132 0
      vertex -20.6756 -18.132 9
    endloop
  endfacet
  facet normal 0.729846 0.683612 0
    outer loop
      vertex -20.6756 -18.132 0
      vertex -19.4454 -19.4454 9
      vertex -19.4454 -19.4454 0
    endloop
  endfacet
  facet normal 0.999464 -0.0327303 0
    outer loop
      vertex -27.5 0 9
      vertex -27.4411 1.79859 0
      vertex -27.4411 1.79859 9
    endloop
  endfacet
  facet normal 0.999464 -0.0327303 0
    outer loop
      vertex -27.4411 1.79859 0
      vertex -27.5 0 9
      vertex -27.5 0 0
    endloop
  endfacet
  facet normal -0.973881 0.227058 0
    outer loop
      vertex 26.563 -7.11752 0
      vertex 26.9716 -5.36498 9
      vertex 26.9716 -5.36498 0
    endloop
  endfacet
  facet normal -0.973881 0.227058 0
    outer loop
      vertex 26.9716 -5.36498 9
      vertex 26.563 -7.11752 0
      vertex 26.563 -7.11752 9
    endloop
  endfacet
  facet normal 0.634378 -0.773023 0
    outer loop
      vertex -18.132 20.6756 0
      vertex -16.7409 21.8172 9
      vertex -18.132 20.6756 9
    endloop
  endfacet
  facet normal 0.634378 -0.773023 0
    outer loop
      vertex -16.7409 21.8172 9
      vertex -18.132 20.6756 0
      vertex -16.7409 21.8172 0
    endloop
  endfacet
  facet normal 0.935905 0.352252 0
    outer loop
      vertex -25.4067 -10.5238 9
      vertex -26.0406 -8.83958 0
      vertex -26.0406 -8.83958 9
    endloop
  endfacet
  facet normal 0.935905 0.352252 0
    outer loop
      vertex -26.0406 -8.83958 0
      vertex -25.4067 -10.5238 9
      vertex -25.4067 -10.5238 0
    endloop
  endfacet
  facet normal -0.986647 0.162875 0
    outer loop
      vertex 26.9716 -5.36498 0
      vertex 27.2647 -3.58947 9
      vertex 27.2647 -3.58947 0
    endloop
  endfacet
  facet normal -0.986647 0.162875 0
    outer loop
      vertex 27.2647 -3.58947 9
      vertex 26.9716 -5.36498 0
      vertex 26.9716 -5.36498 9
    endloop
  endfacet
  facet normal -0.0327303 0.999464 0
    outer loop
      vertex 1.79859 -27.4411 0
      vertex 0 -27.5 9
      vertex 1.79859 -27.4411 9
    endloop
  endfacet
  facet normal -0.0327303 0.999464 0
    outer loop
      vertex 0 -27.5 9
      vertex 1.79859 -27.4411 0
      vertex 0 -27.5 0
    endloop
  endfacet
  facet normal -0.956937 -0.290294 0
    outer loop
      vertex 26.563 7.11752 0
      vertex 26.0406 8.83958 9
      vertex 26.0406 8.83958 0
    endloop
  endfacet
  facet normal -0.956937 -0.290294 0
    outer loop
      vertex 26.0406 8.83958 9
      vertex 26.563 7.11752 0
      vertex 26.563 7.11752 9
    endloop
  endfacet
  facet normal 0.162875 -0.986647 0
    outer loop
      vertex -5.36498 26.9716 0
      vertex -3.58947 27.2647 9
      vertex -5.36498 26.9716 9
    endloop
  endfacet
  facet normal 0.162875 -0.986647 0
    outer loop
      vertex -3.58947 27.2647 9
      vertex -5.36498 26.9716 0
      vertex -3.58947 27.2647 0
    endloop
  endfacet
  facet normal -0.881926 -0.471387 0
    outer loop
      vertex 24.664 12.1629 0
      vertex 23.8157 13.75 9
      vertex 23.8157 13.75 0
    endloop
  endfacet
  facet normal -0.881926 -0.471387 0
    outer loop
      vertex 23.8157 13.75 9
      vertex 24.664 12.1629 0
      vertex 24.664 12.1629 9
    endloop
  endfacet
  facet normal 0.290294 -0.956937 0
    outer loop
      vertex -8.83958 26.0406 0
      vertex -7.11752 26.563 9
      vertex -8.83958 26.0406 9
    endloop
  endfacet
  facet normal 0.290294 -0.956937 0
    outer loop
      vertex -7.11752 26.563 9
      vertex -8.83958 26.0406 0
      vertex -7.11752 26.563 0
    endloop
  endfacet
  facet normal -0.352252 0.935905 0
    outer loop
      vertex 10.5238 -25.4067 0
      vertex 8.83958 -26.0406 9
      vertex 10.5238 -25.4067 9
    endloop
  endfacet
  facet normal -0.352252 0.935905 0
    outer loop
      vertex 8.83958 -26.0406 9
      vertex 10.5238 -25.4067 0
      vertex 8.83958 -26.0406 0
    endloop
  endfacet
  facet normal -0.910857 -0.412722 0
    outer loop
      vertex 25.4067 10.5238 0
      vertex 24.664 12.1629 9
      vertex 24.664 12.1629 0
    endloop
  endfacet
  facet normal -0.910857 -0.412722 0
    outer loop
      vertex 24.664 12.1629 9
      vertex 25.4067 10.5238 0
      vertex 25.4067 10.5238 9
    endloop
  endfacet
  facet normal 0.352252 -0.935905 0
    outer loop
      vertex -10.5238 25.4067 0
      vertex -8.83958 26.0406 9
      vertex -10.5238 25.4067 9
    endloop
  endfacet
  facet normal 0.352252 -0.935905 0
    outer loop
      vertex -8.83958 26.0406 9
      vertex -10.5238 25.4067 0
      vertex -8.83958 26.0406 0
    endloop
  endfacet
  facet normal 0.849201 0.52807 0
    outer loop
      vertex -22.8654 -15.2782 9
      vertex -23.8157 -13.75 0
      vertex -23.8157 -13.75 9
    endloop
  endfacet
  facet normal 0.849201 0.52807 0
    outer loop
      vertex -23.8157 -13.75 0
      vertex -22.8654 -15.2782 9
      vertex -22.8654 -15.2782 0
    endloop
  endfacet
  facet normal 0.683612 0.729846 -0
    outer loop
      vertex -18.132 -20.6756 0
      vertex -19.4454 -19.4454 9
      vertex -18.132 -20.6756 9
    endloop
  endfacet
  facet normal 0.683612 0.729846 0
    outer loop
      vertex -19.4454 -19.4454 9
      vertex -18.132 -20.6756 0
      vertex -19.4454 -19.4454 0
    endloop
  endfacet
  facet normal -0.683612 0.729846 0
    outer loop
      vertex 19.4454 -19.4454 0
      vertex 18.132 -20.6756 9
      vertex 19.4454 -19.4454 9
    endloop
  endfacet
  facet normal -0.683612 0.729846 0
    outer loop
      vertex 18.132 -20.6756 9
      vertex 19.4454 -19.4454 0
      vertex 18.132 -20.6756 0
    endloop
  endfacet
  facet normal -0.773023 0.634378 0
    outer loop
      vertex 20.6756 -18.132 0
      vertex 21.8172 -16.7409 9
      vertex 21.8172 -16.7409 0
    endloop
  endfacet
  facet normal -0.773023 0.634378 0
    outer loop
      vertex 21.8172 -16.7409 9
      vertex 20.6756 -18.132 0
      vertex 20.6756 -18.132 9
    endloop
  endfacet
  facet normal -0.849201 0.52807 0
    outer loop
      vertex 22.8654 -15.2782 0
      vertex 23.8157 -13.75 9
      vertex 23.8157 -13.75 0
    endloop
  endfacet
  facet normal -0.849201 0.52807 0
    outer loop
      vertex 23.8157 -13.75 9
      vertex 22.8654 -15.2782 0
      vertex 22.8654 -15.2782 9
    endloop
  endfacet
  facet normal 0.0327303 -0.999464 0
    outer loop
      vertex -1.79859 27.4411 0
      vertex 0 27.5 9
      vertex -1.79859 27.4411 9
    endloop
  endfacet
  facet normal 0.0327303 -0.999464 0
    outer loop
      vertex 0 27.5 9
      vertex -1.79859 27.4411 0
      vertex 0 27.5 0
    endloop
  endfacet
  facet normal -0.812835 -0.582494 0
    outer loop
      vertex 22.8654 15.2782 0
      vertex 21.8172 16.7409 9
      vertex 21.8172 16.7409 0
    endloop
  endfacet
  facet normal -0.812835 -0.582494 0
    outer loop
      vertex 21.8172 16.7409 9
      vertex 22.8654 15.2782 0
      vertex 22.8654 15.2782 9
    endloop
  endfacet
  facet normal 0.999464 0.0327303 0
    outer loop
      vertex -27.4411 -1.79859 9
      vertex -27.5 0 0
      vertex -27.5 0 9
    endloop
  endfacet
  facet normal 0.999464 0.0327303 0
    outer loop
      vertex -27.5 0 0
      vertex -27.4411 -1.79859 9
      vertex -27.4411 -1.79859 0
    endloop
  endfacet
  facet normal 0.881926 0.471387 0
    outer loop
      vertex -23.8157 -13.75 9
      vertex -24.664 -12.1629 0
      vertex -24.664 -12.1629 9
    endloop
  endfacet
  facet normal 0.881926 0.471387 0
    outer loop
      vertex -24.664 -12.1629 0
      vertex -23.8157 -13.75 9
      vertex -23.8157 -13.75 0
    endloop
  endfacet
  facet normal 0.910857 0.412722 0
    outer loop
      vertex -24.664 -12.1629 9
      vertex -25.4067 -10.5238 0
      vertex -25.4067 -10.5238 9
    endloop
  endfacet
  facet normal 0.910857 0.412722 0
    outer loop
      vertex -25.4067 -10.5238 0
      vertex -24.664 -12.1629 9
      vertex -24.664 -12.1629 0
    endloop
  endfacet
  facet normal -0.0980247 0.995184 0
    outer loop
      vertex 3.58947 -27.2647 0
      vertex 1.79859 -27.4411 9
      vertex 3.58947 -27.2647 9
    endloop
  endfacet
  facet normal -0.0980247 0.995184 0
    outer loop
      vertex 1.79859 -27.4411 9
      vertex 3.58947 -27.2647 0
      vertex 1.79859 -27.4411 0
    endloop
  endfacet
  facet normal -0.0980247 -0.995184 0
    outer loop
      vertex 1.79859 27.4411 0
      vertex 3.58947 27.2647 9
      vertex 1.79859 27.4411 9
    endloop
  endfacet
  facet normal -0.0980247 -0.995184 -0
    outer loop
      vertex 3.58947 27.2647 9
      vertex 1.79859 27.4411 0
      vertex 3.58947 27.2647 0
    endloop
  endfacet
  facet normal -0.412722 -0.910857 0
    outer loop
      vertex 10.5238 25.4067 0
      vertex 12.1629 24.664 9
      vertex 10.5238 25.4067 9
    endloop
  endfacet
  facet normal -0.412722 -0.910857 -0
    outer loop
      vertex 12.1629 24.664 9
      vertex 10.5238 25.4067 0
      vertex 12.1629 24.664 0
    endloop
  endfacet
  facet normal -0.995184 0.0980247 0
    outer loop
      vertex 27.2647 -3.58947 0
      vertex 27.4411 -1.79859 9
      vertex 27.4411 -1.79859 0
    endloop
  endfacet
  facet normal -0.995184 0.0980247 0
    outer loop
      vertex 27.4411 -1.79859 9
      vertex 27.2647 -3.58947 0
      vertex 27.2647 -3.58947 9
    endloop
  endfacet
  facet normal -0.412722 0.910857 0
    outer loop
      vertex 12.1629 -24.664 0
      vertex 10.5238 -25.4067 9
      vertex 12.1629 -24.664 9
    endloop
  endfacet
  facet normal -0.412722 0.910857 0
    outer loop
      vertex 10.5238 -25.4067 9
      vertex 12.1629 -24.664 0
      vertex 10.5238 -25.4067 0
    endloop
  endfacet
  facet normal -0.956937 0.290294 0
    outer loop
      vertex 26.0406 -8.83958 0
      vertex 26.563 -7.11752 9
      vertex 26.563 -7.11752 0
    endloop
  endfacet
  facet normal -0.956937 0.290294 0
    outer loop
      vertex 26.563 -7.11752 9
      vertex 26.0406 -8.83958 0
      vertex 26.0406 -8.83958 9
    endloop
  endfacet
  facet normal -0.471387 -0.881926 0
    outer loop
      vertex 12.1629 24.664 0
      vertex 13.75 23.8157 9
      vertex 12.1629 24.664 9
    endloop
  endfacet
  facet normal -0.471387 -0.881926 -0
    outer loop
      vertex 13.75 23.8157 9
      vertex 12.1629 24.664 0
      vertex 13.75 23.8157 0
    endloop
  endfacet
  facet normal -0.582494 -0.812835 0
    outer loop
      vertex 15.2782 22.8654 0
      vertex 16.7409 21.8172 9
      vertex 15.2782 22.8654 9
    endloop
  endfacet
  facet normal -0.582494 -0.812835 -0
    outer loop
      vertex 16.7409 21.8172 9
      vertex 15.2782 22.8654 0
      vertex 16.7409 21.8172 0
    endloop
  endfacet
  facet normal -0.634378 0.773023 0
    outer loop
      vertex 18.132 -20.6756 0
      vertex 16.7409 -21.8172 9
      vertex 18.132 -20.6756 9
    endloop
  endfacet
  facet normal -0.634378 0.773023 0
    outer loop
      vertex 16.7409 -21.8172 9
      vertex 18.132 -20.6756 0
      vertex 16.7409 -21.8172 0
    endloop
  endfacet
  facet normal -0.162875 -0.986647 0
    outer loop
      vertex 3.58947 27.2647 0
      vertex 5.36498 26.9716 9
      vertex 3.58947 27.2647 9
    endloop
  endfacet
  facet normal -0.162875 -0.986647 -0
    outer loop
      vertex 5.36498 26.9716 9
      vertex 3.58947 27.2647 0
      vertex 5.36498 26.9716 0
    endloop
  endfacet
  facet normal -0.729846 -0.683612 0
    outer loop
      vertex 20.6756 18.132 0
      vertex 19.4454 19.4454 9
      vertex 19.4454 19.4454 0
    endloop
  endfacet
  facet normal -0.729846 -0.683612 0
    outer loop
      vertex 19.4454 19.4454 9
      vertex 20.6756 18.132 0
      vertex 20.6756 18.132 9
    endloop
  endfacet
  facet normal 0.52807 0.849201 -0
    outer loop
      vertex -13.75 -23.8157 0
      vertex -15.2782 -22.8654 9
      vertex -13.75 -23.8157 9
    endloop
  endfacet
  facet normal 0.52807 0.849201 0
    outer loop
      vertex -15.2782 -22.8654 9
      vertex -13.75 -23.8157 0
      vertex -15.2782 -22.8654 0
    endloop
  endfacet
  facet normal -0.582494 0.812835 0
    outer loop
      vertex 16.7409 -21.8172 0
      vertex 15.2782 -22.8654 9
      vertex 16.7409 -21.8172 9
    endloop
  endfacet
  facet normal -0.582494 0.812835 0
    outer loop
      vertex 15.2782 -22.8654 9
      vertex 16.7409 -21.8172 0
      vertex 15.2782 -22.8654 0
    endloop
  endfacet
  facet normal 0.582494 -0.812835 0
    outer loop
      vertex -16.7409 21.8172 0
      vertex -15.2782 22.8654 9
      vertex -16.7409 21.8172 9
    endloop
  endfacet
  facet normal 0.582494 -0.812835 0
    outer loop
      vertex -15.2782 22.8654 9
      vertex -16.7409 21.8172 0
      vertex -15.2782 22.8654 0
    endloop
  endfacet
  facet normal 0.773023 -0.634378 0
    outer loop
      vertex -21.8172 16.7409 9
      vertex -20.6756 18.132 0
      vertex -20.6756 18.132 9
    endloop
  endfacet
  facet normal 0.773023 -0.634378 0
    outer loop
      vertex -20.6756 18.132 0
      vertex -21.8172 16.7409 9
      vertex -21.8172 16.7409 0
    endloop
  endfacet
  facet normal 0.910857 -0.412722 0
    outer loop
      vertex -25.4067 10.5238 9
      vertex -24.664 12.1629 0
      vertex -24.664 12.1629 9
    endloop
  endfacet
  facet normal 0.910857 -0.412722 0
    outer loop
      vertex -24.664 12.1629 0
      vertex -25.4067 10.5238 9
      vertex -25.4067 10.5238 0
    endloop
  endfacet
  facet normal 0.995184 0.0980247 0
    outer loop
      vertex -27.2647 -3.58947 9
      vertex -27.4411 -1.79859 0
      vertex -27.4411 -1.79859 9
    endloop
  endfacet
  facet normal 0.995184 0.0980247 0
    outer loop
      vertex -27.4411 -1.79859 0
      vertex -27.2647 -3.58947 9
      vertex -27.2647 -3.58947 0
    endloop
  endfacet
  facet normal 0.352252 0.935905 -0
    outer loop
      vertex -8.83958 -26.0406 0
      vertex -10.5238 -25.4067 9
      vertex -8.83958 -26.0406 9
    endloop
  endfacet
  facet normal 0.352252 0.935905 0
    outer loop
      vertex -10.5238 -25.4067 9
      vertex -8.83958 -26.0406 0
      vertex -10.5238 -25.4067 0
    endloop
  endfacet
  facet normal 0.935905 -0.352252 0
    outer loop
      vertex -26.0406 8.83958 9
      vertex -25.4067 10.5238 0
      vertex -25.4067 10.5238 9
    endloop
  endfacet
  facet normal 0.935905 -0.352252 0
    outer loop
      vertex -25.4067 10.5238 0
      vertex -26.0406 8.83958 9
      vertex -26.0406 8.83958 0
    endloop
  endfacet
  facet normal 0.849201 -0.52807 0
    outer loop
      vertex -23.8157 13.75 9
      vertex -22.8654 15.2782 0
      vertex -22.8654 15.2782 9
    endloop
  endfacet
  facet normal 0.849201 -0.52807 0
    outer loop
      vertex -22.8654 15.2782 0
      vertex -23.8157 13.75 9
      vertex -23.8157 13.75 0
    endloop
  endfacet
  facet normal 0.227058 0.973881 -0
    outer loop
      vertex -5.36498 -26.9716 0
      vertex -7.11752 -26.563 9
      vertex -5.36498 -26.9716 9
    endloop
  endfacet
  facet normal 0.227058 0.973881 0
    outer loop
      vertex -7.11752 -26.563 9
      vertex -5.36498 -26.9716 0
      vertex -7.11752 -26.563 0
    endloop
  endfacet
  facet normal 0.812835 -0.582494 0
    outer loop
      vertex -22.8654 15.2782 9
      vertex -21.8172 16.7409 0
      vertex -21.8172 16.7409 9
    endloop
  endfacet
  facet normal 0.812835 -0.582494 0
    outer loop
      vertex -21.8172 16.7409 0
      vertex -22.8654 15.2782 9
      vertex -22.8654 15.2782 0
    endloop
  endfacet
  facet normal -0.162875 0.986647 0
    outer loop
      vertex 5.36498 -26.9716 0
      vertex 3.58947 -27.2647 9
      vertex 5.36498 -26.9716 9
    endloop
  endfacet
  facet normal -0.162875 0.986647 0
    outer loop
      vertex 3.58947 -27.2647 9
      vertex 5.36498 -26.9716 0
      vertex 3.58947 -27.2647 0
    endloop
  endfacet
  facet normal -0.290294 -0.956937 0
    outer loop
      vertex 7.11752 26.563 0
      vertex 8.83958 26.0406 9
      vertex 7.11752 26.563 9
    endloop
  endfacet
  facet normal -0.290294 -0.956937 -0
    outer loop
      vertex 8.83958 26.0406 9
      vertex 7.11752 26.563 0
      vertex 8.83958 26.0406 0
    endloop
  endfacet
  facet normal -0.352252 -0.935905 0
    outer loop
      vertex 8.83958 26.0406 0
      vertex 10.5238 25.4067 9
      vertex 8.83958 26.0406 9
    endloop
  endfacet
  facet normal -0.352252 -0.935905 -0
    outer loop
      vertex 10.5238 25.4067 9
      vertex 8.83958 26.0406 0
      vertex 10.5238 25.4067 0
    endloop
  endfacet
  facet normal 0.881926 -0.471387 0
    outer loop
      vertex -24.664 12.1629 9
      vertex -23.8157 13.75 0
      vertex -23.8157 13.75 9
    endloop
  endfacet
  facet normal 0.881926 -0.471387 0
    outer loop
      vertex -23.8157 13.75 0
      vertex -24.664 12.1629 9
      vertex -24.664 12.1629 0
    endloop
  endfacet
  facet normal 0.986647 -0.162875 0
    outer loop
      vertex -27.2647 3.58947 9
      vertex -26.9716 5.36498 0
      vertex -26.9716 5.36498 9
    endloop
  endfacet
  facet normal 0.986647 -0.162875 0
    outer loop
      vertex -26.9716 5.36498 0
      vertex -27.2647 3.58947 9
      vertex -27.2647 3.58947 0
    endloop
  endfacet
  facet normal -0.773023 -0.634378 0
    outer loop
      vertex 21.8172 16.7409 0
      vertex 20.6756 18.132 9
      vertex 20.6756 18.132 0
    endloop
  endfacet
  facet normal -0.773023 -0.634378 0
    outer loop
      vertex 20.6756 18.132 9
      vertex 21.8172 16.7409 0
      vertex 21.8172 16.7409 9
    endloop
  endfacet
  facet normal 0.412722 -0.910857 0
    outer loop
      vertex -12.1629 24.664 0
      vertex -10.5238 25.4067 9
      vertex -12.1629 24.664 9
    endloop
  endfacet
  facet normal 0.412722 -0.910857 0
    outer loop
      vertex -10.5238 25.4067 9
      vertex -12.1629 24.664 0
      vertex -10.5238 25.4067 0
    endloop
  endfacet
  facet normal 0.773023 0.634378 0
    outer loop
      vertex -20.6756 -18.132 9
      vertex -21.8172 -16.7409 0
      vertex -21.8172 -16.7409 9
    endloop
  endfacet
  facet normal 0.773023 0.634378 0
    outer loop
      vertex -21.8172 -16.7409 0
      vertex -20.6756 -18.132 9
      vertex -20.6756 -18.132 0
    endloop
  endfacet
  facet normal 0.162875 0.986647 -0
    outer loop
      vertex -3.58947 -27.2647 0
      vertex -5.36498 -26.9716 9
      vertex -3.58947 -27.2647 9
    endloop
  endfacet
  facet normal 0.162875 0.986647 0
    outer loop
      vertex -5.36498 -26.9716 9
      vertex -3.58947 -27.2647 0
      vertex -5.36498 -26.9716 0
    endloop
  endfacet
  facet normal 0.0980247 0.995184 -0
    outer loop
      vertex -1.79859 -27.4411 0
      vertex -3.58947 -27.2647 9
      vertex -1.79859 -27.4411 9
    endloop
  endfacet
  facet normal 0.0980247 0.995184 0
    outer loop
      vertex -3.58947 -27.2647 9
      vertex -1.79859 -27.4411 0
      vertex -3.58947 -27.2647 0
    endloop
  endfacet
  facet normal -0.881926 0.471387 0
    outer loop
      vertex 23.8157 -13.75 0
      vertex 24.664 -12.1629 9
      vertex 24.664 -12.1629 0
    endloop
  endfacet
  facet normal -0.881926 0.471387 0
    outer loop
      vertex 24.664 -12.1629 9
      vertex 23.8157 -13.75 0
      vertex 23.8157 -13.75 9
    endloop
  endfacet
  facet normal 0.412722 0.910857 -0
    outer loop
      vertex -10.5238 -25.4067 0
      vertex -12.1629 -24.664 9
      vertex -10.5238 -25.4067 9
    endloop
  endfacet
  facet normal 0.412722 0.910857 0
    outer loop
      vertex -12.1629 -24.664 9
      vertex -10.5238 -25.4067 0
      vertex -12.1629 -24.664 0
    endloop
  endfacet
  facet normal 0.582494 0.812835 -0
    outer loop
      vertex -15.2782 -22.8654 0
      vertex -16.7409 -21.8172 9
      vertex -15.2782 -22.8654 9
    endloop
  endfacet
  facet normal 0.582494 0.812835 0
    outer loop
      vertex -16.7409 -21.8172 9
      vertex -15.2782 -22.8654 0
      vertex -16.7409 -21.8172 0
    endloop
  endfacet
endsolid OpenSCAD_Model
